{"stats":{"minecraft:killed":{"hordes:zombie_player":4,"minecraft:chicken":2,"alexsmobs:kangaroo":2,"minecraft:pig":2,"minecraft:zombie_villager":1,"minecraft:wandering_trader":1,"minecraft:trader_llama":1,"minecraft:zombie":45,"alexsmobs:fly":1,"minecraft:cow":2},"minecraft:custom":{"minecraft:mob_kills":62,"minecraft:interact_with_crafting_table":31,"minecraft:open_barrel":12,"minecraft:damage_dealt_resisted":346,"minecraft:leave_game":4,"minecraft:time_since_death":11277,"minecraft:climb_one_cm":25724,"minecraft:sprint_one_cm":308407,"minecraft:walk_one_cm":266823,"minecraft:drop":78,"minecraft:damage_dealt_absorbed":48,"minecraft:talked_to_villager":3,"minecraft:play_time":143894,"minecraft:deaths":14,"minecraft:sneak_time":4733,"minecraft:walk_under_water_one_cm":31485,"minecraft:boat_one_cm":510528,"minecraft:jump":3002,"minecraft:walk_on_water_one_cm":41476,"minecraft:total_world_time":143894,"minecraft:interact_with_furnace":38,"minecraft:sleep_in_bed":5,"minecraft:time_since_rest":11319,"minecraft:damage_taken":5161,"minecraft:damage_dealt":12189,"minecraft:swim_one_cm":118075,"minecraft:fly_one_cm":513144,"minecraft:open_chest":7,"minecraft:crouch_one_cm":11687,"minecraft:fall_one_cm":87090,"minecraft:horse_one_cm":99862},"minecraft:used":{"minecraft:oak_fence":1,"minecraft:white_terracotta":1,"minecraft:iron_sword":6,"minecraft:rotten_flesh":1,"minecraft:iron_chestplate":1,"minecraft:orange_bed":2,"minecraft:torch":44,"minecraft:dirt":2,"alexsmobs:cooked_kangaroo_meat":3,"minecraft:wooden_axe":36,"minecraft:iron_axe":36,"minecraft:iron_boots":2,"marbledsarsenal:police_baton":246,"minecraft:furnace":5,"minecraft:birch_planks":45,"minecraft:stone_pickaxe":17,"minecraft:oak_planks":6,"minecraft:wooden_pickaxe":6,"minecraft:birch_boat":1,"minecraft:red_bed":1,"minecraft:crafting_table":12,"minecraft:oak_log":3,"alexsmobs:flying_fish":1,"minecraft:diamond_pickaxe":50,"minecraft:bread":22,"minecraft:iron_pickaxe":251,"minecraft:diamond_ore":2,"minecraft:stone_axe":21,"minecraft:wooden_sword":9,"minecraft:cobblestone":47,"minecraft:cooked_porkchop":5,"minecraft:bucket":1,"minecraft:oak_boat":2,"alexsmobs:animal_dictionary":3},"minecraft:crafted":{"minecraft:wooden_sword":2,"minecraft:oak_planks":76,"ecologics:coconut_planks":8,"minecraft:birch_boat":1,"minecraft:furnace":2,"minecraft:iron_boots":2,"minecraft:iron_axe":1,"minecraft:stone_pickaxe":2,"minecraft:wheat":108,"minecraft:cooked_porkchop":5,"minecraft:crafting_table":8,"minecraft:wooden_pickaxe":2,"alexsmobs:cooked_kangaroo_meat":3,"minecraft:bucket":1,"minecraft:birch_planks":96,"minecraft:stone_axe":1,"minecraft:bread":36,"minecraft:air":0,"minecraft:oak_boat":2,"minecraft:iron_chestplate":1,"minecraft:diamond_pickaxe":1,"minecraft:stick":40,"minecraft:iron_ingot":37,"minecraft:iron_pickaxe":1,"minecraft:wooden_axe":2,"minecraft:iron_leggings":1,"minecraft:gold_ingot":7,"minecraft:torch":40},"minecraft:broken":{"minecraft:iron_pickaxe":1},"minecraft:picked_up":{"minecraft:wooden_axe":1,"minecraft:crafting_table":6,"minecraft:iron_chestplate":5,"minecraft:chicken":1,"minecraft:wooden_pickaxe":1,"minecraft:gold_block":6,"minecraft:enchanted_book":11,"minecraft:red_bed":1,"minecraft:raw_copper":105,"minecraft:iron_axe":5,"minecraft:wooden_sword":2,"minecraft:iron_leggings":5,"minecraft:cobbled_deepslate":135,"minecraft:beef":8,"minecraft:iron_nugget":18,"minecraft:iron_pickaxe":2,"minecraft:lectern":6,"minecraft:sugar_cane":27,"minecraft:birch_sapling":5,"minecraft:phantom_membrane":5,"minecraft:iron_boots":5,"minecraft:furnace":13,"minecraft:stick":44,"minecraft:raw_iron":196,"marbledsarsenal:police_baton":6,"ecologics:coconut_slice":2,"minecraft:copper_ingot":63,"minecraft:oak_fence":1,"minecraft:torch":37,"minecraft:porkchop":5,"pointblank:gunmetal_nugget":174,"psg:sulphur":11,"minecraft:golden_axe":1,"minecraft:pointed_dripstone":10,"minecraft:redstone":272,"pointblank:ammo45acp":210,"pointblank:m1911a1":6,"minecraft:orange_bed":5,"minecraft:rotten_flesh":13,"ecologics:coconut_log":2,"k_turrets:raw_titanium":1,"minecraft:hay_block":12,"projectvibrantjourneys:cattail":2,"minecraft:bookshelf":10,"minecraft:saddle":1,"minecraft:gold_ingot":125,"minecraft:white_terracotta":1,"alexsmobs:flying_fish":1,"alexsmobs:kangaroo_meat":3,"minecraft:cobblestone":242,"minecraft:birch_log":24,"minecraft:feather":1,"minecraft:leather":24,"minecraft:birch_planks":8,"create:raw_zinc":10,"minecraft:oak_log":72,"minecraft:lily_pad":16,"alexsmobs:cooked_kangaroo_meat":2,"minecraft:gunpowder":45,"marbledsarsenal:cm6m_gas_mask":6,"minecraft:dirt":10,"minecraft:leather_boots":1,"minecraft:bone":9,"minecraft:stone_bricks":1,"minecraft:wheat_seeds":42,"minecraft:raw_gold":147,"minecraft:iron_ingot":80,"minecraft:stone_pickaxe":1,"minecraft:iron_sword":1,"minecraft:oak_planks":3,"minecraft:book":168,"projectvibrantjourneys:light_brown_bark_mushroom":1,"minecraft:cooked_porkchop":3,"minecraft:lava_bucket":5,"minecraft:spider_eye":1,"alexsmobs:kangaroo_hide":3,"minecraft:diamond":18,"minecraft:stone_axe":2,"minecraft:bread":174,"minecraft:emerald":7,"alexsmobs:maggot":1,"projectvibrantjourneys:orange_bark_mushroom":1,"minecraft:oak_sapling":5,"minecraft:coal":465,"minecraft:diamond_pickaxe":4},"minecraft:mined":{"minecraft:diamond_ore":2,"create:deepslate_zinc_ore":2,"minecraft:deepslate_diamond_ore":2,"minecraft:grass_block":3,"ecologics:coconut_log":2,"minecraft:hay_block":12,"minecraft:tall_seagrass":1,"minecraft:furnace":4,"minecraft:brown_stained_glass":1,"minecraft:iron_ore":43,"minecraft:green_stained_glass":1,"minecraft:gold_block":1,"minecraft:bookshelf":8,"minecraft:pointed_dripstone":3,"minecraft:deepslate_iron_ore":8,"minecraft:stone":78,"minecraft:orange_bed":2,"projectvibrantjourneys:cattail":1,"minecraft:deepslate_redstone_ore":11,"minecraft:glass_pane":1,"minecraft:red_bed":2,"psg:deepslate_sulphur_ore":2,"minecraft:oak_fence":1,"minecraft:crafting_table":6,"minecraft:torch":1,"projectvibrantjourneys:twigs":1,"minecraft:lectern":1,"minecraft:copper_ore":1,"minecraft:cobblestone":15,"minecraft:sugar_cane":8,"minecraft:oak_planks":6,"minecraft:wall_torch":3,"minecraft:deepslate_copper_ore":6,"minecraft:white_terracotta":1,"minecraft:birch_log":24,"minecraft:blue_ice":1,"minecraft:birch_leaves":35,"projectvibrantjourneys:sandy_sprouts":1,"k_turrets:titanium_ore":1,"minecraft:grass":4,"minecraft:oak_log":30,"minecraft:coal_ore":93,"projectvibrantjourneys:short_grass":3,"minecraft:oak_fence_gate":1,"minecraft:dirt":7,"minecraft:stone_bricks":1,"minecraft:gold_ore":11,"minecraft:oak_leaves":12,"minecraft:deepslate":28},"minecraft:killed_by":{"hordes:zombie_player":2,"minecraft:zombie_horse":1,"minecraft:drowned":3,"alexsmobs:crocodile":2,"minecraft:zombie":3},"minecraft:dropped":{"minecraft:iron_sword":1,"minecraft:birch_planks":3,"minecraft:wheat_seeds":12,"minecraft:oak_log":10,"minecraft:golden_axe":1,"minecraft:feather":1,"projectvibrantjourneys:orange_bark_mushroom":1,"minecraft:coal":75,"minecraft:stick":8,"minecraft:dirt":8,"minecraft:torch":1,"minecraft:wooden_axe":2,"minecraft:wooden_sword":3,"minecraft:iron_pickaxe":1,"minecraft:orange_bed":1,"minecraft:lily_pad":8,"minecraft:bone":1,"minecraft:stone_axe":2,"alexsmobs:maggot":1,"alexsmobs:animal_dictionary":1,"minecraft:birch_sapling":3,"minecraft:pointed_dripstone":10,"minecraft:chicken":1,"minecraft:rotten_flesh":10,"minecraft:oak_planks":3,"minecraft:iron_boots":1,"psg:sulphur":11,"pointblank:gunmetal_nugget":11,"alexsmobs:kangaroo_hide":3,"projectvibrantjourneys:light_brown_bark_mushroom":1,"minecraft:gunpowder":1,"minecraft:leather_boots":1,"minecraft:oak_sapling":1,"k_turrets:raw_titanium":1,"minecraft:spider_eye":1,"minecraft:stone_bricks":1,"projectvibrantjourneys:cattail":1,"minecraft:wooden_pickaxe":2,"minecraft:beef":4,"minecraft:stone_pickaxe":2,"minecraft:raw_gold":14}},"DataVersion":3465}