{"stats":{"minecraft:killed":{"minecraft:evoker":1,"minecraft:vindicator":7,"aquamirae:golden_moth":1,"aquamirae:maw":3,"minecraft:pillager":13,"aquamirae:anglerfish":1},"minecraft:used":{"simplyswords:diamond_glaive":24,"minecraft:spruce_planks":76,"minecraft:shield":17,"minecraft:iron_sword":54,"minecraft:iron_chestplate":1,"minecraft:torch":2,"immersive_armors:warrior_helmet":1,"minecraft:spruce_fence":2,"minecraft:snowball":16,"aquamirae:esca":1,"minecraft:iron_axe":74,"minecraft:barrel":5,"minecraft:goat_horn":1,"minecraft:iron_leggings":1,"epicfight:skillbook":5,"minecraft:water_bucket":1,"aquamirae:painting_anglerfish":1,"minecraft:oak_planks":5,"minecraft:green_bed":4,"minecraft:crafting_table":4,"minecraft:crossbow":5,"minecraft:white_bed":6,"minecraft:purple_terracotta":2,"minecraft:apple":7,"minecraft:bread":80,"minecraft:iron_pickaxe":1,"minecraft:fishing_rod":15,"aquamirae:dagger_of_greed":189,"minecraft:experience_bottle":8},"minecraft:custom":{"minecraft:mob_kills":27,"minecraft:interact_with_anvil":2,"minecraft:interact_with_crafting_table":5,"minecraft:open_barrel":102,"minecraft:time_since_death":3806,"minecraft:climb_one_cm":6109,"minecraft:sprint_one_cm":707453,"minecraft:walk_one_cm":605110,"minecraft:damage_blocked_by_shield":1590,"minecraft:drop":59,"minecraft:talked_to_villager":9,"minecraft:play_time":146597,"minecraft:deaths":49,"minecraft:sneak_time":2226,"minecraft:walk_under_water_one_cm":32466,"minecraft:boat_one_cm":8727,"minecraft:jump":3516,"minecraft:walk_on_water_one_cm":87074,"minecraft:total_world_time":146597,"spartanshields:shield_bash_hits":5,"minecraft:traded_with_villager":2,"minecraft:sleep_in_bed":5,"minecraft:time_since_rest":3842,"minecraft:damage_taken":16526,"minecraft:damage_dealt":8838,"minecraft:swim_one_cm":197106,"minecraft:fly_one_cm":1255106,"minecraft:player_kills":2,"minecraft:open_chest":53,"minecraft:crouch_one_cm":10721,"minecraft:fall_one_cm":83725},"minecraft:dropped":{"aquamirae:ship_graveyard_echo":2,"minecraft:iron_sword":1,"mowziesmobs:ice_crystal":2,"minecraft:crossbow":6,"minecraft:iron_helmet":2,"minecraft:leather":1,"minecraft:apple":1,"minecraft:leather_helmet":3,"simplyswords:diamond_glaive":1,"minecraft:iron_leggings":3,"minecraft:gold_nugget":1,"minecraft:pumpkin":2,"minecraft:iron_axe":2,"minecraft:string":1,"minecraft:fishing_rod":1,"minecraft:bone":3,"minecraft:goat_horn":1,"alexsmobs:animal_dictionary":1,"aquamirae:dagger_of_greed":2,"minecraft:rotten_flesh":1,"minecraft:iron_boots":1,"minecraft:salmon":1,"aquamirae:anglers_fang":2,"minecraft:leather_chestplate":3,"minecraft:hay_block":2,"aquamirae:fin":3,"aquamirae:esca":1,"minecraft:iron_chestplate":2,"minecraft:leather_boots":1,"minecraft:leather_leggings":4,"minecraft:barrel":1,"sophisticatedbackpacks:copper_backpack":1,"aquamirae:sharp_bones":1},"minecraft:killed_by":{"minecraft:evoker":2,"minecraft:player":4,"minecraft:creeper":1,"minecraft:pillager":8,"alexsmobs:gelada_monkey":1,"aquamirae:anglerfish":1,"minecraft:vindicator":8,"aquamirae:captain_cornelia":6,"minecraft:skeleton":4,"minecraft:zombie":3,"aquamirae:tortured_soul":3,"minecraft:vex":2,"minecraft:illusioner":5},"minecraft:broken":{"immersive_armors:warrior_helmet":1,"minecraft:iron_boots":1,"minecraft:shield":1},"minecraft:picked_up":{"minecraft:crafting_table":1,"minecraft:black_carpet":1,"minecraft:leather_leggings":2,"minecraft:magenta_carpet":5,"minecraft:shield":2,"aquamirae:sharp_bones":1,"minecraft:string":1,"aquamirae:pirate_pouch":1,"minecraft:iron_axe":2,"minecraft:iron_leggings":1,"aquamirae:dagger_of_greed":1,"minecraft:gold_nugget":1,"minecraft:spruce_planks":22,"aquamirae:painting_anglerfish":1,"minecraft:torch":2,"minecraft:green_bed":4,"minecraft:spruce_fence":2,"epicfight:skillbook":2,"aquamirae:esca":3,"minecraft:arrow":7,"minecraft:rotten_flesh":1,"minecraft:hay_block":2,"minecraft:totem_of_undying":1,"minecraft:snowball":32,"minecraft:iron_bars":1,"minecraft:leather_chestplate":2,"minecraft:salmon":1,"minecraft:leather":1,"minecraft:acacia_wood":1,"minecraft:oak_log":12,"minecraft:white_banner":1,"aquamirae:fin":3,"minecraft:leather_boots":1,"minecraft:purple_carpet":5,"minecraft:bone":3,"minecraft:iron_ingot":37,"minecraft:iron_sword":1,"minecraft:book":6,"aquamirae:ship_graveyard_echo":1,"minecraft:pumpkin":2,"aquamirae:anglers_fang":2,"minecraft:spruce_sapling":1,"minecraft:white_bed":6,"minecraft:spruce_log":25,"minecraft:barrel":6,"minecraft:leather_helmet":3,"immersive_armors:warrior_helmet":1,"minecraft:crossbow":5,"minecraft:emerald":92},"minecraft:mined":{"minecraft:spruce_planks":5,"minecraft:white_bed":5,"minecraft:candle":1,"aquamirae:painting_anglerfish":1,"minecraft:spruce_leaves":5,"minecraft:large_fern":1,"minecraft:hay_block":2,"minecraft:barrel":6,"minecraft:acacia_wood":1,"minecraft:pumpkin":3,"minecraft:bookshelf":3,"minecraft:iron_bars":1,"minecraft:packed_ice":3,"minecraft:green_bed":4,"minecraft:crafting_table":1,"minecraft:ice":7,"minecraft:spruce_log":23,"minecraft:grass":3,"minecraft:oak_log":12},"minecraft:crafted":{"minecraft:oak_planks":48,"minecraft:iron_boots":1,"minecraft:iron_axe":1,"minecraft:crafting_table":3,"minecraft:spruce_planks":100,"minecraft:iron_helmet":1,"minecraft:enchanted_book":2,"minecraft:iron_chestplate":2,"minecraft:stick":4,"minecraft:iron_leggings":2}},"DataVersion":3465}