{"stats":{"minecraft:custom":{"minecraft:mob_kills":42,"minecraft:interact_with_crafting_table":18,"minecraft:open_barrel":13,"minecraft:damage_dealt_resisted":923,"minecraft:leave_game":2,"minecraft:time_since_death":16249,"minecraft:climb_one_cm":5107,"minecraft:sprint_one_cm":279504,"minecraft:walk_one_cm":252161,"minecraft:drop":58,"minecraft:play_time":127788,"minecraft:deaths":16,"minecraft:sneak_time":1952,"minecraft:walk_under_water_one_cm":4051,"minecraft:boat_one_cm":611070,"minecraft:interact_with_lectern":3,"minecraft:jump":2094,"minecraft:interact_with_brewingstand":1,"minecraft:walk_on_water_one_cm":9472,"minecraft:total_world_time":127788,"minecraft:interact_with_furnace":25,"minecraft:sleep_in_bed":5,"minecraft:time_since_rest":2743,"minecraft:damage_taken":4883,"minecraft:damage_dealt":8363,"minecraft:player_kills":2,"minecraft:swim_one_cm":40630,"minecraft:fly_one_cm":340618,"minecraft:open_chest":35,"minecraft:crouch_one_cm":6370,"minecraft:fall_one_cm":54890},"minecraft:used":{"minecraft:writable_book":3,"minecraft:flint_and_steel":3,"minecraft:spruce_planks":9,"minecraft:iron_sword":201,"minecraft:cooked_chicken":1,"minecraft:torch":11,"minecraft:jungle_planks":7,"minecraft:carrot":4,"minecraft:dark_oak_planks":7,"minecraft:iron_axe":156,"minecraft:iron_boots":1,"minecraft:light_gray_wool":1,"minecraft:golden_carrot":2,"minecraft:furnace":4,"minecraft:cooked_mutton":6,"minecraft:leather_leggings":3,"minecraft:stone_pickaxe":37,"minecraft:oak_planks":29,"minecraft:wooden_pickaxe":11,"minecraft:white_wool":1,"minecraft:sand":19,"minecraft:crafting_table":5,"minecraft:white_bed":4,"minecraft:bread":2,"minecraft:iron_pickaxe":59,"minecraft:golden_helmet":5,"minecraft:golden_leggings":2,"minecraft:cobblestone":5,"minecraft:oak_boat":2,"minecraft:experience_bottle":1},"minecraft:killed":{"minecraft:spider":3,"born_in_chaos_v1:thornshell_crab":1,"born_in_chaos_v1:baby_skeleton_minion":2,"born_in_chaos_v1:maggot":2,"born_in_chaos_v1:fallen_chaos_knight":1,"born_in_chaos_v1:bone_imp_minion":5,"undead_revamp2:the_moonflower":1,"born_in_chaos_v1:decrepit_skeleton":2,"minecraft:sheep":7,"minecraft:zombie":3,"endofherobrine:cow":1,"endofherobrine:sheep":6,"minecraft:cow":4},"minecraft:dropped":{"minecraft:iron_ingot":7,"minecraft:iron_sword":1,"minecraft:birch_planks":2,"born_in_chaos_v1:shattered_skull":2,"minecraft:golden_helmet":1,"minecraft:ender_pearl":2,"minecraft:diamond":6,"minecraft:dark_oak_slab":2,"biomesoplenty:lavender":1,"born_in_chaos_v1:orbofthe_summoner":1,"man:cassette_1safetyinstructions":1,"minecraft:leather":1,"born_in_chaos_v1:black_argillite_brick_slab":2,"minecraft:mutton":4,"minecraft:crimson_roots":1,"minecraft:potion":1,"minecraft:oak_stairs":1,"minecraft:writable_book":1,"minecraft:sand":45,"born_in_chaos_v1:black_argillite_brick":1,"minecraft:iron_axe":1,"minecraft:iron_pickaxe":1,"minecraft:gray_carpet":19,"minecraft:gold_ingot":17,"born_in_chaos_v1:smoldering_scorched_log":1,"minecraft:furnace":1,"born_in_chaos_v1:black_argillite_brick_stairs":2,"minecraft:black_carpet":7,"born_in_chaos_v1:black_argillite_button":2,"minecraft:rotten_flesh":6,"minecraft:light_gray_wool":1,"sophisticatedbackpacks:backpack":1,"minecraft:white_bed":1,"minecraft:gunpowder":2,"born_in_chaos_v1:chipped_black_argillite_brick":1,"minecraft:spruce_planks":1,"born_in_chaos_v1:corpse_maggot":4,"minecraft:leather_leggings":2,"minecraft:beef":6,"minecraft:stone_pickaxe":3,"minecraft:wooden_pickaxe":2,"minecraft:magma_cream":3},"minecraft:mined":{"minecraft:spruce_planks":3,"minecraft:white_bed":3,"minecraft:jungle_leaves":1,"minecraft:dark_oak_log":3,"minecraft:potted_crimson_fungus":1,"biomesoplenty:bush":2,"born_in_chaos_v1:black_argillite":2,"minecraft:crimson_roots":2,"biomesoplenty:flowering_oak_leaves":1,"minecraft:spawner":2,"minecraft:magma_block":1,"minecraft:furnace":3,"minecraft:iron_ore":15,"minecraft:polished_basalt":1,"born_in_chaos_v1:black_argillite_brick_slab":1,"minecraft:fire":3,"born_in_chaos_v1:black_argillite_brick_stairs":7,"biomesoplenty:lavender":1,"minecraft:black_carpet":12,"minecraft:gold_block":2,"minecraft:bookshelf":12,"minecraft:oak_stairs":1,"minecraft:stone":29,"minecraft:iron_block":2,"minecraft:white_wool":1,"minecraft:crafting_table":3,"minecraft:torch":2,"minecraft:tall_grass":1,"minecraft:cobblestone":9,"born_in_chaos_v1:chipped_black_argillite_brick":1,"biomesoplenty:sprout":2,"minecraft:oak_planks":48,"minecraft:wall_torch":1,"minecraft:birch_planks":3,"minecraft:light_gray_wool":1,"born_in_chaos_v1:black_argillite_brick":3,"minecraft:grass":23,"biomesoplenty:clover":1,"minecraft:oak_log":19,"minecraft:coal_ore":13,"minecraft:sand":14,"minecraft:gray_carpet":30,"minecraft:oak_leaves":23},"minecraft:killed_by":{"minecraft:player":2,"minecraft:spider":2,"apollyon:the_infector":1,"born_in_chaos_v1:bone_imp_minion":3,"endofherobrine:sheep":1,"man:managgresive":1,"born_in_chaos_v1:supreme_bonescaller_stage_2":1,"antlers:wendigo":1,"endofherobrine:pigman":1,"minecraft:vex":2},"minecraft:crafted":{"minecraft:oak_planks":92,"minecraft:cooked_chicken":1,"minecraft:furnace":2,"minecraft:cooked_mutton":6,"minecraft:iron_boots":1,"minecraft:iron_axe":2,"minecraft:stone_pickaxe":1,"minecraft:dark_oak_planks":16,"minecraft:crafting_table":3,"minecraft:spruce_planks":8,"minecraft:wooden_pickaxe":1,"minecraft:iron_helmet":1,"minecraft:iron_sword":2,"minecraft:air":0,"minecraft:jungle_planks":32,"minecraft:oak_boat":1,"minecraft:iron_chestplate":2,"minecraft:stick":20,"minecraft:iron_ingot":27,"minecraft:iron_pickaxe":1,"minecraft:iron_leggings":1,"minecraft:white_bed":1,"minecraft:torch":8},"minecraft:picked_up":{"sophisticatedbackpacks:gold_backpack":1,"minecraft:crafting_table":2,"minecraft:iron_chestplate":1,"minecraft:black_carpet":7,"born_in_chaos_v1:seedof_chaos":3,"minecraft:leather_leggings":5,"minecraft:wooden_pickaxe":1,"minecraft:oak_stairs":1,"minecraft:gold_block":1,"minecraft:polished_deepslate":9,"minecraft:string":6,"minecraft:iron_axe":10,"minecraft:smooth_stone_slab":2,"born_in_chaos_v1:black_argillite_brick":1,"minecraft:smooth_stone":1,"minecraft:spruce_planks":11,"minecraft:beef":15,"minecraft:oak_boat":1,"minecraft:iron_pickaxe":10,"minecraft:light_gray_wool":2,"minecraft:furnace":6,"minecraft:iron_boots":2,"minecraft:golden_helmet":8,"minecraft:stick":5,"minecraft:raw_iron":16,"born_in_chaos_v1:shattered_skull":3,"minecraft:torch":11,"sophisticatedbackpacks:backpack":1,"born_in_chaos_v1:pileof_dark_metal":3,"born_in_chaos_v1:pieceofdarkmetal":3,"born_in_chaos_v1:black_argillite_brick_stairs":2,"minecraft:dark_oak_planks":9,"minecraft:arrow":33,"minecraft:rotten_flesh":10,"minecraft:polished_basalt":7,"minecraft:iron_block":6,"minecraft:blaze_rod":2,"minecraft:mutton":37,"minecraft:white_wool":8,"minecraft:cobblestone":44,"biomesoplenty:lavender":2,"born_in_chaos_v1:corpse_maggot":4,"minecraft:golden_carrot":1,"minecraft:jungle_log":8,"minecraft:leather":16,"minecraft:golden_leggings":3,"minecraft:filled_map":9,"minecraft:birch_planks":2,"minecraft:oak_log":23,"born_in_chaos_v1:black_argillite_button":2,"minecraft:gunpowder":52,"minecraft:name_tag":2,"minecraft:bone":27,"minecraft:gray_carpet":22,"minecraft:deepslate_brick_slab":4,"minecraft:stone_pickaxe":2,"minecraft:iron_ingot":32,"born_in_chaos_v1:chipped_black_argillite_brick":1,"minecraft:iron_sword":12,"minecraft:oak_planks":181,"minecraft:book":51,"minecraft:dark_oak_slab":3,"born_in_chaos_v1:orbofthe_summoner":1,"minecraft:sand":64,"minecraft:jungle_planks":64,"minecraft:white_bed":5,"minecraft:spruce_log":2,"minecraft:spruce_door":1,"minecraft:dark_oak_log":4,"minecraft:spider_eye":1,"minecraft:diamond":4,"born_in_chaos_v1:black_argillite_brick_slab":2,"minecraft:writable_book":1,"minecraft:golden_apple":2,"minecraft:coal":28,"minecraft:crimson_roots":1}},"DataVersion":3465}