{"stats":{"minecraft:broken":{"minecraft:iron_pickaxe":1},"minecraft:killed":{"minecraft:chicken":2,"alexsmobs:kangaroo":2,"minecraft:pig":2,"minecraft:zombie_villager":6,"minecraft:iron_golem":2,"hordes:drowned_player":4,"minecraft:trader_llama":1,"minecraft:pillager":4,"minecraft:zombie":99,"alexsmobs:fly":3,"minecraft:cow":2,"hordes:zombie_player":12,"minecraft:drowned":9,"minecraft:wandering_trader":1},"minecraft:picked_up":{"minecraft:wooden_axe":1,"minecraft:iron_chestplate":18,"minecraft:iron_trapdoor":2,"minecraft:stone_slab":3,"minecraft:lead":12,"minecraft:oak_stairs":7,"pointblank:ammo357":329,"minecraft:enchanted_book":22,"minecraft:stone_brick_stairs":161,"minecraft:string":10,"minecraft:soul_soil":2,"minecraft:raw_copper":231,"minecraft:iron_leggings":11,"minecraft:smooth_stone":8,"minecraft:cobbled_deepslate":178,"minecraft:bucket":1,"minecraft:spruce_planks":28,"minecraft:iron_pickaxe":5,"minecraft:melon_slice":1,"pointblank:workstation":24,"minecraft:furnace":27,"minecraft:iron_boots":13,"pointblank:gunmetal_ingot":2,"minecraft:stick":198,"marbledsarsenal:police_baton":7,"minecraft:composter":3,"minecraft:oak_fence":1,"minecraft:torch":258,"minecraft:porkchop":5,"psg:sulphur":31,"minecraft:golden_axe":1,"minecraft:pointed_dripstone":10,"pointblank:ammo45acp":230,"pointblank:m1911a1":15,"minecraft:orange_bed":13,"minecraft:andesite_wall":36,"minecraft:rotten_flesh":122,"ecologics:coconut_log":2,"farmersdelight:rope":38,"projectvibrantjourneys:cattail":3,"minecraft:bookshelf":20,"minecraft:white_terracotta":1,"minecraft:iron_bars":1,"alexsmobs:flying_fish":1,"minecraft:cobblestone":617,"minecraft:birch_log":73,"minecraft:leather_chestplate":3,"minecraft:feather":1,"minecraft:cherry_planks":30,"minecraft:andesite":1,"projectvibrantjourneys:fallen_leaves":4,"ecologics:coconut_planks":296,"minecraft:golden_leggings":1,"minecraft:smoker":4,"minecraft:potato":17,"minecraft:flint":3,"minecraft:tuff":1,"create:raw_zinc":14,"max_armory:diamond_katana":2,"alexsmobs:cooked_kangaroo_meat":2,"minecraft:lapis_lazuli":163,"minecraft:dirt":11,"minecraft:lantern":6,"minecraft:leather_boots":1,"minecraft:bone":19,"minecraft:acacia_planks":4,"minecraft:stonecutter":2,"minecraft:bow":7,"minecraft:wheat_seeds":48,"minecraft:raw_gold":306,"minecraft:grindstone":2,"minecraft:fletching_table":1,"minecraft:mossy_stone_bricks":15,"minecraft:oak_planks":28,"minecraft:mossy_stone_brick_stairs":13,"minecraft:cooked_porkchop":7,"ecologics:coconut_husk":1,"minecraft:stripped_spruce_log":7,"minecraft:barrel":1,"minecraft:iron_hoe":3,"alexsmobs:kangaroo_hide":3,"minecraft:diamond":36,"minecraft:crossbow":1,"minecraft:golden_apple":1,"minecraft:emerald":54,"minecraft:bread":532,"alexsmobs:maggot":1,"minecraft:oak_sapling":19,"minecraft:andesite_slab":1,"minecraft:diamond_pickaxe":16,"minecraft:charcoal":2,"minecraft:crafting_table":12,"minecraft:chicken":1,"minecraft:ladder":2,"minecraft:leather_leggings":2,"minecraft:wooden_pickaxe":1,"minecraft:stone_brick_wall":21,"minecraft:gold_block":12,"minecraft:shield":14,"minecraft:oak_trapdoor":17,"minecraft:red_bed":16,"minecraft:iron_axe":14,"minecraft:wooden_sword":5,"tacz:ammo":74,"minecraft:iron_shovel":6,"minecraft:blackstone":14,"minecraft:cracked_stone_bricks":21,"pointblank:rhino":7,"minecraft:beef":8,"minecraft:andesite_stairs":1,"minecraft:oak_boat":1,"minecraft:iron_nugget":271,"minecraft:poppy":2,"minecraft:spruce_slab":20,"minecraft:lectern":11,"minecraft:birch_sapling":30,"minecraft:sugar_cane":27,"minecraft:chest":1,"minecraft:spruce_trapdoor":9,"minecraft:phantom_membrane":8,"minecraft:raw_iron":495,"ecologics:coconut_slice":4,"minecraft:copper_ingot":101,"projectvibrantjourneys:bark_mushroom":3,"pointblank:gunmetal_nugget":565,"minecraft:cookie":6,"minecraft:carrot":7,"minecraft:redstone":752,"minecraft:arrow":218,"k_turrets:raw_titanium":1,"minecraft:hay_block":12,"minecraft:saddle":2,"minecraft:gold_ingot":229,"minecraft:mutton":6,"alexsmobs:kangaroo_meat":3,"minecraft:white_wool":10,"minecraft:tripwire_hook":1,"minecraft:leather":48,"minecraft:filled_map":1,"minecraft:birch_planks":24,"minecraft:mushroom_stew":2,"minecraft:oak_log":273,"minecraft:lily_pad":17,"minecraft:cobblestone_wall":4,"minecraft:yellow_bed":1,"minecraft:gunpowder":245,"minecraft:cobblestone_stairs":12,"projectvibrantjourneys:sea_oats":1,"marbledsarsenal:cm6m_gas_mask":7,"minecraft:apple":34,"minecraft:stone_bricks":164,"minecraft:iron_ingot":192,"minecraft:stone_pickaxe":1,"minecraft:mossy_stone_brick_wall":5,"minecraft:gray_bed":1,"minecraft:iron_sword":12,"minecraft:book":336,"projectvibrantjourneys:light_brown_bark_mushroom":4,"minecraft:scaffolding":1,"minecraft:smooth_basalt":3,"minecraft:dark_oak_slab":11,"minecraft:black_candle":3,"minecraft:gravel":6,"minecraft:lava_bucket":12,"minecraft:spruce_sapling":10,"minecraft:white_bed":6,"minecraft:spruce_log":14,"minecraft:spruce_door":7,"minecraft:spider_eye":2,"minecraft:leather_helmet":1,"minecraft:purple_bed":1,"tacz:modern_kinetic_gun":5,"minecraft:stone_axe":2,"minecraft:iron_helmet":3,"minecraft:diamond_axe":5,"projectvibrantjourneys:orange_bark_mushroom":1,"minecraft:baked_potato":1,"minecraft:damaged_anvil":2,"minecraft:coal":948,"minecraft:ender_pearl":1},"minecraft:used":{"minecraft:iron_shovel":8,"minecraft:chest":4,"minecraft:shield":11,"minecraft:white_terracotta":1,"minecraft:iron_sword":324,"ecologics:coconut_planks":58,"minecraft:rotten_flesh":3,"minecraft:iron_chestplate":3,"minecraft:carrot":5,"minecraft:lava_bucket":5,"minecraft:lantern":2,"minecraft:iron_helmet":1,"marbledsarsenal:police_baton":312,"minecraft:stone_brick_stairs":6,"minecraft:stone_bricks":117,"pointblank:workstation":19,"minecraft:bow":64,"minecraft:oak_sapling":9,"minecraft:furnace":7,"minecraft:gray_bed":1,"marbledsarsenal:cm6m_gas_mask":1,"minecraft:blackstone":14,"minecraft:oak_planks":22,"minecraft:stone_pickaxe":17,"minecraft:wooden_pickaxe":6,"minecraft:diamond_axe":364,"minecraft:golden_apple":3,"minecraft:blast_furnace":1,"minecraft:stone_brick_wall":27,"minecraft:dark_oak_log":1,"minecraft:bread":77,"minecraft:lectern":1,"minecraft:diamond_ore":2,"ecologics:coconut_slice":2,"minecraft:wooden_sword":17,"minecraft:grindstone":1,"minecraft:oak_boat":2,"minecraft:oak_fence":1,"minecraft:spruce_planks":2,"minecraft:orange_bed":5,"minecraft:torch":99,"minecraft:dirt":2,"alexsmobs:cooked_kangaroo_meat":3,"farmersdelight:rope":1,"minecraft:wooden_axe":36,"projectvibrantjourneys:fallen_leaves":1,"minecraft:iron_axe":216,"minecraft:iron_boots":5,"minecraft:smooth_basalt":3,"minecraft:cobbled_deepslate":7,"minecraft:iron_leggings":2,"minecraft:birch_planks":45,"minecraft:birch_boat":1,"minecraft:stonecutter":1,"minecraft:fletching_table":1,"minecraft:crafting_table":16,"minecraft:red_bed":8,"minecraft:white_bed":2,"minecraft:oak_log":6,"alexsmobs:flying_fish":1,"minecraft:diamond_pickaxe":636,"minecraft:iron_pickaxe":257,"minecraft:spruce_sapling":5,"minecraft:stone_axe":21,"minecraft:cobblestone":54,"minecraft:purple_bed":1,"minecraft:cooked_porkchop":7,"max_armory:diamond_katana":5,"minecraft:bucket":5,"minecraft:yellow_bed":1,"alexsmobs:animal_dictionary":3},"minecraft:crafted":{"minecraft:oak_planks":552,"minecraft:birch_boat":1,"minecraft:iron_boots":4,"minecraft:chest":3,"minecraft:emerald":39,"minecraft:cooked_porkchop":5,"minecraft:diamond_axe":1,"minecraft:crafting_table":12,"minecraft:spruce_planks":56,"minecraft:wooden_pickaxe":2,"minecraft:iron_helmet":2,"minecraft:copper_ingot":10,"pointblank:m1911a1":1,"minecraft:birch_planks":268,"minecraft:iron_chestplate":2,"minecraft:diamond_pickaxe":1,"minecraft:stick":1304,"minecraft:iron_ingot":83,"minecraft:iron_pickaxe":1,"minecraft:gold_ingot":23,"minecraft:wooden_sword":4,"minecraft:stone_brick_wall":16,"minecraft:iron_nugget":72,"ecologics:coconut_planks":8,"minecraft:furnace":5,"minecraft:blast_furnace":1,"pointblank:rhino":1,"minecraft:iron_axe":1,"minecraft:stone_pickaxe":2,"minecraft:wheat":108,"alexsmobs:cooked_kangaroo_meat":3,"minecraft:bucket":1,"minecraft:stone_axe":1,"minecraft:bread":36,"minecraft:air":0,"minecraft:oak_boat":2,"minecraft:wooden_axe":2,"minecraft:iron_leggings":3,"minecraft:torch":40},"minecraft:killed_by":{"minecraft:pillager":7,"minecraft:zombie_horse":1,"minecraft:drowned":4,"hordes:drowned_player":3,"alexsmobs:crocodile":2,"minecraft:zombie":9,"minecraft:player":2,"hordes:zombie_player":19},"minecraft:mined":{"create:deepslate_zinc_ore":4,"minecraft:spruce_planks":36,"minecraft:white_bed":2,"minecraft:andesite_stairs":1,"minecraft:cobblestone_stairs":12,"minecraft:spruce_trapdoor":32,"minecraft:grass_block":3,"minecraft:stone_brick_wall":21,"minecraft:composter":3,"minecraft:chiseled_stone_bricks":2,"minecraft:red_stained_glass_pane":7,"minecraft:tall_seagrass":1,"minecraft:magma_block":2,"minecraft:brown_stained_glass":1,"minecraft:cobbled_deepslate":2,"minecraft:iron_ore":58,"minecraft:fire":67,"minecraft:barrel":1,"minecraft:fletching_table":1,"minecraft:green_stained_glass":1,"minecraft:dark_oak_stairs":4,"minecraft:pointed_dripstone":3,"minecraft:oak_stairs":7,"minecraft:iron_bars":1,"minecraft:spruce_pressure_plate":2,"minecraft:spruce_slab":24,"minecraft:orange_bed":4,"projectvibrantjourneys:cattail":1,"minecraft:deepslate_redstone_ore":14,"minecraft:red_bed":10,"minecraft:blackstone":15,"minecraft:smoker":2,"minecraft:powder_snow":5,"minecraft:torch":1,"projectvibrantjourneys:twigs":1,"minecraft:chest":1,"minecraft:cobblestone":104,"minecraft:damaged_anvil":1,"minecraft:oak_planks":34,"minecraft:grindstone":1,"projectvibrantjourneys:fallen_leaves":1,"minecraft:sugar_cane":8,"minecraft:wall_torch":6,"minecraft:deepslate_copper_ore":6,"minecraft:white_terracotta":1,"minecraft:stone_stairs":3,"projectvibrantjourneys:light_brown_bark_mushroom":1,"minecraft:dark_oak_slab":11,"minecraft:mossy_stone_brick_wall":5,"minecraft:birch_log":73,"minecraft:blue_ice":1,"minecraft:stone_brick_stairs":63,"minecraft:grass":22,"minecraft:oak_log":154,"projectvibrantjourneys:short_grass":16,"minecraft:oak_fence_gate":1,"minecraft:dirt":8,"minecraft:smooth_basalt":3,"minecraft:stonecutter":1,"minecraft:oak_leaves":54,"minecraft:deepslate":42,"minecraft:diamond_ore":2,"minecraft:tuff":1,"ecologics:coconut_planks":15,"minecraft:deepslate_diamond_ore":5,"minecraft:candle":2,"minecraft:oak_door":1,"projectvibrantjourneys:rocks":2,"psg:sulphur_ore":2,"minecraft:soul_campfire":2,"ecologics:coconut_log":2,"minecraft:spruce_leaves":23,"minecraft:hay_block":12,"minecraft:oak_trapdoor":17,"minecraft:furnace":5,"minecraft:andesite":1,"minecraft:stripped_spruce_log":7,"minecraft:gold_block":1,"minecraft:mossy_stone_brick_stairs":13,"minecraft:bookshelf":8,"minecraft:deepslate_iron_ore":39,"minecraft:lantern":2,"minecraft:stone":86,"minecraft:scaffolding":1,"minecraft:glass_pane":1,"minecraft:cherry_planks":2,"minecraft:spruce_door":1,"psg:deepslate_sulphur_ore":2,"minecraft:oak_fence":1,"minecraft:crafting_table":7,"minecraft:andesite_slab":1,"minecraft:lectern":1,"minecraft:campfire":2,"minecraft:andesite_wall":22,"minecraft:stone_slab":3,"minecraft:copper_ore":1,"minecraft:tall_grass":16,"minecraft:deepslate_coal_ore":3,"minecraft:lapis_ore":4,"minecraft:deepslate_gold_ore":13,"minecraft:lily_pad":2,"minecraft:spruce_stairs":1,"minecraft:purple_bed":1,"minecraft:cobblestone_wall":3,"minecraft:gray_bed":1,"minecraft:spruce_log":14,"minecraft:birch_leaves":88,"minecraft:yellow_bed":1,"k_turrets:titanium_ore":1,"projectvibrantjourneys:sandy_sprouts":1,"minecraft:coal_ore":93,"minecraft:gravel":7,"minecraft:flower_pot":2,"pointblank:workstation":19,"minecraft:cracked_stone_bricks":22,"minecraft:stone_bricks":149,"minecraft:mossy_stone_bricks":9,"minecraft:gold_ore":14,"minecraft:iron_trapdoor":2},"minecraft:custom":{"minecraft:interact_with_crafting_table":45,"minecraft:open_barrel":16,"minecraft:bell_ring":92,"minecraft:leave_game":8,"minecraft:time_since_death":2219,"minecraft:sprint_one_cm":800283,"minecraft:damage_blocked_by_shield":907,"minecraft:drop":182,"minecraft:talked_to_villager":64,"minecraft:play_time":344360,"minecraft:deaths":50,"minecraft:jump":6485,"minecraft:walk_on_water_one_cm":75029,"minecraft:interact_with_furnace":73,"minecraft:traded_with_villager":41,"minecraft:sleep_in_bed":16,"minecraft:damage_dealt":29917,"minecraft:player_kills":1,"minecraft:crouch_one_cm":39635,"minecraft:inspect_dispenser":1,"minecraft:horse_one_cm":99862,"minecraft:inspect_dropper":1,"minecraft:mob_kills":154,"minecraft:damage_dealt_resisted":3824,"minecraft:climb_one_cm":78873,"minecraft:walk_one_cm":731055,"minecraft:damage_dealt_absorbed":48,"minecraft:sneak_time":16766,"minecraft:walk_under_water_one_cm":83668,"minecraft:boat_one_cm":559031,"minecraft:interact_with_blast_furnace":1,"minecraft:total_world_time":344360,"minecraft:interact_with_stonecutter":1,"minecraft:interact_with_grindstone":1,"minecraft:time_since_rest":2247,"minecraft:damage_absorbed":100,"minecraft:damage_taken":17709,"minecraft:swim_one_cm":158218,"minecraft:fly_one_cm":959728,"minecraft:open_chest":106,"minecraft:fall_one_cm":202880},"minecraft:dropped":{"minecraft:iron_sword":1,"minecraft:birch_planks":3,"minecraft:oak_log":10,"minecraft:baked_potato":1,"minecraft:cooked_porkchop":2,"minecraft:crossbow":1,"minecraft:cookie":6,"minecraft:saddle":1,"projectvibrantjourneys:orange_bark_mushroom":1,"minecraft:emerald":4,"minecraft:dirt":8,"minecraft:mutton":3,"minecraft:wooden_sword":6,"minecraft:iron_pickaxe":3,"pointblank:m1911a1":2,"minecraft:white_wool":5,"pointblank:rhino":2,"projectvibrantjourneys:bark_mushroom":3,"minecraft:gold_ingot":17,"minecraft:bone":1,"minecraft:gravel":3,"minecraft:stone_axe":2,"alexsmobs:animal_dictionary":1,"minecraft:andesite_slab":1,"minecraft:birch_sapling":8,"minecraft:pointed_dripstone":10,"minecraft:rotten_flesh":27,"minecraft:oak_planks":3,"minecraft:carrot":1,"psg:sulphur":11,"alexsmobs:kangaroo_hide":3,"minecraft:poppy":1,"minecraft:leather_chestplate":1,"projectvibrantjourneys:light_brown_bark_mushroom":4,"minecraft:gunpowder":3,"minecraft:charcoal":2,"minecraft:leather_boots":1,"k_turrets:raw_titanium":1,"farmersdelight:rope":9,"minecraft:arrow":27,"minecraft:beef":4,"projectvibrantjourneys:cattail":1,"minecraft:iron_ingot":3,"minecraft:bread":95,"minecraft:wheat_seeds":15,"marbledsarsenal:police_baton":1,"pointblank:gunmetal_ingot":2,"minecraft:feather":1,"minecraft:golden_axe":1,"minecraft:iron_helmet":1,"minecraft:apple":31,"minecraft:spruce_door":4,"minecraft:coal":75,"minecraft:mushroom_stew":1,"minecraft:stick":8,"minecraft:lava_bucket":2,"minecraft:torch":16,"minecraft:wooden_axe":2,"minecraft:cherry_planks":30,"minecraft:iron_leggings":1,"minecraft:iron_axe":2,"minecraft:orange_bed":2,"minecraft:lily_pad":8,"minecraft:spruce_sapling":1,"ecologics:coconut_planks":1,"alexsmobs:maggot":1,"minecraft:raw_iron":2,"minecraft:chicken":1,"minecraft:iron_boots":3,"minecraft:iron_hoe":2,"pointblank:gunmetal_nugget":154,"minecraft:potato":9,"max_armory:diamond_katana":2,"minecraft:shield":2,"minecraft:iron_chestplate":1,"minecraft:golden_leggings":1,"minecraft:oak_sapling":1,"minecraft:spider_eye":1,"minecraft:stone_bricks":1,"pointblank:workstation":4,"minecraft:raw_gold":14,"minecraft:stone_pickaxe":2,"minecraft:wooden_pickaxe":2}},"DataVersion":3465}