{"stats":{"minecraft:custom":{"minecraft:interact_with_crafting_table":140,"minecraft:open_barrel":171,"minecraft:bell_ring":19,"minecraft:leave_game":32,"minecraft:time_since_death":27743,"minecraft:damage_blocked_by_shield":1905,"minecraft:play_time":1022564,"minecraft:deaths":54,"minecraft:jump":17920,"minecraft:enchant_item":21,"minecraft:interact_with_furnace":102,"minecraft:traded_with_villager":11,"minecraft:sleep_in_bed":84,"minecraft:damage_dealt":84132,"minecraft:interact_with_smoker":14,"minecraft:horse_one_cm":863335,"minecraft:interact_with_smithing_table":5,"minecraft:interact_with_anvil":54,"minecraft:damage_dealt_absorbed":5,"minecraft:sneak_time":19024,"minecraft:interact_with_lectern":3,"minecraft:interact_with_blast_furnace":48,"minecraft:total_world_time":1022564,"minecraft:time_since_rest":26284,"minecraft:swim_one_cm":791438,"minecraft:fly_one_cm":3482412,"minecraft:open_chest":407,"minecraft:fall_one_cm":462252,"minecraft:damage_resisted":90,"minecraft:sprint_one_cm":3024465,"minecraft:drop":447,"minecraft:talked_to_villager":86,"minecraft:interact_with_brewingstand":6,"minecraft:walk_on_water_one_cm":247662,"minecraft:player_kills":4,"minecraft:crouch_one_cm":59772,"minecraft:mob_kills":484,"minecraft:damage_dealt_resisted":7818,"minecraft:climb_one_cm":20306,"minecraft:walk_one_cm":2228229,"minecraft:raid_win":1,"minecraft:walk_under_water_one_cm":152246,"minecraft:boat_one_cm":1414207,"minecraft:raid_trigger":1,"minecraft:interact_with_grindstone":12,"minecraft:damage_taken":10027035,"minecraft:damage_absorbed":119},"minecraft:used":{"minecraft:writable_book":3,"minecraft:chest":19,"minecraft:stone":802,"born_in_chaos_v1:nightmare_mantleofthe_night_chestplate":5,"born_in_chaos_v1:soul_cutlass":7,"minecraft:lava_bucket":1,"born_in_chaos_v1:sharpened_dark_metal_sword":908,"born_in_chaos_v1:spiny_shell_armor_chestplate":2,"minecraft:bow":65,"minecraft:dark_oak_boat":3,"minecraft:furnace":5,"born_in_chaos_v1:nightmare_mantleofthe_night_boots":2,"born_in_chaos_v1:spiny_shell_armor_helmet":2,"minecraft:leather_leggings":3,"minecraft:wooden_pickaxe":11,"minecraft:composter":10,"minecraft:golden_apple":2,"minecraft:sand":19,"minecraft:blast_furnace":1,"born_in_chaos_v1:holiday_candy":1,"minecraft:birch_fence":49,"born_in_chaos_v1:monster_flesh":1,"born_in_chaos_v1:staffof_magic_arrows":1,"minecraft:lectern":14,"minecraft:diamond_sword":34,"minecraft:smithing_table":1,"minecraft:oak_boat":5,"born_in_chaos_v1:dark_ritual_dagger":10,"minecraft:oak_trapdoor":9,"minecraft:enchanting_table":1,"minecraft:netherrack":2,"minecraft:orange_bed":5,"minecraft:torch":386,"minecraft:iron_axe":373,"born_in_chaos_v1:nightmare_mantleofthe_night_leggings":8,"minecraft:totem_of_undying":1,"minecraft:diamond_chestplate":5,"minecraft:acacia_planks":40,"minecraft:cobbled_deepslate":39,"minecraft:water_bucket":102,"minecraft:birch_planks":1,"minecraft:salmon":1,"minecraft:crafting_table":17,"minecraft:red_bed":15,"minecraft:white_bed":25,"minecraft:oak_log":64,"minecraft:diamond_pickaxe":1142,"minecraft:diamond_shovel":104,"minecraft:iron_pickaxe":192,"born_in_chaos_v1:staffofthe_summoner":342,"minecraft:cobblestone":246,"minecraft:porkchop":2,"minecraft:cooked_porkchop":6,"minecraft:iron_shovel":41,"minecraft:oak_sign":1,"minecraft:shield":25,"minecraft:iron_sword":415,"minecraft:iron_chestplate":1,"minecraft:jungle_planks":7,"minecraft:carrot":4,"minecraft:axolotl_bucket":1,"minecraft:obsidian":28,"minecraft:iron_helmet":2,"minecraft:diamond_boots":7,"minecraft:stone_pickaxe":37,"minecraft:oak_planks":66,"minecraft:ender_pearl":2,"minecraft:diamond_axe":881,"minecraft:white_wool":1,"minecraft:crossbow":9,"minecraft:bread":278,"minecraft:golden_helmet":5,"minecraft:andesite":2,"minecraft:experience_bottle":4,"minecraft:flint_and_steel":3,"undead_revamp2:blacpetalblock":1,"minecraft:spruce_planks":74,"minecraft:cooked_chicken":1,"minecraft:oak_door":1,"minecraft:dirt":29,"minecraft:hopper":17,"minecraft:diamond_helmet":1,"minecraft:granite":5,"minecraft:dark_oak_planks":30,"minecraft:bookshelf":14,"born_in_chaos_v1:nightmare_mantleofthe_night_helmet":1,"minecraft:oak_stairs":27,"minecraft:iron_boots":7,"minecraft:light_gray_wool":1,"minecraft:golden_carrot":2,"minecraft:cooked_beef":9,"minecraft:iron_leggings":3,"minecraft:cooked_mutton":8,"minecraft:birch_boat":1,"minecraft:cobblestone_slab":5,"minecraft:apple":6,"minecraft:golden_leggings":2,"minecraft:white_banner":3,"minecraft:bucket":108,"minecraft:pumpkin_pie":3},"minecraft:crafted":{"minecraft:birch_boat":1,"born_in_chaos_v1:spiny_shell_armor_chestplate":1,"minecraft:diamond_shovel":2,"minecraft:bookshelf":9,"minecraft:cooked_mutton":9,"minecraft:diamond_helmet":1,"minecraft:emerald":8,"minecraft:cooked_porkchop":3,"minecraft:smithing_table":1,"minecraft:lectern":1,"minecraft:iron_pickaxe":1,"minecraft:iron_block":35,"minecraft:netherite_ingot":1,"born_in_chaos_v1:spiny_shell_armor_helmet":3,"minecraft:stone_pickaxe":1,"minecraft:diamond_boots":1,"minecraft:dark_oak_planks":108,"minecraft:golden_helmet":1,"minecraft:wheat":648,"minecraft:enchanted_book":3,"minecraft:golden_apple":11,"minecraft:oak_stairs":76,"minecraft:iron_leggings":3,"minecraft:white_bed":2,"minecraft:oak_planks":988,"minecraft:cobblestone_slab":12,"minecraft:dark_oak_boat":2,"minecraft:cooked_chicken":1,"minecraft:stone":620,"born_in_chaos_v1:dark_metal_ingot":5,"minecraft:hopper":8,"minecraft:bow":1,"minecraft:iron_boots":3,"minecraft:chest":19,"minecraft:oak_button":1,"born_in_chaos_v1:pileof_dark_metal":1,"minecraft:golden_boots":1,"minecraft:oak_slab":6,"biomesoplenty:jacaranda_planks":4,"minecraft:crafting_table":12,"minecraft:spruce_planks":316,"minecraft:wooden_pickaxe":1,"minecraft:iron_helmet":3,"minecraft:birch_planks":320,"born_in_chaos_v1:staffofthe_summoner":1,"minecraft:iron_chestplate":4,"minecraft:diamond_pickaxe":4,"minecraft:shield":1,"minecraft:birch_fence":48,"sophisticatedbackpacks:diamond_backpack":1,"minecraft:stick":460,"minecraft:iron_ingot":60,"born_in_chaos_v1:sharpened_dark_metal_sword":1,"minecraft:furnace":2,"born_in_chaos_v1:nightmare_mantleofthe_night_helmet":1,"minecraft:oak_trapdoor":4,"born_in_chaos_v1:bone_handle":2,"minecraft:iron_axe":2,"minecraft:netherite_scrap":4,"minecraft:cooked_beef":2,"minecraft:iron_sword":3,"minecraft:bucket":5,"minecraft:bread":216,"minecraft:air":0,"minecraft:jungle_planks":32,"minecraft:oak_boat":3,"minecraft:acacia_planks":56,"minecraft:torch":244,"minecraft:diamond_chestplate":1},"minecraft:picked_up":{"born_in_chaos_v1:charmof_stealth":2,"minecraft:iron_chestplate":4,"minecraft:diamond_sword":5,"minecraft:oak_stairs":17,"minecraft:wither_rose":2,"minecraft:enchanted_book":8,"minecraft:polished_deepslate":9,"minecraft:string":146,"minecraft:cooked_salmon":14,"biomesoplenty:tall_lavender":1,"minecraft:gold_nugget":32,"minecraft:cobbled_deepslate":40,"minecraft:spruce_planks":376,"cctvcraft:wooden_board":12,"minecraft:golden_helmet":8,"born_in_chaos_v1:shattered_skull":20,"minecraft:composter":11,"minecraft:acacia_log":15,"born_in_chaos_v1:pileof_dark_metal":7,"born_in_chaos_v1:black_argillite_brick_stairs":4,"cctvcraft:display":1,"undead_revamp2:cloogerribs":34,"minecraft:orange_bed":6,"minecraft:polished_basalt":7,"minecraft:iron_block":12,"minecraft:bookshelf":13,"minecraft:blaze_rod":2,"minecraft:birch_log":88,"biomesoplenty:lavender":40,"born_in_chaos_v1:staffof_magic_arrows":3,"minecraft:feather":7,"minecraft:cooked_beef":16,"born_in_chaos_v1:sharpened_dark_metal_sword":26,"born_in_chaos_v1:spiritual_dust":46,"minecraft:water_bucket":12,"minecraft:jungle_log":8,"minecraft:dark_oak_boat":1,"minecraft:smoker":5,"minecraft:stripped_spruce_wood":1,"born_in_chaos_v1:black_argillite_button":3,"minecraft:map":1,"undead_revamp2:blacpetalblock":4,"minecraft:diamond_helmet":5,"born_in_chaos_v1:nightmare_mantleofthe_night_leggings":24,"minecraft:ink_sac":2,"minecraft:dark_oak_log":32,"undead_revamp2:heavytooth":2,"minecraft:snout_armor_trim_smithing_template":1,"dixtas_armory:pole":1,"minecraft:writable_book":1,"minecraft:granite":13,"minecraft:bread":1247,"born_in_chaos_v1:rotten_fish":8,"minecraft:dark_oak_fence":1,"minecraft:diamond_pickaxe":40,"minecraft:crimson_roots":1,"sophisticatedbackpacks:gold_backpack":10,"minecraft:crafting_table":6,"minecraft:leather_leggings":6,"born_in_chaos_v1:seedof_chaos":11,"born_in_chaos_v1:charmof_resistance":1,"minecraft:red_bed":21,"minecraft:flint_and_steel":2,"minecraft:iron_shovel":9,"born_in_chaos_v1:black_argillite_brick":1,"minecraft:beef":41,"born_in_chaos_v1:gnawed_bones":3,"minecraft:chest":12,"minecraft:birch_sapling":26,"minecraft:egg":2,"minecraft:stone":623,"minecraft:oak_door":5,"sophisticatedbackpacks:backpack":1,"born_in_chaos_v1:pieceofdarkmetal":49,"minecraft:carrot":2,"minecraft:redstone":5,"minecraft:diamond_chestplate":9,"biomesoplenty:jacaranda_log":1,"minecraft:peony":2,"minecraft:diamond_boots":16,"minecraft:hay_block":76,"born_in_chaos_v1:dark_ritual_dagger":3,"born_in_chaos_v1:spiny_shell":39,"minecraft:totem_of_undying":2,"minecraft:gold_ingot":435,"cctvcraft:solar_panel":1,"sophisticatedbackpacks:copper_backpack":1,"minecraft:mutton":60,"minecraft:white_wool":23,"born_in_chaos_v1:nightmare_mantleofthe_night_boots":5,"born_in_chaos_v1:monster_flesh":16,"minecraft:filled_map":9,"minecraft:oak_log":480,"minecraft:ancient_debris":4,"minecraft:golden_boots":1,"minecraft:blue_bed":4,"minecraft:paper":2,"minecraft:white_banner":15,"sophisticatedbackpacks:upgrade_base":1,"born_in_chaos_v1:soul_cutlass":1,"minecraft:apple":152,"born_in_chaos_v1:smoked_flesh":8,"minecraft:stone_pickaxe":2,"minecraft:glass_bottle":2,"minecraft:iron_sword":15,"minecraft:dark_oak_slab":3,"sasquatch:sasquatch_detector":1,"born_in_chaos_v1:orbofthe_summoner":3,"born_in_chaos_v1:ethereal_spirit":15,"minecraft:spruce_sapling":1,"minecraft:spruce_log":81,"biomesoplenty:flowering_oak_sapling":2,"minecraft:diamond_shovel":7,"minecraft:slime_ball":24,"born_in_chaos_v1:black_argillite_brick_slab":2,"minecraft:diamond_axe":30,"minecraft:melon_seeds":1,"minecraft:hopper":9,"minecraft:ender_pearl":25,"minecraft:black_carpet":7,"minecraft:wheat":10,"minecraft:potion":6,"born_in_chaos_v1:black_argillite_wall":1,"born_in_chaos_v1:holiday_candy":41,"cctvcraft:regular_round":1,"minecraft:smooth_stone_slab":2,"minecraft:iron_leggings":9,"minecraft:oak_sign":2,"born_in_chaos_v1:dark_metal_ingot":3,"minecraft:smooth_stone":1,"minecraft:bucket":2,"born_in_chaos_v1:nightmare_mantleofthe_night_helmet":4,"minecraft:rose_bush":3,"minecraft:redstone_torch":2,"minecraft:iron_pickaxe":12,"minecraft:iron_boots":14,"minecraft:furnace":7,"minecraft:tipped_arrow":9,"minecraft:stick":995,"minecraft:torch":418,"minecraft:porkchop":13,"minecraft:rotten_flesh":124,"minecraft:obsidian":48,"undead_revamp2:arapholia":3,"minecraft:blaze_powder":14,"minecraft:cobblestone":3167,"minecraft:enchanting_table":6,"born_in_chaos_v1:spiny_shell_armor_helmet":6,"minecraft:andesite":5,"minecraft:golden_leggings":3,"minecraft:lapis_lazuli":428,"minecraft:dirt":195,"antlers:tomahawkitem":165,"born_in_chaos_v1:staffofthe_summoner":27,"minecraft:name_tag":4,"born_in_chaos_v1:monster_skin":49,"minecraft:bone":257,"minecraft:acacia_planks":92,"minecraft:bow":8,"minecraft:wheat_seeds":29,"minecraft:deepslate_brick_slab":6,"minecraft:raw_gold":2,"minecraft:bamboo":79,"minecraft:oak_planks":638,"minecraft:cooked_porkchop":6,"minecraft:axolotl_bucket":4,"minecraft:oak_pressure_plate":1,"minecraft:sand":64,"minecraft:jungle_planks":64,"minecraft:mossy_cobblestone":2,"minecraft:sugar":1,"born_in_chaos_v1:fire_dust":6,"minecraft:diamond":12,"minecraft:spruce_boat":1,"minecraft:crossbow":7,"minecraft:bone_meal":1,"minecraft:golden_apple":117,"minecraft:emerald":75,"minecraft:oak_sapling":21,"minecraft:netherrack":14,"undead_revamp2:bostroxingot":2,"born_in_chaos_v1:diamond_termite_shard":12,"minecraft:chicken":4,"minecraft:wooden_pickaxe":1,"minecraft:gold_block":1,"minecraft:chain":14,"minecraft:shield":28,"minecraft:oak_trapdoor":6,"minecraft:iron_axe":20,"minecraft:birch_fence":5,"minecraft:oak_boat":2,"biomesoplenty:wildflower":1,"minecraft:light_gray_wool":2,"minecraft:lectern":14,"minecraft:sugar_cane":6,"minecraft:raw_iron":27,"born_in_chaos_v1:charmof_endurance":2,"minecraft:dark_oak_planks":88,"minecraft:arrow":1018,"minecraft:pumpkin_pie":33,"minecraft:saddle":9,"minecraft:skeleton_skull":1,"cctvcraft:light_gray_drone":1,"born_in_chaos_v1:fused_bone":4,"born_in_chaos_v1:corpse_maggot":15,"minecraft:golden_carrot":1,"minecraft:salmon":18,"minecraft:leather":228,"minecraft:birch_planks":6,"minecraft:yellow_bed":4,"minecraft:gunpowder":101,"minecraft:cobblestone_stairs":1,"minecraft:cooked_mutton":3,"minecraft:red_carpet":3,"minecraft:gray_carpet":22,"minecraft:iron_ingot":368,"born_in_chaos_v1:chipped_black_argillite_brick":1,"sophisticatedbackpacks:diamond_backpack":27,"minecraft:book":472,"minecraft:birch_boat":2,"born_in_chaos_v1:lifestealer_bone":4,"born_in_chaos_v1:black_argillitepressureplate":1,"minecraft:lava_bucket":1,"born_in_chaos_v1:nightmare_mantleofthe_night_chestplate":11,"born_in_chaos_v1:dark_rod":6,"minecraft:blast_furnace":1,"minecraft:white_bed":31,"minecraft:spruce_door":1,"minecraft:spider_eye":28,"minecraft:iron_helmet":11,"minecraft:stripped_jungle_wood":1,"born_in_chaos_v1:spiny_shell_armor_chestplate":14,"minecraft:coal":553},"minecraft:mined":{"minecraft:dark_oak_planks":1,"minecraft:white_bed":25,"minecraft:jungle_leaves":1,"minecraft:potted_crimson_fungus":1,"minecraft:obsidian":12,"minecraft:granite":10,"minecraft:acacia_log":14,"born_in_chaos_v1:dark_metal_deposit":1,"minecraft:hopper":9,"minecraft:spawner":29,"minecraft:weeping_vines_plant":1,"minecraft:tall_seagrass":6,"minecraft:magma_block":1,"minecraft:mossy_cobblestone_stairs":1,"minecraft:cobbled_deepslate":11,"minecraft:fire":19,"biomesoplenty:lavender":7,"minecraft:enchanting_table":2,"minecraft:oak_sign":2,"minecraft:oak_stairs":14,"minecraft:iron_block":3,"minecraft:orange_bed":5,"minecraft:red_bed":14,"minecraft:smoker":2,"minecraft:torch":41,"minecraft:blast_furnace":1,"minecraft:sugar_cane":1,"minecraft:chain":6,"minecraft:wheat":1,"born_in_chaos_v1:black_argillite_brick":3,"antlers:bloody_pig":1,"minecraft:grass":93,"minecraft:deepslate":28,"biomesoplenty:watergrass":2,"minecraft:mossy_cobblestone":8,"biomesoplenty:desert_grass":2,"minecraft:dark_oak_log":27,"minecraft:sea_lantern":1,"minecraft:dark_oak_fence":3,"born_in_chaos_v1:black_argillite":2,"minecraft:crimson_roots":3,"biomesoplenty:dead_grass":2,"biomesoplenty:jacaranda_log":1,"minecraft:andesite":4,"minecraft:bamboo":25,"minecraft:white_wool":1,"minecraft:glass_pane":1,"undead_revamp2:blacpetalblock":1,"endofherobrine:glowing_obsidian":4,"minecraft:tall_grass":4,"minecraft:deepslate_gold_ore":1,"endofherobrine:mossy_stone_bricks":1,"minecraft:diorite":1,"minecraft:spruce_log":81,"minecraft:birch_leaves":10,"biomesoplenty:stringy_cobweb":1,"minecraft:cobweb":3,"minecraft:acacia_planks":8,"minecraft:fern":5,"minecraft:spruce_planks":23,"minecraft:cobblestone_stairs":1,"minecraft:grass_block":47,"biomesoplenty:flowering_oak_leaves":15,"minecraft:composter":10,"minecraft:iron_ore":23,"born_in_chaos_v1:black_argillite_brick_slab":1,"born_in_chaos_v1:black_argillite_brick_stairs":12,"minecraft:black_carpet":12,"minecraft:azure_bluet":1,"minecraft:cyan_terracotta":2,"biomesoplenty:wildflower":1,"minecraft:chest":10,"minecraft:nether_quartz_ore":3,"minecraft:cobblestone":169,"minecraft:oak_planks":70,"minecraft:iron_door":2,"minecraft:wall_torch":17,"minecraft:birch_log":81,"biomesoplenty:maple_leaves":1,"minecraft:light_gray_wool":1,"biomesoplenty:clover":18,"minecraft:oak_log":445,"minecraft:sand":14,"minecraft:dirt":127,"minecraft:netherrack":44,"minecraft:oak_leaves":80,"biomesoplenty:glowing_moss_block":2,"minecraft:nether_gold_ore":2,"the_knocker:deadcow":1,"minecraft:deepslate_diamond_ore":1,"minecraft:oak_door":1,"born_in_chaos_v1:infected_diamond_ore":4,"biomesoplenty:bush":5,"minecraft:spruce_leaves":4,"minecraft:hay_block":76,"minecraft:oak_trapdoor":1,"minecraft:furnace":4,"minecraft:polished_basalt":1,"minecraft:peony":2,"minecraft:gold_block":4,"minecraft:bookshelf":69,"biomesoplenty:spider_egg":1,"minecraft:stone":764,"minecraft:acacia_leaves":1,"minecraft:crafting_table":8,"minecraft:rose_bush":1,"minecraft:lectern":14,"born_in_chaos_v1:chipped_black_argillite_brick":3,"biomesoplenty:sprout":4,"minecraft:lapis_ore":5,"minecraft:blue_bed":1,"minecraft:birch_planks":4,"minecraft:redstone_torch":1,"minecraft:yellow_bed":1,"minecraft:coal_ore":114,"minecraft:gray_carpet":30,"minecraft:birch_fence":6},"minecraft:dropped":{"minecraft:iron_sword":3,"minecraft:porkchop":3,"minecraft:lapis_lazuli":17,"minecraft:cooked_beef":8,"minecraft:glass_bottle":2,"minecraft:diamond":14,"minecraft:crafting_table":1,"minecraft:cooked_porkchop":3,"minecraft:dark_oak_slab":2,"minecraft:crossbow":1,"minecraft:saddle":2,"born_in_chaos_v1:pieceofdarkmetal":3,"born_in_chaos_v1:dark_ritual_dagger":2,"minecraft:red_carpet":3,"born_in_chaos_v1:monster_flesh":15,"minecraft:dirt":157,"minecraft:red_bed":1,"born_in_chaos_v1:spiny_shell_armor_chestplate":1,"minecraft:dark_oak_fence":1,"minecraft:chain":11,"minecraft:writable_book":1,"minecraft:bone_meal":1,"minecraft:sand":45,"minecraft:sugar":1,"minecraft:iron_pickaxe":3,"minecraft:dark_oak_planks":1,"minecraft:white_wool":7,"minecraft:bone":41,"minecraft:oak_door":2,"minecraft:sugar_cane":5,"minecraft:cobbled_deepslate":1,"minecraft:black_carpet":7,"minecraft:birch_sapling":16,"minecraft:wheat":5,"minecraft:obsidian":8,"undead_revamp2:arapholia":2,"minecraft:deepslate_brick_slab":2,"minecraft:rotten_flesh":66,"born_in_chaos_v1:smoked_flesh":4,"minecraft:oak_planks":20,"minecraft:blaze_powder":7,"minecraft:white_bed":3,"born_in_chaos_v1:black_argillite_wall":1,"minecraft:salmon":1,"minecraft:tipped_arrow":6,"biomesoplenty:wildflower":1,"minecraft:leather_leggings":3,"minecraft:beef":21,"biomesoplenty:tall_lavender":1,"minecraft:egg":1,"minecraft:iron_ingot":8,"born_in_chaos_v1:shattered_skull":8,"minecraft:wheat_seeds":21,"biomesoplenty:lavender":35,"minecraft:book":105,"minecraft:iron_helmet":4,"minecraft:feather":4,"minecraft:cobblestone":111,"man:cassette_1safetyinstructions":1,"minecraft:apple":111,"minecraft:granite":8,"born_in_chaos_v1:charmof_endurance":2,"born_in_chaos_v1:soul_cutlass":1,"minecraft:coal":8,"minecraft:golden_apple":9,"born_in_chaos_v1:gnawed_bones":3,"minecraft:rose_bush":3,"minecraft:diamond_helmet":1,"minecraft:potion":4,"minecraft:oak_stairs":3,"minecraft:iron_shovel":2,"minecraft:acacia_planks":60,"minecraft:string":39,"minecraft:gray_carpet":19,"minecraft:spruce_sapling":1,"minecraft:furnace":1,"born_in_chaos_v1:rotten_fish":6,"minecraft:chicken":4,"minecraft:iron_boots":2,"sophisticatedbackpacks:backpack":1,"minecraft:name_tag":2,"minecraft:oak_sign":1,"minecraft:diamond_sword":1,"minecraft:cobblestone_slab":2,"minecraft:hay_block":4,"minecraft:stone":32,"minecraft:peony":2,"minecraft:spruce_planks":7,"minecraft:diamond_pickaxe":1,"minecraft:redstone_torch":1,"minecraft:spider_eye":11,"minecraft:birch_boat":1,"sophisticatedbackpacks:copper_backpack":1,"minecraft:bow":3,"minecraft:birch_planks":6,"minecraft:diamond_axe":2,"minecraft:oak_log":128,"minecraft:ender_pearl":8,"minecraft:leather":1,"minecraft:cobblestone_stairs":1,"born_in_chaos_v1:monster_skin":13,"born_in_chaos_v1:sharpened_dark_metal_sword":2,"minecraft:mutton":17,"minecraft:crimson_roots":1,"biomesoplenty:flowering_oak_sapling":2,"minecraft:pumpkin_pie":15,"born_in_chaos_v1:black_argillite_brick":1,"minecraft:birch_log":8,"minecraft:gold_ingot":81,"sasquatch:sasquatch_detector":2,"born_in_chaos_v1:fire_dust":5,"minecraft:cooked_mutton":4,"born_in_chaos_v1:spiny_shell_armor_helmet":3,"sophisticatedbackpacks:diamond_backpack":4,"minecraft:carrot":2,"undead_revamp2:cloogerribs":34,"born_in_chaos_v1:seedof_chaos":4,"minecraft:gunpowder":56,"born_in_chaos_v1:chipped_black_argillite_brick":1,"born_in_chaos_v1:corpse_maggot":11,"minecraft:melon_seeds":1,"born_in_chaos_v1:dark_metal_ingot":2,"minecraft:arrow":21,"born_in_chaos_v1:nightmare_mantleofthe_night_leggings":1,"minecraft:netherrack":8,"minecraft:enchanting_table":1,"born_in_chaos_v1:black_argillitepressureplate":1,"minecraft:bread":250,"minecraft:golden_helmet":2,"minecraft:mossy_cobblestone":1,"born_in_chaos_v1:orbofthe_summoner":2,"antlers:tomahawkitem":97,"born_in_chaos_v1:black_argillite_brick_slab":2,"minecraft:acacia_log":1,"cctvcraft:wooden_board":12,"minecraft:torch":24,"born_in_chaos_v1:staffofthe_summoner":3,"born_in_chaos_v1:fused_bone":2,"minecraft:fire_charge":1,"minecraft:iron_leggings":3,"born_in_chaos_v1:lifestealer_bone":4,"minecraft:wither_rose":1,"minecraft:iron_axe":5,"minecraft:orange_bed":1,"born_in_chaos_v1:nightmare_mantleofthe_night_boots":1,"minecraft:bucket":1,"minecraft:redstone":4,"born_in_chaos_v1:smoldering_scorched_log":1,"born_in_chaos_v1:black_argillite_brick_stairs":4,"minecraft:oak_trapdoor":5,"minecraft:composter":1,"born_in_chaos_v1:black_argillite_button":3,"minecraft:light_gray_wool":1,"born_in_chaos_v1:spiritual_dust":4,"minecraft:shield":3,"minecraft:iron_chestplate":4,"born_in_chaos_v1:spiny_shell":2,"minecraft:andesite":3,"minecraft:oak_sapling":21,"minecraft:slime_ball":24,"minecraft:spruce_log":7,"minecraft:stone_pickaxe":3,"minecraft:wooden_pickaxe":2,"minecraft:magma_cream":3},"minecraft:killed":{"minecraft:cave_spider":3,"born_in_chaos_v1:mr_pumpkin":4,"born_in_chaos_v1:restless_spirit":4,"born_in_chaos_v1:zombie_lumberjack":3,"born_in_chaos_v1:skeleton_demoman":1,"born_in_chaos_v1:baby_skeleton_minion":3,"minecraft:skeleton":15,"undead_revamp2:deadclogger":1,"minecraft:chicken":4,"born_in_chaos_v1:skeleton_thrasher":1,"born_in_chaos_v1:supreme_bonescaller_stage_2":1,"minecraft:salmon":28,"minecraft:iron_golem":1,"bwrtherain:spider_skull":3,"minecraft:pillager":13,"minecraft:zombie":47,"born_in_chaos_v1:corpse_fly":4,"minecraft:cow":21,"minecraft:evoker":2,"minecraft:vindicator":5,"born_in_chaos_v1:skeleton_thrasher_not_despawn":2,"born_in_chaos_v1:thornshell_crab":8,"minecraft:zoglin":1,"born_in_chaos_v1:firelight":2,"minecraft:horse":3,"born_in_chaos_v1:bone_imp_minion":13,"undead_revamp2:the_moonflower":6,"minecraft:ravager":1,"born_in_chaos_v1:decrepit_skeleton":7,"undead_revamp2:thesomnolence":8,"born_in_chaos_v1:controlled_baby_skeleton":5,"minecraft:enderman":1,"born_in_chaos_v1:lifestealer_true_form":1,"endofherobrine:silverfish":1,"minecraft:zombified_piglin":3,"minecraft:witch":4,"graveyard:skeleton_creeper":1,"minecraft:spider":13,"born_in_chaos_v1:firelight_not_despawn":1,"born_in_chaos_v1:bonescaller":1,"minecraft:pig":9,"minecraft:zombie_villager":2,"born_in_chaos_v1:diamond_termite":5,"minecraft:creeper":11,"minecraft:sheep":26,"born_in_chaos_v1:dread_hound":12,"minecraft:stray":3,"undead_revamp2:theskeeper":2,"endofherobrine:cow":1,"apollyon:the_damned":4,"minecraft:vex":3,"born_in_chaos_v1:missioner":1,"arphex:spider_brood":1,"born_in_chaos_v1:zombie_bruiser":1,"born_in_chaos_v1:maggot":18,"minecraft:drowned":1,"born_in_chaos_v1:corpse_fish":6,"born_in_chaos_v1:fallen_chaos_knight":1,"endofherobrine:villager":1,"born_in_chaos_v1:baby_skeleton":2,"born_in_chaos_v1:swarmer":1,"minecraft:squid":4,"born_in_chaos_v1:nightmare_stalker":1,"endofherobrine:sheep":12},"minecraft:killed_by":{"minecraft:ravager":1,"endofherobrine:sheep":1,"minecraft:vindicator":3,"born_in_chaos_v1:supreme_bonescaller_not_despawn":1,"minecraft:vex":6,"born_in_chaos_v1:lifestealer_true_form":1,"undead_revamp2:thesomnolence":1,"born_in_chaos_v1:dread_hound":2,"minecraft:zombified_piglin":1,"born_in_chaos_v1:bone_imp_minion":3,"arphex:centipede_evictor":2,"man:managgresive":1,"born_in_chaos_v1:supreme_bonescaller_stage_2":1,"minecraft:player":4,"minecraft:spider":5,"apollyon:the_infector":2,"minecraft:iron_golem":1,"apollyon:the_damned":4,"minecraft:skeleton":1,"antlers:wendigo":4,"endofherobrine:pigman":1}},"DataVersion":3465}