{"stats":{"minecraft:mined":{"minecraft:spruce_planks":15,"minecraft:white_bed":15,"minecraft:jungle_leaves":1,"minecraft:potted_crimson_fungus":1,"minecraft:obsidian":11,"minecraft:granite":10,"minecraft:acacia_log":14,"minecraft:grass_block":10,"biomesoplenty:flowering_oak_leaves":1,"minecraft:spawner":13,"minecraft:magma_block":1,"minecraft:iron_ore":23,"born_in_chaos_v1:black_argillite_brick_slab":1,"minecraft:fire":8,"born_in_chaos_v1:black_argillite_brick_stairs":7,"biomesoplenty:lavender":1,"minecraft:black_carpet":12,"minecraft:oak_stairs":1,"minecraft:iron_block":3,"minecraft:orange_bed":5,"minecraft:red_bed":9,"minecraft:smoker":2,"biomesoplenty:wildflower":1,"minecraft:torch":3,"minecraft:chest":1,"minecraft:cobblestone":26,"minecraft:oak_planks":49,"minecraft:wall_torch":7,"minecraft:chain":3,"biomesoplenty:maple_leaves":1,"minecraft:light_gray_wool":1,"born_in_chaos_v1:black_argillite_brick":3,"minecraft:grass":47,"biomesoplenty:clover":1,"minecraft:oak_log":69,"minecraft:sand":14,"minecraft:dirt":50,"minecraft:oak_leaves":29,"minecraft:deepslate_diamond_ore":1,"biomesoplenty:desert_grass":2,"minecraft:dark_oak_log":6,"minecraft:dark_oak_fence":3,"biomesoplenty:bush":2,"born_in_chaos_v1:black_argillite":2,"minecraft:crimson_roots":2,"biomesoplenty:dead_grass":2,"minecraft:hay_block":76,"minecraft:furnace":4,"minecraft:polished_basalt":1,"minecraft:gold_block":2,"minecraft:bookshelf":12,"minecraft:stone":207,"minecraft:white_wool":1,"minecraft:acacia_leaves":1,"minecraft:glass_pane":1,"minecraft:crafting_table":7,"endofherobrine:glowing_obsidian":1,"minecraft:tall_grass":2,"born_in_chaos_v1:chipped_black_argillite_brick":1,"biomesoplenty:sprout":3,"minecraft:blue_bed":1,"minecraft:birch_planks":3,"minecraft:spruce_log":48,"minecraft:coal_ore":52,"minecraft:gray_carpet":30,"minecraft:cobweb":2,"minecraft:acacia_planks":8,"minecraft:fern":2},"minecraft:dropped":{"minecraft:iron_sword":3,"minecraft:birch_planks":2,"minecraft:cooked_beef":8,"minecraft:ender_pearl":6,"minecraft:diamond":9,"minecraft:cooked_porkchop":3,"minecraft:dark_oak_slab":2,"minecraft:leather":1,"born_in_chaos_v1:pieceofdarkmetal":3,"minecraft:dirt":39,"born_in_chaos_v1:monster_skin":13,"minecraft:dark_oak_fence":1,"minecraft:mutton":9,"minecraft:crimson_roots":1,"minecraft:chain":4,"minecraft:writable_book":1,"born_in_chaos_v1:black_argillite_brick":1,"minecraft:sand":45,"minecraft:iron_pickaxe":3,"minecraft:dark_oak_planks":1,"minecraft:gold_ingot":17,"minecraft:bone":25,"sasquatch:sasquatch_detector":2,"minecraft:cobbled_deepslate":1,"minecraft:black_carpet":7,"minecraft:wheat":5,"minecraft:obsidian":8,"minecraft:rotten_flesh":27,"born_in_chaos_v1:smoked_flesh":4,"minecraft:cooked_mutton":4,"minecraft:white_bed":3,"sophisticatedbackpacks:diamond_backpack":2,"minecraft:carrot":2,"minecraft:tipped_arrow":3,"born_in_chaos_v1:seedof_chaos":1,"minecraft:gunpowder":27,"born_in_chaos_v1:chipped_black_argillite_brick":1,"born_in_chaos_v1:corpse_maggot":10,"minecraft:melon_seeds":1,"biomesoplenty:wildflower":1,"born_in_chaos_v1:dark_metal_ingot":2,"minecraft:leather_leggings":2,"minecraft:beef":6,"minecraft:iron_ingot":7,"minecraft:bread":178,"born_in_chaos_v1:shattered_skull":7,"minecraft:wheat_seeds":6,"minecraft:golden_helmet":1,"biomesoplenty:lavender":1,"minecraft:iron_helmet":1,"minecraft:feather":2,"minecraft:cobblestone":58,"born_in_chaos_v1:orbofthe_summoner":2,"antlers:tomahawkitem":54,"man:cassette_1safetyinstructions":1,"minecraft:apple":52,"minecraft:granite":8,"born_in_chaos_v1:black_argillite_brick_slab":2,"minecraft:golden_apple":6,"minecraft:torch":24,"born_in_chaos_v1:staffofthe_summoner":1,"minecraft:fire_charge":1,"minecraft:potion":2,"minecraft:iron_leggings":2,"minecraft:oak_stairs":1,"minecraft:iron_axe":4,"minecraft:orange_bed":1,"minecraft:string":29,"minecraft:gray_carpet":19,"minecraft:acacia_planks":60,"born_in_chaos_v1:smoldering_scorched_log":1,"minecraft:furnace":1,"born_in_chaos_v1:black_argillite_brick_stairs":2,"born_in_chaos_v1:rotten_fish":5,"minecraft:chicken":2,"born_in_chaos_v1:black_argillite_button":2,"minecraft:light_gray_wool":1,"sophisticatedbackpacks:backpack":1,"minecraft:name_tag":2,"born_in_chaos_v1:spiritual_dust":4,"minecraft:hay_block":4,"minecraft:shield":3,"minecraft:spruce_planks":5,"minecraft:iron_chestplate":2,"born_in_chaos_v1:spiny_shell":2,"minecraft:oak_sapling":1,"minecraft:spider_eye":7,"minecraft:bow":2,"minecraft:stone_pickaxe":3,"minecraft:wooden_pickaxe":2,"minecraft:magma_cream":3},"minecraft:crafted":{"minecraft:oak_planks":288,"minecraft:dark_oak_boat":1,"minecraft:cooked_chicken":1,"born_in_chaos_v1:spiny_shell_armor_chestplate":1,"born_in_chaos_v1:dark_metal_ingot":3,"minecraft:cooked_mutton":9,"minecraft:iron_boots":2,"minecraft:oak_button":1,"minecraft:emerald":8,"minecraft:cooked_porkchop":3,"minecraft:crafting_table":6,"minecraft:spruce_planks":216,"minecraft:wooden_pickaxe":1,"minecraft:iron_helmet":2,"minecraft:iron_chestplate":3,"minecraft:diamond_pickaxe":1,"minecraft:shield":1,"minecraft:stick":360,"sophisticatedbackpacks:diamond_backpack":1,"minecraft:iron_ingot":60,"minecraft:iron_pickaxe":1,"minecraft:furnace":2,"born_in_chaos_v1:spiny_shell_armor_helmet":1,"minecraft:iron_axe":2,"minecraft:stone_pickaxe":1,"minecraft:dark_oak_planks":24,"minecraft:wheat":648,"minecraft:cooked_beef":2,"minecraft:iron_sword":2,"minecraft:bread":216,"minecraft:air":0,"minecraft:jungle_planks":32,"minecraft:oak_boat":3,"minecraft:golden_apple":11,"minecraft:iron_leggings":2,"minecraft:white_bed":2,"minecraft:acacia_planks":56,"minecraft:torch":160},"minecraft:killed_by":{"born_in_chaos_v1:bone_imp_minion":3,"endofherobrine:sheep":1,"arphex:centipede_evictor":2,"man:managgresive":1,"born_in_chaos_v1:supreme_bonescaller_stage_2":1,"minecraft:vex":4,"minecraft:player":3,"minecraft:spider":5,"apollyon:the_infector":1,"undead_revamp2:thesomnolence":1,"minecraft:skeleton":1,"antlers:wendigo":4,"endofherobrine:pigman":1},"minecraft:custom":{"minecraft:interact_with_crafting_table":69,"minecraft:open_barrel":142,"minecraft:leave_game":17,"minecraft:time_since_death":8853,"minecraft:damage_resisted":90,"minecraft:sprint_one_cm":1013857,"minecraft:damage_blocked_by_shield":360,"minecraft:drop":203,"minecraft:talked_to_villager":22,"minecraft:play_time":399340,"minecraft:deaths":30,"minecraft:jump":6925,"minecraft:interact_with_brewingstand":5,"minecraft:walk_on_water_one_cm":39425,"minecraft:enchant_item":2,"minecraft:interact_with_furnace":37,"minecraft:traded_with_villager":8,"minecraft:sleep_in_bed":35,"minecraft:damage_dealt":26573,"minecraft:player_kills":3,"minecraft:crouch_one_cm":17520,"minecraft:interact_with_smoker":11,"minecraft:mob_kills":155,"minecraft:damage_dealt_resisted":2757,"minecraft:climb_one_cm":13164,"minecraft:walk_one_cm":871316,"minecraft:sneak_time":5947,"minecraft:walk_under_water_one_cm":13068,"minecraft:boat_one_cm":1165845,"minecraft:interact_with_lectern":3,"minecraft:interact_with_blast_furnace":24,"minecraft:total_world_time":399340,"minecraft:time_since_rest":8893,"minecraft:damage_taken":12978,"minecraft:swim_one_cm":124562,"minecraft:fly_one_cm":1195423,"minecraft:open_chest":142,"minecraft:fall_one_cm":180235},"minecraft:killed":{"minecraft:cave_spider":2,"born_in_chaos_v1:restless_spirit":2,"born_in_chaos_v1:zombie_lumberjack":1,"minecraft:spider":10,"born_in_chaos_v1:baby_skeleton_minion":2,"minecraft:chicken":2,"born_in_chaos_v1:supreme_bonescaller_stage_2":1,"minecraft:pig":5,"bwrtherain:spider_skull":2,"minecraft:sheep":13,"minecraft:pillager":4,"minecraft:zombie":14,"born_in_chaos_v1:corpse_fly":1,"minecraft:stray":3,"undead_revamp2:theskeeper":2,"endofherobrine:cow":1,"minecraft:cow":10,"minecraft:vex":1,"born_in_chaos_v1:skeleton_thrasher_not_despawn":2,"born_in_chaos_v1:thornshell_crab":6,"born_in_chaos_v1:maggot":3,"born_in_chaos_v1:fallen_chaos_knight":1,"born_in_chaos_v1:bone_imp_minion":9,"born_in_chaos_v1:baby_skeleton":2,"undead_revamp2:the_moonflower":4,"born_in_chaos_v1:decrepit_skeleton":4,"undead_revamp2:thesomnolence":8,"endofherobrine:sheep":12,"born_in_chaos_v1:controlled_baby_skeleton":3,"minecraft:enderman":1},"minecraft:used":{"minecraft:writable_book":3,"minecraft:iron_shovel":40,"minecraft:shield":5,"minecraft:iron_sword":411,"minecraft:iron_chestplate":1,"minecraft:jungle_planks":7,"minecraft:carrot":4,"minecraft:obsidian":11,"minecraft:lava_bucket":1,"born_in_chaos_v1:sharpened_dark_metal_sword":122,"born_in_chaos_v1:spiny_shell_armor_chestplate":1,"minecraft:iron_helmet":1,"minecraft:dark_oak_boat":1,"minecraft:furnace":5,"born_in_chaos_v1:spiny_shell_armor_helmet":1,"minecraft:leather_leggings":3,"minecraft:oak_planks":46,"minecraft:stone_pickaxe":37,"minecraft:wooden_pickaxe":11,"minecraft:diamond_axe":96,"minecraft:white_wool":1,"minecraft:sand":19,"born_in_chaos_v1:holiday_candy":1,"minecraft:bread":74,"minecraft:golden_helmet":5,"minecraft:oak_boat":5,"minecraft:experience_bottle":1,"minecraft:flint_and_steel":3,"minecraft:spruce_planks":74,"minecraft:cooked_chicken":1,"minecraft:orange_bed":5,"minecraft:torch":149,"minecraft:dirt":17,"minecraft:granite":5,"minecraft:dark_oak_planks":7,"minecraft:iron_axe":373,"born_in_chaos_v1:nightmare_mantleofthe_night_leggings":1,"minecraft:iron_boots":7,"minecraft:light_gray_wool":1,"minecraft:golden_carrot":2,"minecraft:cooked_beef":9,"minecraft:acacia_planks":40,"minecraft:iron_leggings":3,"minecraft:cooked_mutton":8,"minecraft:water_bucket":8,"minecraft:crafting_table":11,"minecraft:red_bed":8,"minecraft:white_bed":15,"minecraft:diamond_pickaxe":193,"minecraft:apple":2,"minecraft:iron_pickaxe":192,"born_in_chaos_v1:staffofthe_summoner":92,"minecraft:golden_leggings":2,"minecraft:cobblestone":39,"minecraft:porkchop":2,"minecraft:cooked_porkchop":6,"minecraft:bucket":9},"minecraft:picked_up":{"minecraft:iron_chestplate":3,"minecraft:wheat":10,"minecraft:black_carpet":7,"minecraft:oak_stairs":1,"minecraft:potion":2,"born_in_chaos_v1:holiday_candy":1,"minecraft:polished_deepslate":9,"minecraft:string":69,"minecraft:iron_leggings":9,"minecraft:smooth_stone_slab":2,"minecraft:cobbled_deepslate":1,"minecraft:smooth_stone":1,"born_in_chaos_v1:dark_metal_ingot":3,"minecraft:bucket":1,"minecraft:spruce_planks":158,"minecraft:iron_pickaxe":12,"minecraft:furnace":7,"minecraft:iron_boots":14,"minecraft:tipped_arrow":6,"minecraft:golden_helmet":8,"minecraft:stick":202,"born_in_chaos_v1:shattered_skull":13,"minecraft:torch":75,"minecraft:acacia_log":14,"born_in_chaos_v1:pileof_dark_metal":4,"minecraft:porkchop":10,"born_in_chaos_v1:black_argillite_brick_stairs":2,"minecraft:orange_bed":6,"minecraft:rotten_flesh":44,"minecraft:polished_basalt":7,"minecraft:iron_block":12,"minecraft:blaze_rod":2,"minecraft:obsidian":12,"minecraft:cobblestone":473,"biomesoplenty:lavender":2,"born_in_chaos_v1:spiny_shell_armor_helmet":1,"minecraft:feather":4,"minecraft:cooked_beef":16,"born_in_chaos_v1:sharpened_dark_metal_sword":6,"born_in_chaos_v1:spiritual_dust":4,"minecraft:jungle_log":8,"minecraft:golden_leggings":3,"minecraft:smoker":5,"minecraft:stripped_spruce_wood":1,"born_in_chaos_v1:black_argillite_button":2,"minecraft:lapis_lazuli":116,"minecraft:dirt":56,"antlers:tomahawkitem":101,"born_in_chaos_v1:staffofthe_summoner":5,"minecraft:name_tag":4,"born_in_chaos_v1:monster_skin":13,"minecraft:bone":93,"minecraft:acacia_planks":92,"minecraft:bow":2,"minecraft:wheat_seeds":9,"minecraft:deepslate_brick_slab":4,"minecraft:oak_planks":353,"minecraft:cooked_porkchop":6,"born_in_chaos_v1:nightmare_mantleofthe_night_leggings":3,"minecraft:sand":64,"minecraft:jungle_planks":64,"minecraft:dark_oak_log":11,"minecraft:diamond":5,"minecraft:writable_book":1,"minecraft:granite":13,"minecraft:golden_apple":26,"minecraft:emerald":4,"minecraft:bread":551,"minecraft:oak_sapling":1,"born_in_chaos_v1:rotten_fish":5,"minecraft:dark_oak_fence":1,"minecraft:crimson_roots":1,"minecraft:diamond_pickaxe":11,"sophisticatedbackpacks:gold_backpack":9,"minecraft:crafting_table":5,"minecraft:chicken":2,"born_in_chaos_v1:seedof_chaos":4,"minecraft:leather_leggings":5,"minecraft:wooden_pickaxe":1,"minecraft:gold_block":1,"minecraft:chain":4,"minecraft:shield":15,"minecraft:red_bed":13,"minecraft:iron_axe":17,"minecraft:iron_shovel":3,"born_in_chaos_v1:black_argillite_brick":1,"minecraft:beef":26,"minecraft:oak_boat":2,"minecraft:light_gray_wool":2,"biomesoplenty:wildflower":1,"minecraft:raw_iron":25,"sophisticatedbackpacks:backpack":1,"born_in_chaos_v1:pieceofdarkmetal":11,"minecraft:carrot":2,"minecraft:dark_oak_planks":9,"minecraft:arrow":277,"minecraft:hay_block":76,"born_in_chaos_v1:spiny_shell":15,"minecraft:saddle":3,"minecraft:gold_ingot":60,"minecraft:mutton":46,"minecraft:white_wool":15,"born_in_chaos_v1:corpse_maggot":10,"minecraft:golden_carrot":1,"minecraft:leather":30,"minecraft:filled_map":9,"minecraft:birch_planks":2,"minecraft:oak_log":108,"minecraft:gunpowder":77,"minecraft:blue_bed":4,"minecraft:cooked_mutton":3,"minecraft:apple":27,"minecraft:gray_carpet":22,"born_in_chaos_v1:smoked_flesh":8,"minecraft:iron_ingot":178,"minecraft:stone_pickaxe":2,"born_in_chaos_v1:chipped_black_argillite_brick":1,"minecraft:iron_sword":15,"sophisticatedbackpacks:diamond_backpack":5,"minecraft:book":60,"minecraft:dark_oak_slab":3,"sasquatch:sasquatch_detector":1,"born_in_chaos_v1:orbofthe_summoner":2,"minecraft:lava_bucket":1,"minecraft:white_bed":22,"minecraft:spruce_log":49,"minecraft:spruce_door":1,"minecraft:spider_eye":21,"born_in_chaos_v1:black_argillite_brick_slab":2,"minecraft:iron_helmet":8,"minecraft:stripped_jungle_wood":1,"minecraft:diamond_axe":5,"born_in_chaos_v1:spiny_shell_armor_chestplate":9,"minecraft:melon_seeds":1,"minecraft:coal":114,"minecraft:ender_pearl":23}},"DataVersion":3465}