{"stats":{"minecraft:used":{"minecraft:dark_oak_stairs":1,"minecraft:stone_sword":77,"minecraft:flint_and_steel":46,"minecraft:oak_planks":7,"minecraft:spruce_planks":13,"minecraft:shield":34,"minecraft:iron_sword":106,"simplyswords:diamond_halberd":10,"minecraft:green_bed":1,"minecraft:tnt":1,"minecraft:spruce_wood":1,"minecraft:iron_axe":68,"minecraft:bread":22},"minecraft:mined":{"minecraft:spruce_planks":3,"minecraft:lectern":1,"minecraft:oak_planks":3,"minecraft:oak_trapdoor":1,"minecraft:fire":14,"treechop:chopped_log":1,"regions_unexplored:sandy_grass":1,"minecraft:dark_oak_stairs":1,"minecraft:oak_log":5,"minecraft:azalea_leaves":1,"minecraft:tripwire_hook":1,"minecraft:oak_leaves":3,"minecraft:spruce_slab":1,"minecraft:green_bed":1,"regions_unexplored:barrel_cactus":1},"minecraft:picked_up":{"promenade:banana":1,"minecraft:feather":14,"minecraft:tripwire_hook":3,"minecraft:leather":8,"minecraft:oak_log":5,"mythicmounts:firebird_feather3":2,"minecraft:oak_trapdoor":1,"minecraft:bone":10,"promenade:palm_log":12,"minecraft:spruce_planks":3,"minecraft:beef":8,"minecraft:iron_ingot":3,"twigs:twig":4,"minecraft:poppy":1,"minecraft:spruce_slab":1,"minecraft:lectern":1,"minecraft:melon_slice":2,"minecraft:coal_block":2,"minecraft:oak_planks":4,"minecraft:iron_sword":1,"minecraft:dark_oak_stairs":1,"minecraft:dark_oak_slab":17,"minecraft:green_bed":1,"minecraft:spruce_stairs":6,"minecraft:porkchop":1,"minecraft:arrow":8,"minecraft:rotten_flesh":5,"minecraft:diamond":7,"minecraft:emerald":1,"supplementaries:ash":80,"minecraft:oak_sapling":2,"minecraft:black_wool":2,"minecraft:skeleton_skull":2},"minecraft:custom":{"lootr:looted_stat":43,"minecraft:interact_with_furnace":1,"minecraft:mob_kills":12,"minecraft:interact_with_crafting_table":4,"minecraft:damage_dealt_resisted":0,"minecraft:leave_game":1,"minecraft:time_since_death":7080,"minecraft:sleep_in_bed":3,"minecraft:climb_one_cm":2145,"minecraft:hex":0,"minecraft:time_since_rest":7108,"minecraft:sprint_one_cm":132661,"minecraft:damage_taken":4593,"minecraft:walk_one_cm":154703,"minecraft:damage_blocked_by_shield":1561,"minecraft:drop":22,"minecraft:damage_dealt":5565,"minecraft:swim_one_cm":5081,"minecraft:talked_to_villager":3,"minecraft:fly_one_cm":109512,"minecraft:open_chest":2,"minecraft:crouch_one_cm":2779,"minecraft:play_time":51328,"minecraft:deaths":10,"minecraft:sneak_time":750,"minecraft:walk_under_water_one_cm":5495,"minecraft:jump":924,"minecraft:walk_on_water_one_cm":5888,"minecraft:total_world_time":51328,"minecraft:fall_one_cm":25342,"minecraft:horse_one_cm":4797},"minecraft:crafted":{"minecraft:oak_planks":4,"vinery:grapevine_stem":24,"minecraft:spruce_planks":12,"minecraft:diamond_leggings":1,"minecraft:iron_axe":1,"minecraft:stick":4},"minecraft:dropped":{"minecraft:porkchop":1,"minecraft:stone_sword":1,"minecraft:dark_oak_slab":1,"minecraft:iron_boots":1,"minecraft:leather":4,"mythicmounts:firebird_feather3":1,"minecraft:spruce_stairs":6,"minecraft:poppy":1,"supplementaries:ash":16,"minecraft:gunpowder":1,"minecraft:skeleton_skull":2,"minecraft:melon_slice":2,"promenade:banana":1,"vinery:grapevine_stem":24,"minecraft:beef":6,"minecraft:tripwire_hook":3},"minecraft:broken":{"minecraft:iron_sword":1},"minecraft:killed_by":{"mutantmonsters:mutant_zombie":1,"minecraft:skeleton":7,"minecraft:iron_golem":1},"minecraft:killed":{"minecraft:husk":1,"minecraft:parrot":1,"minecraft:pig":1,"minecraft:skeleton":6,"minecraft:zombie":1}},"DataVersion":3465}