{"stats":{"minecraft:killed":{"aquamirae:maw":3,"minecraft:vindicator":3,"minecraft:pillager":10,"aquamirae:anglerfish":1,"aquamirae:golden_moth":1},"minecraft:used":{"epicfight:skillbook":5,"simplyswords:diamond_glaive":24,"aquamirae:painting_anglerfish":1,"minecraft:oak_planks":5,"minecraft:spruce_planks":68,"minecraft:shield":13,"minecraft:green_bed":3,"minecraft:torch":2,"minecraft:crafting_table":4,"immersive_armors:warrior_helmet":1,"minecraft:crossbow":1,"minecraft:white_bed":6,"minecraft:spruce_fence":2,"minecraft:snowball":16,"minecraft:apple":2,"aquamirae:esca":1,"minecraft:iron_axe":54,"minecraft:bread":74,"minecraft:barrel":5,"minecraft:fishing_rod":15,"minecraft:goat_horn":1,"aquamirae:dagger_of_greed":175,"minecraft:iron_leggings":1,"minecraft:experience_bottle":5},"minecraft:custom":{"spartanshields:shield_bash_hits":4,"minecraft:mob_kills":18,"minecraft:interact_with_crafting_table":3,"minecraft:open_barrel":101,"minecraft:time_since_death":10594,"minecraft:sleep_in_bed":5,"minecraft:climb_one_cm":6109,"minecraft:time_since_rest":2524,"minecraft:sprint_one_cm":590273,"minecraft:damage_taken":9988,"minecraft:walk_one_cm":477519,"minecraft:damage_blocked_by_shield":1215,"minecraft:drop":49,"minecraft:damage_dealt":5290,"minecraft:swim_one_cm":92432,"minecraft:fly_one_cm":1110105,"minecraft:player_kills":2,"minecraft:open_chest":40,"minecraft:crouch_one_cm":8187,"minecraft:play_time":98597,"minecraft:deaths":25,"minecraft:sneak_time":1654,"minecraft:walk_under_water_one_cm":15285,"minecraft:boat_one_cm":8727,"minecraft:jump":3025,"minecraft:walk_on_water_one_cm":36619,"minecraft:total_world_time":98597,"minecraft:fall_one_cm":75091},"minecraft:dropped":{"aquamirae:ship_graveyard_echo":2,"alexsmobs:animal_dictionary":1,"aquamirae:dagger_of_greed":1,"mowziesmobs:ice_crystal":2,"minecraft:crossbow":2,"minecraft:iron_helmet":1,"minecraft:rotten_flesh":1,"minecraft:iron_boots":1,"minecraft:leather":1,"minecraft:apple":1,"minecraft:salmon":1,"minecraft:leather_helmet":3,"aquamirae:anglers_fang":2,"simplyswords:diamond_glaive":1,"minecraft:leather_chestplate":3,"minecraft:hay_block":2,"aquamirae:fin":3,"minecraft:iron_chestplate":1,"aquamirae:esca":1,"minecraft:leather_boots":1,"minecraft:leather_leggings":4,"minecraft:iron_leggings":2,"minecraft:gold_nugget":1,"minecraft:barrel":1,"minecraft:pumpkin":2,"minecraft:iron_axe":2,"sophisticatedbackpacks:copper_backpack":1,"aquamirae:sharp_bones":1,"minecraft:string":1,"minecraft:fishing_rod":1,"minecraft:bone":3},"minecraft:killed_by":{"minecraft:vindicator":3,"minecraft:player":4,"aquamirae:captain_cornelia":6,"minecraft:skeleton":4,"minecraft:pillager":2,"alexsmobs:gelada_monkey":1,"aquamirae:anglerfish":1,"aquamirae:tortured_soul":3},"minecraft:broken":{"minecraft:shield":1,"immersive_armors:warrior_helmet":1},"minecraft:picked_up":{"minecraft:crafting_table":1,"minecraft:leather_chestplate":2,"minecraft:leather_leggings":2,"minecraft:salmon":1,"minecraft:leather":1,"minecraft:oak_log":12,"minecraft:white_banner":1,"aquamirae:sharp_bones":1,"minecraft:string":1,"aquamirae:pirate_pouch":1,"minecraft:iron_axe":2,"aquamirae:fin":3,"aquamirae:dagger_of_greed":1,"minecraft:iron_leggings":1,"minecraft:leather_boots":1,"minecraft:bone":3,"minecraft:gold_nugget":1,"minecraft:spruce_planks":21,"minecraft:iron_ingot":37,"aquamirae:painting_anglerfish":1,"minecraft:pumpkin":2,"aquamirae:ship_graveyard_echo":1,"minecraft:torch":2,"minecraft:green_bed":4,"minecraft:spruce_fence":2,"aquamirae:anglers_fang":2,"epicfight:skillbook":1,"minecraft:spruce_log":17,"minecraft:white_bed":6,"aquamirae:esca":3,"minecraft:barrel":6,"minecraft:leather_helmet":3,"immersive_armors:warrior_helmet":1,"minecraft:rotten_flesh":1,"minecraft:hay_block":2,"minecraft:crossbow":3,"minecraft:emerald":85,"minecraft:snowball":32},"minecraft:mined":{"minecraft:spruce_planks":4,"minecraft:white_bed":5,"minecraft:candle":1,"minecraft:crafting_table":1,"aquamirae:painting_anglerfish":1,"minecraft:spruce_leaves":2,"minecraft:hay_block":2,"minecraft:barrel":6,"minecraft:ice":7,"minecraft:spruce_log":15,"minecraft:pumpkin":3,"minecraft:grass":3,"minecraft:oak_log":12,"minecraft:packed_ice":3,"minecraft:green_bed":4},"minecraft:crafted":{"minecraft:oak_planks":48,"minecraft:crafting_table":3,"minecraft:spruce_planks":68,"minecraft:iron_boots":1,"minecraft:iron_chestplate":1,"minecraft:iron_axe":1,"minecraft:stick":4,"minecraft:iron_leggings":1}},"DataVersion":3465}