{"stats":{"minecraft:mined":{"create:deepslate_zinc_ore":2,"minecraft:spruce_planks":5,"minecraft:white_bed":2,"minecraft:cobblestone_stairs":9,"minecraft:spruce_trapdoor":14,"minecraft:grass_block":3,"minecraft:stone_brick_wall":5,"minecraft:composter":3,"minecraft:red_stained_glass_pane":4,"minecraft:tall_seagrass":1,"minecraft:magma_block":2,"minecraft:brown_stained_glass":1,"minecraft:barrel":1,"minecraft:iron_ore":45,"minecraft:fire":66,"minecraft:fletching_table":1,"minecraft:green_stained_glass":1,"minecraft:pointed_dripstone":3,"minecraft:iron_bars":1,"minecraft:oak_stairs":2,"minecraft:spruce_slab":15,"minecraft:orange_bed":4,"projectvibrantjourneys:cattail":1,"minecraft:deepslate_redstone_ore":11,"minecraft:red_bed":9,"minecraft:smoker":2,"minecraft:powder_snow":5,"minecraft:torch":1,"projectvibrantjourneys:twigs":1,"minecraft:chest":1,"minecraft:cobblestone":28,"projectvibrantjourneys:fallen_leaves":1,"minecraft:sugar_cane":8,"minecraft:grindstone":1,"minecraft:oak_planks":29,"minecraft:damaged_anvil":1,"minecraft:wall_torch":5,"minecraft:deepslate_copper_ore":6,"minecraft:white_terracotta":1,"projectvibrantjourneys:light_brown_bark_mushroom":1,"minecraft:mossy_stone_brick_wall":2,"minecraft:birch_log":67,"minecraft:blue_ice":1,"minecraft:stone_brick_stairs":4,"minecraft:grass":22,"minecraft:oak_log":105,"projectvibrantjourneys:short_grass":16,"minecraft:oak_fence_gate":1,"minecraft:dirt":8,"minecraft:stonecutter":1,"minecraft:oak_leaves":52,"minecraft:deepslate":29,"minecraft:diamond_ore":2,"ecologics:coconut_planks":8,"minecraft:deepslate_diamond_ore":2,"projectvibrantjourneys:rocks":1,"minecraft:soul_campfire":2,"ecologics:coconut_log":2,"minecraft:spruce_leaves":23,"minecraft:hay_block":12,"minecraft:oak_trapdoor":2,"minecraft:furnace":4,"minecraft:gold_block":1,"minecraft:bookshelf":8,"minecraft:deepslate_iron_ore":8,"minecraft:stone":78,"minecraft:scaffolding":1,"minecraft:glass_pane":1,"psg:deepslate_sulphur_ore":2,"minecraft:oak_fence":1,"minecraft:crafting_table":6,"minecraft:campfire":2,"minecraft:lectern":1,"minecraft:andesite_wall":15,"minecraft:copper_ore":1,"minecraft:tall_grass":15,"minecraft:lily_pad":2,"minecraft:purple_bed":1,"minecraft:cobblestone_wall":1,"minecraft:gray_bed":1,"minecraft:spruce_log":14,"minecraft:birch_leaves":82,"minecraft:yellow_bed":1,"k_turrets:titanium_ore":1,"projectvibrantjourneys:sandy_sprouts":1,"minecraft:coal_ore":93,"minecraft:gravel":1,"pointblank:workstation":19,"minecraft:cracked_stone_bricks":3,"minecraft:stone_bricks":13,"minecraft:mossy_stone_bricks":1,"minecraft:gold_ore":11,"minecraft:iron_trapdoor":2},"minecraft:dropped":{"minecraft:iron_sword":1,"minecraft:birch_planks":3,"minecraft:oak_log":10,"minecraft:baked_potato":1,"minecraft:cooked_porkchop":2,"minecraft:crossbow":1,"minecraft:cookie":6,"minecraft:saddle":1,"projectvibrantjourneys:orange_bark_mushroom":1,"minecraft:emerald":4,"minecraft:dirt":8,"minecraft:mutton":3,"minecraft:wooden_sword":6,"minecraft:iron_pickaxe":3,"projectvibrantjourneys:bark_mushroom":2,"minecraft:white_wool":5,"pointblank:rhino":2,"pointblank:m1911a1":1,"minecraft:gold_ingot":17,"minecraft:bone":1,"minecraft:stone_axe":2,"alexsmobs:animal_dictionary":1,"minecraft:birch_sapling":5,"minecraft:pointed_dripstone":10,"minecraft:rotten_flesh":23,"minecraft:oak_planks":3,"minecraft:carrot":1,"psg:sulphur":11,"alexsmobs:kangaroo_hide":3,"minecraft:poppy":1,"projectvibrantjourneys:light_brown_bark_mushroom":4,"minecraft:gunpowder":3,"minecraft:leather_boots":1,"k_turrets:raw_titanium":1,"farmersdelight:rope":9,"minecraft:arrow":27,"minecraft:beef":4,"projectvibrantjourneys:cattail":1,"minecraft:iron_ingot":2,"minecraft:bread":55,"minecraft:wheat_seeds":15,"marbledsarsenal:police_baton":1,"pointblank:gunmetal_ingot":2,"minecraft:iron_helmet":1,"minecraft:golden_axe":1,"minecraft:feather":1,"minecraft:apple":31,"minecraft:spruce_door":1,"minecraft:coal":75,"minecraft:mushroom_stew":1,"minecraft:stick":8,"minecraft:lava_bucket":2,"minecraft:torch":16,"minecraft:wooden_axe":2,"minecraft:cherry_planks":28,"minecraft:iron_leggings":1,"minecraft:iron_axe":2,"minecraft:orange_bed":2,"minecraft:lily_pad":8,"ecologics:coconut_planks":1,"alexsmobs:maggot":1,"minecraft:chicken":1,"minecraft:iron_boots":3,"minecraft:iron_hoe":2,"pointblank:gunmetal_nugget":83,"minecraft:potato":9,"max_armory:diamond_katana":2,"minecraft:shield":2,"minecraft:iron_chestplate":1,"minecraft:oak_sapling":1,"minecraft:stone_bricks":1,"minecraft:spider_eye":1,"pointblank:workstation":4,"minecraft:stone_pickaxe":2,"minecraft:wooden_pickaxe":2,"minecraft:raw_gold":14},"minecraft:picked_up":{"minecraft:wooden_axe":1,"minecraft:iron_chestplate":13,"minecraft:iron_trapdoor":2,"minecraft:lead":12,"minecraft:oak_stairs":2,"minecraft:enchanted_book":17,"minecraft:stone_brick_stairs":3,"minecraft:soul_soil":2,"minecraft:string":9,"minecraft:raw_copper":231,"minecraft:iron_leggings":6,"minecraft:cobbled_deepslate":163,"minecraft:bucket":1,"minecraft:spruce_planks":4,"minecraft:iron_pickaxe":5,"minecraft:melon_slice":1,"pointblank:workstation":24,"minecraft:iron_boots":8,"minecraft:furnace":25,"minecraft:stick":85,"pointblank:gunmetal_ingot":2,"marbledsarsenal:police_baton":7,"minecraft:composter":3,"minecraft:oak_fence":1,"minecraft:torch":209,"minecraft:porkchop":5,"psg:sulphur":11,"minecraft:golden_axe":1,"minecraft:pointed_dripstone":10,"minecraft:orange_bed":13,"pointblank:m1911a1":15,"pointblank:ammo45acp":230,"minecraft:andesite_wall":29,"minecraft:rotten_flesh":97,"ecologics:coconut_log":2,"farmersdelight:rope":18,"minecraft:bookshelf":20,"projectvibrantjourneys:cattail":3,"minecraft:white_terracotta":1,"minecraft:iron_bars":1,"alexsmobs:flying_fish":1,"minecraft:cobblestone":374,"minecraft:birch_log":67,"minecraft:feather":1,"minecraft:cherry_planks":28,"ecologics:coconut_planks":289,"projectvibrantjourneys:fallen_leaves":4,"minecraft:smoker":4,"minecraft:potato":17,"minecraft:flint":2,"create:raw_zinc":12,"max_armory:diamond_katana":2,"alexsmobs:cooked_kangaroo_meat":2,"minecraft:lapis_lazuli":53,"minecraft:dirt":11,"minecraft:leather_boots":1,"minecraft:bone":14,"minecraft:acacia_planks":4,"minecraft:bow":3,"minecraft:stonecutter":2,"minecraft:wheat_seeds":48,"minecraft:raw_gold":287,"minecraft:grindstone":2,"minecraft:mossy_stone_bricks":7,"minecraft:fletching_table":1,"minecraft:oak_planks":25,"minecraft:cooked_porkchop":7,"ecologics:coconut_husk":1,"minecraft:barrel":1,"minecraft:iron_hoe":3,"alexsmobs:kangaroo_hide":3,"minecraft:diamond":21,"minecraft:crossbow":1,"minecraft:golden_apple":1,"minecraft:bread":434,"minecraft:emerald":24,"alexsmobs:maggot":1,"minecraft:oak_sapling":19,"minecraft:diamond_pickaxe":11,"minecraft:charcoal":2,"minecraft:crafting_table":6,"minecraft:chicken":1,"minecraft:leather_leggings":2,"minecraft:wooden_pickaxe":1,"minecraft:stone_brick_wall":5,"minecraft:gold_block":12,"minecraft:shield":9,"minecraft:oak_trapdoor":2,"minecraft:red_bed":10,"minecraft:iron_axe":14,"minecraft:wooden_sword":5,"minecraft:iron_shovel":1,"minecraft:cracked_stone_bricks":4,"pointblank:rhino":2,"minecraft:beef":8,"minecraft:oak_boat":1,"minecraft:iron_nugget":19,"minecraft:poppy":2,"minecraft:spruce_slab":18,"minecraft:lectern":11,"minecraft:sugar_cane":27,"minecraft:chest":1,"minecraft:birch_sapling":27,"minecraft:spruce_trapdoor":9,"minecraft:phantom_membrane":7,"minecraft:raw_iron":444,"ecologics:coconut_slice":4,"minecraft:copper_ingot":76,"projectvibrantjourneys:bark_mushroom":3,"pointblank:gunmetal_nugget":474,"minecraft:cookie":6,"minecraft:carrot":7,"minecraft:redstone":682,"minecraft:arrow":79,"k_turrets:raw_titanium":1,"minecraft:hay_block":12,"minecraft:gold_ingot":165,"minecraft:saddle":2,"minecraft:mutton":6,"alexsmobs:kangaroo_meat":3,"minecraft:white_wool":10,"minecraft:tripwire_hook":1,"minecraft:leather":48,"minecraft:birch_planks":24,"minecraft:filled_map":1,"minecraft:mushroom_stew":2,"minecraft:oak_log":183,"minecraft:lily_pad":17,"minecraft:yellow_bed":1,"minecraft:cobblestone_wall":3,"minecraft:gunpowder":147,"minecraft:cobblestone_stairs":9,"projectvibrantjourneys:sea_oats":1,"marbledsarsenal:cm6m_gas_mask":7,"minecraft:apple":31,"minecraft:stone_bricks":11,"minecraft:iron_ingot":113,"minecraft:stone_pickaxe":1,"minecraft:mossy_stone_brick_wall":2,"minecraft:gray_bed":1,"minecraft:iron_sword":7,"minecraft:book":336,"minecraft:scaffolding":1,"projectvibrantjourneys:light_brown_bark_mushroom":4,"minecraft:black_candle":3,"minecraft:gravel":1,"minecraft:lava_bucket":12,"minecraft:spruce_sapling":10,"minecraft:white_bed":6,"minecraft:spruce_log":14,"minecraft:spruce_door":4,"minecraft:spider_eye":2,"minecraft:leather_helmet":1,"minecraft:purple_bed":1,"minecraft:stone_axe":2,"minecraft:baked_potato":1,"projectvibrantjourneys:orange_bark_mushroom":1,"minecraft:damaged_anvil":2,"minecraft:coal":911,"minecraft:ender_pearl":1},"minecraft:used":{"minecraft:iron_shovel":1,"minecraft:chest":4,"minecraft:shield":10,"minecraft:white_terracotta":1,"minecraft:iron_sword":297,"ecologics:coconut_planks":58,"minecraft:rotten_flesh":3,"minecraft:iron_chestplate":3,"minecraft:carrot":5,"minecraft:lava_bucket":5,"minecraft:iron_helmet":1,"marbledsarsenal:police_baton":312,"minecraft:stone_bricks":10,"pointblank:workstation":19,"minecraft:bow":32,"minecraft:oak_sapling":9,"minecraft:furnace":7,"minecraft:gray_bed":1,"marbledsarsenal:cm6m_gas_mask":1,"minecraft:stone_pickaxe":17,"minecraft:oak_planks":16,"minecraft:wooden_pickaxe":6,"minecraft:diamond_axe":166,"minecraft:golden_apple":3,"minecraft:dark_oak_log":1,"minecraft:bread":59,"minecraft:lectern":1,"minecraft:diamond_ore":2,"ecologics:coconut_slice":2,"minecraft:wooden_sword":17,"minecraft:oak_boat":2,"minecraft:oak_fence":1,"minecraft:orange_bed":5,"minecraft:torch":82,"minecraft:dirt":2,"alexsmobs:cooked_kangaroo_meat":3,"minecraft:wooden_axe":36,"projectvibrantjourneys:fallen_leaves":1,"minecraft:iron_axe":216,"minecraft:iron_boots":5,"minecraft:iron_leggings":2,"minecraft:birch_planks":45,"minecraft:birch_boat":1,"minecraft:fletching_table":1,"minecraft:crafting_table":15,"minecraft:red_bed":7,"minecraft:white_bed":2,"minecraft:oak_log":6,"alexsmobs:flying_fish":1,"minecraft:diamond_pickaxe":159,"minecraft:iron_pickaxe":257,"minecraft:spruce_sapling":5,"minecraft:stone_axe":21,"minecraft:cobblestone":51,"minecraft:purple_bed":1,"minecraft:cooked_porkchop":7,"max_armory:diamond_katana":5,"minecraft:bucket":5,"minecraft:yellow_bed":1,"alexsmobs:animal_dictionary":3},"minecraft:broken":{"minecraft:iron_pickaxe":1},"minecraft:custom":{"minecraft:interact_with_crafting_table":40,"minecraft:open_barrel":16,"minecraft:bell_ring":92,"minecraft:leave_game":7,"minecraft:time_since_death":38698,"minecraft:sprint_one_cm":665199,"minecraft:damage_blocked_by_shield":794,"minecraft:drop":160,"minecraft:talked_to_villager":59,"minecraft:play_time":282943,"minecraft:deaths":44,"minecraft:jump":5356,"minecraft:walk_on_water_one_cm":75029,"minecraft:interact_with_furnace":45,"minecraft:traded_with_villager":31,"minecraft:sleep_in_bed":14,"minecraft:damage_dealt":28392,"minecraft:crouch_one_cm":28185,"minecraft:inspect_dispenser":1,"minecraft:horse_one_cm":99862,"minecraft:inspect_dropper":1,"minecraft:mob_kills":136,"minecraft:damage_dealt_resisted":3806,"minecraft:climb_one_cm":46137,"minecraft:walk_one_cm":547047,"minecraft:damage_dealt_absorbed":48,"minecraft:sneak_time":12599,"minecraft:walk_under_water_one_cm":83668,"minecraft:boat_one_cm":559031,"minecraft:total_world_time":282943,"minecraft:time_since_rest":7160,"minecraft:damage_absorbed":100,"minecraft:damage_taken":15176,"minecraft:swim_one_cm":158218,"minecraft:fly_one_cm":841852,"minecraft:open_chest":69,"minecraft:fall_one_cm":164777},"minecraft:killed_by":{"minecraft:pillager":7,"minecraft:zombie_horse":1,"minecraft:drowned":4,"hordes:drowned_player":3,"alexsmobs:crocodile":2,"minecraft:zombie":6,"hordes:zombie_player":18},"minecraft:crafted":{"minecraft:oak_planks":384,"minecraft:birch_boat":1,"minecraft:iron_boots":4,"minecraft:chest":3,"minecraft:emerald":29,"minecraft:cooked_porkchop":5,"minecraft:diamond_axe":1,"minecraft:crafting_table":11,"minecraft:spruce_planks":56,"minecraft:wooden_pickaxe":2,"minecraft:iron_helmet":2,"pointblank:m1911a1":1,"minecraft:birch_planks":268,"minecraft:iron_chestplate":2,"minecraft:diamond_pickaxe":1,"minecraft:stick":968,"minecraft:iron_ingot":78,"minecraft:iron_pickaxe":1,"minecraft:gold_ingot":7,"minecraft:wooden_sword":4,"ecologics:coconut_planks":8,"minecraft:furnace":4,"pointblank:rhino":1,"minecraft:iron_axe":1,"minecraft:stone_pickaxe":2,"minecraft:wheat":108,"alexsmobs:cooked_kangaroo_meat":3,"minecraft:bucket":1,"minecraft:stone_axe":1,"minecraft:bread":36,"minecraft:air":0,"minecraft:oak_boat":2,"minecraft:wooden_axe":2,"minecraft:iron_leggings":3,"minecraft:torch":40},"minecraft:killed":{"minecraft:chicken":2,"alexsmobs:kangaroo":2,"minecraft:pig":2,"minecraft:zombie_villager":5,"minecraft:iron_golem":2,"hordes:drowned_player":4,"minecraft:trader_llama":1,"minecraft:pillager":4,"minecraft:zombie":86,"alexsmobs:fly":2,"minecraft:cow":2,"hordes:zombie_player":11,"minecraft:drowned":9,"minecraft:wandering_trader":1}},"DataVersion":3465}