{"stats":{"minecraft:mined":{"minecraft:spruce_planks":3,"minecraft:white_bed":9,"minecraft:deepslate_diamond_ore":1,"biomesoplenty:desert_grass":1,"minecraft:jungle_leaves":1,"minecraft:dark_oak_log":6,"minecraft:potted_crimson_fungus":1,"minecraft:dark_oak_fence":3,"minecraft:granite":7,"biomesoplenty:bush":2,"minecraft:acacia_log":14,"minecraft:grass_block":5,"born_in_chaos_v1:black_argillite":2,"minecraft:crimson_roots":2,"biomesoplenty:flowering_oak_leaves":1,"minecraft:spawner":5,"minecraft:hay_block":72,"minecraft:magma_block":1,"minecraft:furnace":4,"minecraft:iron_ore":23,"born_in_chaos_v1:black_argillite_brick_slab":1,"minecraft:polished_basalt":1,"minecraft:fire":3,"born_in_chaos_v1:black_argillite_brick_stairs":7,"biomesoplenty:lavender":1,"minecraft:black_carpet":12,"minecraft:gold_block":2,"minecraft:bookshelf":12,"minecraft:oak_stairs":1,"minecraft:stone":105,"minecraft:iron_block":2,"minecraft:white_wool":1,"minecraft:acacia_leaves":1,"minecraft:smoker":1,"minecraft:crafting_table":4,"minecraft:torch":3,"minecraft:chest":1,"minecraft:tall_grass":2,"minecraft:cobblestone":12,"born_in_chaos_v1:chipped_black_argillite_brick":1,"biomesoplenty:sprout":2,"minecraft:oak_planks":48,"minecraft:wall_torch":4,"minecraft:birch_planks":3,"minecraft:light_gray_wool":1,"born_in_chaos_v1:black_argillite_brick":3,"minecraft:grass":39,"biomesoplenty:clover":1,"minecraft:coal_ore":32,"minecraft:oak_log":40,"minecraft:sand":14,"minecraft:gray_carpet":30,"minecraft:acacia_planks":8,"minecraft:oak_leaves":27},"minecraft:dropped":{"minecraft:iron_ingot":7,"minecraft:iron_sword":1,"minecraft:birch_planks":2,"born_in_chaos_v1:shattered_skull":2,"minecraft:wheat_seeds":6,"minecraft:golden_helmet":1,"minecraft:cooked_beef":8,"minecraft:ender_pearl":2,"minecraft:diamond":6,"minecraft:cooked_porkchop":2,"biomesoplenty:lavender":1,"minecraft:dark_oak_slab":2,"minecraft:iron_helmet":1,"minecraft:feather":2,"minecraft:cobblestone":58,"born_in_chaos_v1:orbofthe_summoner":1,"man:cassette_1safetyinstructions":1,"minecraft:leather":1,"minecraft:apple":2,"minecraft:granite":4,"born_in_chaos_v1:black_argillite_brick_slab":2,"minecraft:dirt":1,"minecraft:dark_oak_fence":1,"minecraft:torch":23,"minecraft:mutton":9,"minecraft:crimson_roots":1,"minecraft:fire_charge":1,"minecraft:potion":1,"minecraft:chain":1,"minecraft:oak_stairs":1,"minecraft:writable_book":1,"minecraft:sand":45,"born_in_chaos_v1:black_argillite_brick":1,"minecraft:iron_axe":1,"minecraft:iron_pickaxe":1,"minecraft:string":9,"minecraft:gray_carpet":19,"minecraft:acacia_planks":60,"minecraft:gold_ingot":17,"minecraft:bone":1,"born_in_chaos_v1:smoldering_scorched_log":1,"minecraft:furnace":1,"born_in_chaos_v1:black_argillite_brick_stairs":2,"minecraft:cobbled_deepslate":1,"minecraft:black_carpet":7,"minecraft:wheat":5,"minecraft:chicken":2,"born_in_chaos_v1:black_argillite_button":2,"minecraft:rotten_flesh":21,"born_in_chaos_v1:smoked_flesh":4,"minecraft:light_gray_wool":1,"sophisticatedbackpacks:backpack":1,"minecraft:name_tag":2,"minecraft:cooked_mutton":4,"minecraft:white_bed":2,"minecraft:carrot":2,"minecraft:shield":1,"minecraft:gunpowder":27,"born_in_chaos_v1:chipped_black_argillite_brick":1,"minecraft:spruce_planks":1,"minecraft:melon_seeds":1,"born_in_chaos_v1:corpse_maggot":4,"minecraft:oak_sapling":1,"minecraft:leather_leggings":2,"minecraft:stone_pickaxe":3,"minecraft:beef":6,"minecraft:wooden_pickaxe":2,"minecraft:magma_cream":3},"minecraft:crafted":{"minecraft:oak_planks":176,"minecraft:cooked_chicken":1,"minecraft:furnace":2,"minecraft:cooked_mutton":9,"born_in_chaos_v1:spiny_shell_armor_helmet":1,"minecraft:iron_boots":1,"minecraft:iron_axe":2,"minecraft:stone_pickaxe":1,"minecraft:dark_oak_planks":16,"minecraft:wheat":648,"minecraft:cooked_beef":2,"minecraft:cooked_porkchop":3,"minecraft:crafting_table":5,"minecraft:spruce_planks":8,"minecraft:wooden_pickaxe":1,"minecraft:iron_helmet":1,"minecraft:iron_sword":2,"minecraft:jungle_planks":32,"minecraft:bread":170,"minecraft:air":0,"minecraft:oak_boat":2,"minecraft:iron_chestplate":2,"minecraft:shield":1,"minecraft:stick":68,"minecraft:iron_ingot":33,"minecraft:iron_pickaxe":1,"minecraft:iron_leggings":1,"minecraft:white_bed":2,"minecraft:acacia_planks":56,"minecraft:torch":144},"minecraft:killed_by":{"minecraft:player":2,"minecraft:spider":2,"apollyon:the_infector":1,"undead_revamp2:thesomnolence":1,"born_in_chaos_v1:bone_imp_minion":3,"endofherobrine:sheep":1,"man:managgresive":1,"born_in_chaos_v1:supreme_bonescaller_stage_2":1,"antlers:wendigo":1,"endofherobrine:pigman":1,"minecraft:vex":2},"minecraft:custom":{"minecraft:mob_kills":97,"minecraft:interact_with_crafting_table":41,"minecraft:open_barrel":26,"minecraft:damage_dealt_resisted":1371,"minecraft:leave_game":8,"minecraft:time_since_death":19646,"minecraft:climb_one_cm":5383,"minecraft:sprint_one_cm":518030,"minecraft:walk_one_cm":473288,"minecraft:drop":110,"minecraft:talked_to_villager":2,"minecraft:play_time":223761,"minecraft:deaths":17,"minecraft:sneak_time":3133,"minecraft:walk_under_water_one_cm":7026,"minecraft:boat_one_cm":807945,"minecraft:interact_with_lectern":3,"minecraft:interact_with_brewingstand":3,"minecraft:jump":3993,"minecraft:interact_with_blast_furnace":11,"minecraft:walk_on_water_one_cm":23953,"minecraft:total_world_time":223761,"minecraft:interact_with_furnace":37,"minecraft:sleep_in_bed":13,"minecraft:time_since_rest":12273,"minecraft:damage_taken":6908,"minecraft:damage_dealt":16710,"minecraft:player_kills":2,"minecraft:swim_one_cm":73103,"minecraft:fly_one_cm":661363,"minecraft:open_chest":48,"minecraft:crouch_one_cm":10214,"minecraft:interact_with_smoker":10,"minecraft:fall_one_cm":110960},"minecraft:killed":{"born_in_chaos_v1:zombie_lumberjack":1,"born_in_chaos_v1:restless_spirit":2,"minecraft:spider":5,"born_in_chaos_v1:thornshell_crab":3,"born_in_chaos_v1:baby_skeleton_minion":2,"born_in_chaos_v1:maggot":2,"minecraft:chicken":2,"born_in_chaos_v1:fallen_chaos_knight":1,"minecraft:pig":4,"born_in_chaos_v1:bone_imp_minion":5,"born_in_chaos_v1:baby_skeleton":1,"undead_revamp2:the_moonflower":4,"bwrtherain:spider_skull":2,"born_in_chaos_v1:decrepit_skeleton":4,"minecraft:sheep":12,"minecraft:pillager":4,"undead_revamp2:thesomnolence":8,"minecraft:zombie":9,"born_in_chaos_v1:corpse_fly":1,"undead_revamp2:theskeeper":2,"endofherobrine:sheep":6,"endofherobrine:cow":1,"minecraft:cow":10},"minecraft:used":{"minecraft:writable_book":3,"minecraft:flint_and_steel":3,"minecraft:spruce_planks":9,"minecraft:iron_sword":403,"minecraft:cooked_chicken":1,"minecraft:torch":143,"minecraft:jungle_planks":7,"minecraft:carrot":4,"minecraft:dark_oak_planks":7,"minecraft:iron_axe":279,"minecraft:iron_boots":2,"minecraft:light_gray_wool":1,"minecraft:golden_carrot":2,"minecraft:furnace":5,"minecraft:cooked_beef":9,"minecraft:acacia_planks":40,"minecraft:iron_leggings":1,"born_in_chaos_v1:spiny_shell_armor_helmet":1,"minecraft:cooked_mutton":8,"minecraft:leather_leggings":3,"minecraft:stone_pickaxe":37,"minecraft:oak_planks":46,"minecraft:wooden_pickaxe":11,"minecraft:white_wool":1,"minecraft:sand":19,"minecraft:crafting_table":8,"born_in_chaos_v1:holiday_candy":1,"minecraft:white_bed":11,"minecraft:apple":2,"minecraft:bread":18,"minecraft:iron_pickaxe":188,"minecraft:golden_helmet":5,"minecraft:golden_leggings":2,"minecraft:cobblestone":13,"minecraft:cooked_porkchop":4,"minecraft:oak_boat":4,"minecraft:experience_bottle":1},"minecraft:picked_up":{"sophisticatedbackpacks:gold_backpack":2,"minecraft:iron_chestplate":2,"minecraft:crafting_table":3,"minecraft:black_carpet":7,"minecraft:wheat":10,"minecraft:chicken":2,"born_in_chaos_v1:seedof_chaos":3,"minecraft:leather_leggings":5,"minecraft:wooden_pickaxe":1,"minecraft:oak_stairs":1,"minecraft:gold_block":1,"minecraft:chain":1,"minecraft:shield":2,"born_in_chaos_v1:holiday_candy":1,"minecraft:polished_deepslate":9,"minecraft:string":18,"minecraft:iron_axe":11,"minecraft:smooth_stone_slab":2,"minecraft:iron_leggings":1,"born_in_chaos_v1:black_argillite_brick":1,"minecraft:cobbled_deepslate":1,"minecraft:smooth_stone":1,"minecraft:spruce_planks":11,"minecraft:beef":26,"minecraft:oak_boat":2,"minecraft:iron_pickaxe":11,"minecraft:light_gray_wool":2,"minecraft:iron_boots":3,"minecraft:furnace":7,"minecraft:golden_helmet":8,"minecraft:stick":30,"minecraft:raw_iron":25,"born_in_chaos_v1:shattered_skull":3,"minecraft:torch":33,"minecraft:acacia_log":14,"sophisticatedbackpacks:backpack":1,"minecraft:porkchop":8,"born_in_chaos_v1:pileof_dark_metal":3,"minecraft:carrot":2,"born_in_chaos_v1:black_argillite_brick_stairs":2,"born_in_chaos_v1:pieceofdarkmetal":3,"minecraft:dark_oak_planks":9,"minecraft:arrow":33,"minecraft:rotten_flesh":38,"minecraft:polished_basalt":7,"minecraft:hay_block":72,"minecraft:iron_block":6,"born_in_chaos_v1:spiny_shell":5,"minecraft:blaze_rod":2,"minecraft:mutton":46,"minecraft:white_wool":15,"minecraft:cobblestone":179,"biomesoplenty:lavender":2,"born_in_chaos_v1:spiny_shell_armor_helmet":1,"born_in_chaos_v1:corpse_maggot":4,"minecraft:feather":4,"minecraft:cooked_beef":16,"minecraft:golden_carrot":1,"minecraft:jungle_log":8,"minecraft:leather":30,"minecraft:golden_leggings":3,"minecraft:smoker":1,"minecraft:birch_planks":2,"minecraft:filled_map":9,"minecraft:oak_log":44,"born_in_chaos_v1:black_argillite_button":2,"minecraft:gunpowder":77,"minecraft:dirt":1,"minecraft:name_tag":4,"minecraft:cooked_mutton":3,"minecraft:bone":33,"minecraft:acacia_planks":92,"minecraft:gray_carpet":22,"minecraft:wheat_seeds":8,"minecraft:deepslate_brick_slab":4,"born_in_chaos_v1:smoked_flesh":8,"minecraft:iron_ingot":32,"minecraft:stone_pickaxe":2,"born_in_chaos_v1:chipped_black_argillite_brick":1,"minecraft:iron_sword":13,"minecraft:oak_planks":234,"minecraft:book":51,"minecraft:dark_oak_slab":3,"minecraft:cooked_porkchop":6,"born_in_chaos_v1:orbofthe_summoner":1,"minecraft:lava_bucket":1,"minecraft:sand":64,"minecraft:jungle_planks":64,"minecraft:white_bed":12,"minecraft:spruce_log":2,"minecraft:dark_oak_log":9,"minecraft:spider_eye":1,"minecraft:spruce_door":1,"born_in_chaos_v1:black_argillite_brick_slab":2,"minecraft:diamond":5,"minecraft:writable_book":1,"minecraft:granite":10,"minecraft:golden_apple":2,"minecraft:bread":9,"minecraft:oak_sapling":1,"minecraft:melon_seeds":1,"minecraft:dark_oak_fence":1,"minecraft:coal":64,"minecraft:crimson_roots":1}},"DataVersion":3465}