{"stats":{"minecraft:killed":{"minecraft:vindicator":1,"minecraft:pillager":1},"minecraft:used":{"minecraft:bread":7,"immersive_armors:warrior_helmet":1,"minecraft:spruce_planks":8,"minecraft:shield":4,"aquamirae:dagger_of_greed":10},"minecraft:dropped":{"alexsmobs:animal_dictionary":1},"minecraft:custom":{"minecraft:open_barrel":11,"minecraft:time_since_rest":1483,"minecraft:deaths":1,"minecraft:play_time":8597,"minecraft:sprint_one_cm":42502,"spartanshields:shield_bash_hits":1,"minecraft:damage_taken":534,"minecraft:walk_one_cm":39640,"minecraft:damage_blocked_by_shield":240,"minecraft:sneak_time":14,"minecraft:walk_under_water_one_cm":238,"minecraft:mob_kills":2,"minecraft:drop":1,"minecraft:jump":308,"minecraft:damage_dealt":392,"minecraft:time_since_death":1452,"minecraft:walk_on_water_one_cm":794,"minecraft:total_world_time":8597,"minecraft:swim_one_cm":3261,"minecraft:fall_one_cm":7957,"minecraft:fly_one_cm":87075},"minecraft:killed_by":{"minecraft:pillager":1},"minecraft:picked_up":{"minecraft:iron_axe":1,"immersive_armors:warrior_helmet":1,"minecraft:spruce_planks":16,"minecraft:iron_ingot":37,"minecraft:emerald":12,"minecraft:spruce_log":1},"minecraft:crafted":{"minecraft:spruce_planks":4}},"DataVersion":3465}