{"stats":{"minecraft:killed":{"minecraft:pillager":3,"aquamirae:maw":3,"minecraft:vindicator":1},"minecraft:used":{"aquamirae:esca":1,"simplyswords:diamond_glaive":9,"minecraft:iron_axe":17,"minecraft:bread":20,"minecraft:spruce_planks":23,"minecraft:shield":13,"minecraft:crafting_table":3,"immersive_armors:warrior_helmet":1,"minecraft:crossbow":1,"minecraft:white_bed":4,"aquamirae:dagger_of_greed":94},"minecraft:dropped":{"aquamirae:ship_graveyard_echo":1,"aquamirae:fin":1,"alexsmobs:animal_dictionary":1,"aquamirae:esca":1,"minecraft:iron_chestplate":1,"minecraft:crossbow":1,"mowziesmobs:ice_crystal":1,"minecraft:iron_helmet":1,"minecraft:iron_leggings":1,"minecraft:iron_boots":1,"minecraft:leather_helmet":2,"aquamirae:anglers_fang":2},"minecraft:custom":{"minecraft:time_since_rest":745,"minecraft:sprint_one_cm":164251,"minecraft:damage_taken":3790,"spartanshields:shield_bash_hits":4,"minecraft:walk_one_cm":211361,"minecraft:damage_blocked_by_shield":1215,"minecraft:mob_kills":7,"minecraft:drop":13,"minecraft:damage_dealt":2454,"minecraft:interact_with_crafting_table":2,"minecraft:swim_one_cm":12958,"minecraft:fly_one_cm":414699,"minecraft:player_kills":2,"minecraft:open_barrel":28,"minecraft:open_chest":1,"minecraft:crouch_one_cm":2324,"minecraft:play_time":38597,"minecraft:deaths":11,"minecraft:sneak_time":319,"minecraft:walk_under_water_one_cm":2993,"minecraft:jump":1058,"minecraft:walk_on_water_one_cm":9470,"minecraft:time_since_death":712,"minecraft:sleep_in_bed":2,"minecraft:total_world_time":38597,"minecraft:fall_one_cm":17128},"minecraft:killed_by":{"minecraft:vindicator":1,"minecraft:player":2,"aquamirae:captain_cornelia":6,"aquamirae:anglerfish":1,"minecraft:pillager":1},"minecraft:broken":{"minecraft:shield":1},"minecraft:picked_up":{"minecraft:crafting_table":1,"aquamirae:ship_graveyard_echo":1,"aquamirae:anglers_fang":2,"aquamirae:fin":1,"minecraft:white_bed":4,"minecraft:spruce_log":3,"aquamirae:sharp_bones":1,"aquamirae:esca":2,"minecraft:string":1,"minecraft:leather_helmet":2,"minecraft:iron_axe":1,"immersive_armors:warrior_helmet":1,"minecraft:spruce_planks":19,"minecraft:crossbow":1,"minecraft:iron_ingot":37,"minecraft:emerald":34},"minecraft:mined":{"minecraft:spruce_planks":1,"minecraft:white_bed":3,"minecraft:spruce_log":1,"minecraft:crafting_table":1,"minecraft:packed_ice":2},"minecraft:crafted":{"minecraft:iron_boots":1,"minecraft:iron_chestplate":1,"minecraft:crafting_table":2,"minecraft:spruce_planks":12,"minecraft:iron_leggings":1}},"DataVersion":3465}