{"stats":{"minecraft:used":{"minecraft:dark_oak_stairs":1,"minecraft:stone_sword":77,"minecraft:flint_and_steel":47,"minecraft:oak_planks":20,"minecraft:spruce_planks":13,"minecraft:shield":34,"minecraft:iron_sword":109,"simplyswords:diamond_halberd":37,"minecraft:green_bed":2,"minecraft:tnt":6,"minecraft:spruce_wood":1,"minecraft:iron_axe":115,"minecraft:bread":23,"promenade:palm_planks":64},"minecraft:mined":{"minecraft:spruce_planks":3,"minecraft:lectern":1,"minecraft:oak_planks":3,"minecraft:oak_trapdoor":1,"minecraft:fire":14,"minecraft:tnt":1,"treechop:chopped_log":5,"regions_unexplored:sandy_grass":1,"minecraft:dark_oak_stairs":1,"minecraft:oak_log":6,"minecraft:azalea_leaves":1,"minecraft:tripwire_hook":1,"minecraft:oak_leaves":5,"minecraft:spruce_slab":1,"minecraft:green_bed":4,"regions_unexplored:barrel_cactus":1},"minecraft:picked_up":{"promenade:banana":1,"minecraft:feather":14,"regions_unexplored:eucalyptus_log":38,"minecraft:tripwire_hook":3,"minecraft:leather":8,"minecraft:oak_log":6,"promenade:palm_sapling":8,"mythicmounts:firebird_feather3":3,"minecraft:dirt":7,"minecraft:oak_trapdoor":1,"minecraft:bone":10,"promenade:palm_log":36,"minecraft:spruce_planks":3,"minecraft:beef":8,"minecraft:iron_ingot":7,"minecraft:player_head":1,"twigs:twig":8,"minecraft:poppy":1,"minecraft:spruce_slab":1,"minecraft:lectern":1,"minecraft:melon_slice":2,"minecraft:coal_block":2,"minecraft:oak_planks":4,"minecraft:iron_sword":1,"minecraft:dark_oak_stairs":1,"regions_unexplored:eucalyptus_sapling":6,"minecraft:dark_oak_slab":17,"minecraft:green_bed":4,"minecraft:spruce_stairs":6,"minecraft:porkchop":1,"minecraft:tnt":1,"minecraft:arrow":8,"minecraft:rotten_flesh":5,"minecraft:diamond":7,"minecraft:emerald":1,"supplementaries:ash":80,"minecraft:oak_sapling":4,"minecraft:black_wool":4,"minecraft:skeleton_skull":2},"minecraft:custom":{"lootr:looted_stat":45,"minecraft:interact_with_furnace":1,"minecraft:mob_kills":14,"minecraft:interact_with_crafting_table":6,"minecraft:damage_dealt_resisted":0,"minecraft:leave_game":1,"minecraft:damage_resisted":28,"minecraft:time_since_death":8385,"minecraft:sleep_in_bed":4,"minecraft:climb_one_cm":2145,"minecraft:hex":0,"minecraft:time_since_rest":7136,"minecraft:sprint_one_cm":197142,"minecraft:damage_taken":5099,"minecraft:walk_one_cm":182938,"minecraft:damage_blocked_by_shield":1561,"minecraft:drop":27,"minecraft:damage_dealt":6190,"minecraft:swim_one_cm":5081,"minecraft:talked_to_villager":3,"minecraft:fly_one_cm":187417,"minecraft:open_chest":2,"minecraft:crouch_one_cm":3022,"minecraft:play_time":63328,"minecraft:deaths":12,"minecraft:sneak_time":837,"minecraft:walk_under_water_one_cm":6138,"minecraft:jump":1341,"minecraft:walk_on_water_one_cm":7411,"minecraft:total_world_time":63328,"minecraft:fall_one_cm":32951,"minecraft:horse_one_cm":4817},"minecraft:crafted":{"grassoverhaul:dirt_sod_patch":14,"minecraft:oak_planks":24,"vinery:grapevine_stem":24,"minecraft:spruce_planks":12,"regions_unexplored:eucalyptus_planks":152,"minecraft:diamond_leggings":1,"minecraft:iron_axe":1,"minecraft:stick":4,"minecraft:iron_pickaxe":1,"promenade:palm_planks":96},"minecraft:dropped":{"grassoverhaul:dirt_sod_patch":14,"minecraft:porkchop":1,"promenade:palm_sapling":8,"minecraft:stone_sword":1,"minecraft:dark_oak_slab":1,"minecraft:iron_boots":1,"minecraft:leather":4,"mythicmounts:firebird_feather3":1,"minecraft:coal_block":2,"minecraft:spruce_stairs":6,"minecraft:poppy":1,"supplementaries:ash":16,"minecraft:gunpowder":1,"minecraft:skeleton_skull":2,"minecraft:melon_slice":2,"promenade:banana":1,"vinery:grapevine_stem":24,"minecraft:beef":6,"minecraft:tripwire_hook":3,"minecraft:black_wool":2},"minecraft:broken":{"minecraft:iron_sword":1},"minecraft:killed_by":{"mutantmonsters:mutant_zombie":1,"minecraft:skeleton":8,"minecraft:zombie":1,"minecraft:iron_golem":1},"minecraft:killed":{"minecraft:husk":1,"minecraft:parrot":2,"minecraft:pig":1,"minecraft:skeleton":6,"minecraft:zombie":2}},"DataVersion":3465}