{"stats":{"minecraft:killed":{"hordes:zombie_player":4,"minecraft:chicken":2,"minecraft:drowned":7,"alexsmobs:kangaroo":2,"minecraft:pig":2,"minecraft:zombie_villager":1,"minecraft:wandering_trader":1,"hordes:drowned_player":2,"minecraft:trader_llama":1,"minecraft:zombie":46,"alexsmobs:fly":1,"minecraft:cow":2},"minecraft:custom":{"minecraft:mob_kills":72,"minecraft:interact_with_crafting_table":33,"minecraft:open_barrel":12,"minecraft:damage_dealt_resisted":462,"minecraft:leave_game":4,"minecraft:time_since_death":358,"minecraft:climb_one_cm":25724,"minecraft:sprint_one_cm":315489,"minecraft:walk_one_cm":277873,"minecraft:drop":82,"minecraft:damage_dealt_absorbed":48,"minecraft:talked_to_villager":3,"minecraft:play_time":155894,"minecraft:deaths":26,"minecraft:sneak_time":4836,"minecraft:walk_under_water_one_cm":63919,"minecraft:boat_one_cm":510528,"minecraft:jump":3101,"minecraft:walk_on_water_one_cm":62840,"minecraft:total_world_time":155894,"minecraft:interact_with_furnace":38,"minecraft:sleep_in_bed":5,"minecraft:time_since_rest":385,"minecraft:damage_taken":8490,"minecraft:damage_dealt":15396,"minecraft:swim_one_cm":132041,"minecraft:fly_one_cm":521585,"minecraft:open_chest":7,"minecraft:crouch_one_cm":11687,"minecraft:fall_one_cm":88897,"minecraft:horse_one_cm":99862},"minecraft:used":{"minecraft:oak_fence":1,"minecraft:white_terracotta":1,"minecraft:iron_sword":23,"minecraft:rotten_flesh":3,"minecraft:iron_chestplate":1,"minecraft:orange_bed":2,"minecraft:torch":44,"minecraft:dirt":2,"alexsmobs:cooked_kangaroo_meat":3,"minecraft:wooden_axe":36,"minecraft:iron_axe":40,"minecraft:iron_boots":3,"marbledsarsenal:police_baton":283,"minecraft:furnace":5,"minecraft:iron_leggings":1,"minecraft:birch_planks":45,"minecraft:stone_pickaxe":17,"minecraft:oak_planks":6,"minecraft:wooden_pickaxe":6,"minecraft:birch_boat":1,"minecraft:red_bed":1,"minecraft:crafting_table":14,"minecraft:oak_log":3,"alexsmobs:flying_fish":1,"minecraft:diamond_pickaxe":50,"minecraft:bread":22,"minecraft:iron_pickaxe":251,"minecraft:diamond_ore":2,"minecraft:stone_axe":21,"minecraft:wooden_sword":17,"minecraft:cobblestone":47,"minecraft:cooked_porkchop":5,"minecraft:bucket":1,"minecraft:oak_boat":2,"alexsmobs:animal_dictionary":3},"minecraft:crafted":{"minecraft:wooden_sword":4,"minecraft:oak_planks":76,"ecologics:coconut_planks":8,"minecraft:birch_boat":1,"minecraft:furnace":2,"minecraft:iron_boots":2,"minecraft:iron_axe":1,"minecraft:stone_pickaxe":2,"minecraft:wheat":108,"minecraft:cooked_porkchop":5,"minecraft:crafting_table":10,"minecraft:wooden_pickaxe":2,"alexsmobs:cooked_kangaroo_meat":3,"minecraft:bucket":1,"minecraft:birch_planks":120,"minecraft:stone_axe":1,"minecraft:bread":36,"minecraft:air":0,"minecraft:oak_boat":2,"minecraft:iron_chestplate":1,"minecraft:diamond_pickaxe":1,"minecraft:stick":48,"minecraft:iron_ingot":37,"minecraft:iron_pickaxe":1,"minecraft:wooden_axe":2,"minecraft:iron_leggings":1,"minecraft:gold_ingot":7,"minecraft:torch":40},"minecraft:broken":{"minecraft:iron_pickaxe":1},"minecraft:picked_up":{"minecraft:wooden_axe":1,"minecraft:crafting_table":6,"minecraft:iron_chestplate":6,"minecraft:chicken":1,"minecraft:wooden_pickaxe":1,"minecraft:gold_block":7,"minecraft:enchanted_book":13,"minecraft:red_bed":1,"minecraft:raw_copper":126,"minecraft:iron_axe":6,"minecraft:wooden_sword":3,"minecraft:iron_leggings":6,"minecraft:cobbled_deepslate":162,"minecraft:beef":8,"minecraft:iron_nugget":18,"minecraft:iron_pickaxe":2,"minecraft:lectern":7,"minecraft:sugar_cane":27,"minecraft:birch_sapling":7,"minecraft:phantom_membrane":6,"minecraft:iron_boots":6,"minecraft:furnace":15,"minecraft:stick":52,"minecraft:raw_iron":237,"marbledsarsenal:police_baton":7,"ecologics:coconut_slice":2,"minecraft:copper_ingot":76,"minecraft:oak_fence":1,"minecraft:torch":37,"minecraft:porkchop":5,"pointblank:gunmetal_nugget":231,"psg:sulphur":11,"minecraft:golden_axe":1,"minecraft:pointed_dripstone":10,"minecraft:redstone":336,"pointblank:ammo45acp":230,"pointblank:m1911a1":7,"minecraft:orange_bed":6,"minecraft:rotten_flesh":17,"ecologics:coconut_log":2,"k_turrets:raw_titanium":1,"minecraft:hay_block":12,"projectvibrantjourneys:cattail":3,"minecraft:bookshelf":12,"minecraft:saddle":2,"minecraft:gold_ingot":148,"minecraft:white_terracotta":1,"alexsmobs:flying_fish":1,"alexsmobs:kangaroo_meat":3,"minecraft:cobblestone":266,"minecraft:birch_log":30,"minecraft:feather":1,"minecraft:leather":28,"minecraft:birch_planks":8,"create:raw_zinc":12,"minecraft:oak_log":78,"minecraft:lily_pad":17,"alexsmobs:cooked_kangaroo_meat":2,"minecraft:gunpowder":58,"marbledsarsenal:cm6m_gas_mask":7,"minecraft:dirt":10,"minecraft:leather_boots":1,"minecraft:bone":11,"minecraft:stone_bricks":1,"minecraft:wheat_seeds":42,"minecraft:raw_gold":175,"minecraft:iron_ingot":98,"minecraft:stone_pickaxe":1,"minecraft:iron_sword":2,"minecraft:oak_planks":3,"minecraft:book":196,"projectvibrantjourneys:light_brown_bark_mushroom":1,"minecraft:cooked_porkchop":3,"minecraft:lava_bucket":6,"minecraft:spider_eye":1,"alexsmobs:kangaroo_hide":3,"minecraft:diamond":21,"minecraft:stone_axe":2,"minecraft:bread":203,"minecraft:emerald":7,"alexsmobs:maggot":1,"projectvibrantjourneys:orange_bark_mushroom":1,"minecraft:oak_sapling":5,"minecraft:coal":529,"minecraft:diamond_pickaxe":5},"minecraft:mined":{"minecraft:diamond_ore":2,"create:deepslate_zinc_ore":2,"minecraft:deepslate_diamond_ore":2,"minecraft:grass_block":3,"ecologics:coconut_log":2,"minecraft:hay_block":12,"minecraft:tall_seagrass":1,"minecraft:furnace":4,"minecraft:brown_stained_glass":1,"minecraft:iron_ore":43,"minecraft:green_stained_glass":1,"minecraft:gold_block":1,"minecraft:bookshelf":8,"minecraft:pointed_dripstone":3,"minecraft:deepslate_iron_ore":8,"minecraft:stone":78,"minecraft:orange_bed":2,"projectvibrantjourneys:cattail":1,"minecraft:deepslate_redstone_ore":11,"minecraft:glass_pane":1,"minecraft:red_bed":2,"psg:deepslate_sulphur_ore":2,"minecraft:oak_fence":1,"minecraft:crafting_table":6,"minecraft:torch":1,"projectvibrantjourneys:twigs":1,"minecraft:lectern":1,"minecraft:copper_ore":1,"minecraft:cobblestone":15,"minecraft:lily_pad":2,"minecraft:sugar_cane":8,"minecraft:oak_planks":6,"minecraft:wall_torch":3,"minecraft:deepslate_copper_ore":6,"minecraft:white_terracotta":1,"minecraft:birch_log":30,"minecraft:blue_ice":1,"minecraft:birch_leaves":38,"projectvibrantjourneys:sandy_sprouts":1,"k_turrets:titanium_ore":1,"minecraft:grass":4,"minecraft:oak_log":30,"minecraft:coal_ore":93,"projectvibrantjourneys:short_grass":4,"minecraft:oak_fence_gate":1,"minecraft:dirt":7,"minecraft:stone_bricks":1,"minecraft:gold_ore":11,"minecraft:oak_leaves":12,"minecraft:deepslate":28},"minecraft:killed_by":{"hordes:zombie_player":10,"minecraft:zombie_horse":1,"minecraft:drowned":4,"hordes:drowned_player":2,"alexsmobs:crocodile":2,"minecraft:zombie":4},"minecraft:dropped":{"minecraft:iron_sword":1,"minecraft:birch_planks":3,"minecraft:wheat_seeds":12,"minecraft:oak_log":10,"minecraft:golden_axe":1,"minecraft:feather":1,"minecraft:saddle":1,"projectvibrantjourneys:orange_bark_mushroom":1,"minecraft:coal":75,"minecraft:stick":8,"minecraft:dirt":8,"minecraft:torch":1,"minecraft:wooden_axe":2,"minecraft:wooden_sword":5,"minecraft:iron_pickaxe":1,"minecraft:orange_bed":1,"minecraft:lily_pad":8,"minecraft:bone":1,"minecraft:stone_axe":2,"alexsmobs:maggot":1,"alexsmobs:animal_dictionary":1,"minecraft:birch_sapling":5,"minecraft:pointed_dripstone":10,"minecraft:chicken":1,"minecraft:rotten_flesh":10,"minecraft:oak_planks":3,"minecraft:iron_boots":1,"psg:sulphur":11,"pointblank:gunmetal_nugget":11,"alexsmobs:kangaroo_hide":3,"projectvibrantjourneys:light_brown_bark_mushroom":1,"minecraft:gunpowder":1,"minecraft:leather_boots":1,"minecraft:oak_sapling":1,"k_turrets:raw_titanium":1,"minecraft:spider_eye":1,"minecraft:stone_bricks":1,"projectvibrantjourneys:cattail":1,"minecraft:wooden_pickaxe":2,"minecraft:beef":4,"minecraft:stone_pickaxe":2,"minecraft:raw_gold":14}},"DataVersion":3465}