{"stats":{"minecraft:used":{"minecraft:stone_sword":77,"minecraft:flint_and_steel":53,"minecraft:bone_block":2,"minecraft:spruce_planks":13,"minecraft:shield":36,"minecraft:iron_sword":150,"minecraft:player_head":1,"regions_unexplored:baobab_boat":1,"minecraft:iron_axe":121,"minecraft:spruce_wood":1,"mythicmounts:firebird_feather3":2,"regions_unexplored:eucalyptus_planks":152,"minecraft:egg":1,"promenade:palm_planks":96,"minecraft:dark_oak_stairs":1,"minecraft:oak_planks":27,"minecraft:sandstone":1,"minecraft:cut_sandstone":2,"simplyswords:diamond_halberd":40,"minecraft:diamond_axe":18,"minecraft:green_bed":4,"minecraft:tnt":6,"minecraft:crafting_table":2,"minecraft:iron_pickaxe":25,"minecraft:bread":39,"regions_unexplored:baobab_planks":151,"netherdepthsupgrade:eyeball_fish":1,"graveyard:dark_iron_block":1},"minecraft:picked_up":{"minecraft:smithing_table":1,"minecraft:brewing_stand":1,"minecraft:oak_trapdoor":1,"minecraft:raw_copper":3,"minecraft:spruce_planks":3,"minecraft:beef":8,"minecraft:player_head":1,"minecraft:poppy":1,"minecraft:lectern":1,"minecraft:spruce_slab":1,"minecraft:melon_slice":2,"minecraft:coal_block":2,"minecraft:egg":1,"minecraft:stick":2,"minecraft:sandstone":16,"minecraft:green_bed":5,"minecraft:cyan_glazed_terracotta":1,"minecraft:spruce_stairs":6,"minecraft:porkchop":1,"minecraft:prismarine_crystals":2,"minecraft:tnt":1,"minecraft:arrow":8,"minecraft:rotten_flesh":14,"simplyswords:diamond_halberd":1,"minecraft:sandstone_stairs":1,"supplementaries:ash":80,"minecraft:skeleton_skull":2,"minecraft:bone_block":2,"minecraft:cobblestone":46,"promenade:banana":1,"minecraft:feather":14,"minecraft:lilac":1,"regions_unexplored:eucalyptus_log":58,"minecraft:tripwire_hook":3,"minecraft:cut_sandstone":5,"minecraft:leather":8,"minecraft:oak_log":6,"promenade:palm_sapling":8,"mythicmounts:firebird_feather3":3,"minecraft:dirt":7,"minecraft:bone":10,"promenade:palm_log":36,"minecraft:iron_ingot":7,"twigs:twig":12,"minecraft:iron_sword":1,"minecraft:oak_planks":4,"minecraft:dark_oak_stairs":1,"regions_unexplored:eucalyptus_sapling":6,"minecraft:dark_oak_slab":17,"minecraft:sand":1,"regions_unexplored:baobab_planks":192,"graveyard:dark_iron_block":1,"minecraft:chiseled_sandstone":1,"techreborn:sapphire_gem":5,"minecraft:diamond":7,"minecraft:emerald":6,"minecraft:oak_sapling":4,"minecraft:black_wool":4,"minecraft:coal":3},"minecraft:mined":{"techreborn:sapphire_ore":4,"minecraft:spruce_planks":3,"minecraft:sea_lantern":1,"minecraft:brewing_stand":1,"regions_unexplored:elephant_ear":1,"minecraft:oak_trapdoor":1,"minecraft:fire":15,"treechop:chopped_log":6,"minecraft:dark_oak_stairs":1,"minecraft:azalea_leaves":1,"minecraft:stone":5,"minecraft:bone_block":2,"minecraft:spruce_slab":1,"minecraft:green_bed":5,"regions_unexplored:barrel_cactus":1,"minecraft:smithing_table":1,"minecraft:cyan_glazed_terracotta":1,"minecraft:emerald_ore":5,"minecraft:lectern":1,"minecraft:deepslate_coal_ore":1,"minecraft:oak_planks":3,"graveyard:dark_iron_block":1,"minecraft:lilac":1,"minecraft:tnt":1,"regions_unexplored:sandy_grass":1,"minecraft:grass":1,"minecraft:oak_log":6,"minecraft:coal_ore":2,"minecraft:tripwire_hook":1,"minecraft:oak_leaves":6},"minecraft:custom":{"minecraft:interact_with_smithing_table":1,"lootr:looted_stat":50,"minecraft:mob_kills":24,"minecraft:interact_with_crafting_table":11,"minecraft:damage_dealt_resisted":0,"minecraft:leave_game":4,"minecraft:time_since_death":18702,"minecraft:climb_one_cm":5880,"minecraft:damage_resisted":28,"minecraft:sprint_one_cm":379939,"minecraft:walk_one_cm":280481,"minecraft:damage_blocked_by_shield":1623,"minecraft:drop":45,"minecraft:talked_to_villager":11,"minecraft:play_time":122767,"minecraft:deaths":16,"minecraft:sneak_time":3408,"minecraft:walk_under_water_one_cm":13526,"minecraft:boat_one_cm":25930,"minecraft:interact_with_lectern":1,"minecraft:jump":2916,"minecraft:interact_with_brewingstand":1,"minecraft:walk_on_water_one_cm":11340,"minecraft:total_world_time":122767,"minecraft:interact_with_furnace":1,"minecraft:sleep_in_bed":6,"minecraft:hex":0,"minecraft:time_since_rest":13968,"minecraft:damage_taken":7180,"minecraft:damage_dealt":7758,"minecraft:swim_one_cm":23716,"minecraft:fly_one_cm":445103,"minecraft:open_chest":4,"minecraft:crouch_one_cm":19125,"minecraft:fall_one_cm":85955,"minecraft:horse_one_cm":4817},"minecraft:crafted":{"grassoverhaul:dirt_sod_patch":14,"minecraft:oak_planks":24,"minecraft:diamond_leggings":1,"minecraft:iron_axe":1,"promenade:palm_planks":96,"vinery:grapevine_stem":24,"minecraft:diamond_axe":1,"minecraft:crafting_table":2,"minecraft:spruce_planks":12,"regions_unexplored:eucalyptus_planks":152,"regions_unexplored:baobab_boat":1,"minecraft:stick":8,"minecraft:iron_pickaxe":1},"minecraft:dropped":{"grassoverhaul:dirt_sod_patch":14,"minecraft:porkchop":1,"minecraft:lilac":1,"promenade:palm_sapling":8,"minecraft:diamond_leggings":1,"minecraft:dark_oak_slab":1,"minecraft:cobblestone":46,"minecraft:prismarine_crystals":2,"simplyswords:diamond_halberd":1,"minecraft:leather":4,"minecraft:spruce_stairs":6,"minecraft:coal_block":2,"minecraft:stick":2,"minecraft:melon_slice":2,"promenade:banana":1,"minecraft:tripwire_hook":3,"twigs:twig":9,"minecraft:stone_sword":1,"minecraft:raw_copper":3,"minecraft:rotten_flesh":14,"minecraft:iron_boots":3,"mythicmounts:firebird_feather3":1,"minecraft:poppy":1,"supplementaries:ash":16,"minecraft:gunpowder":1,"minecraft:skeleton_skull":2,"minecraft:oak_sapling":3,"regions_unexplored:eucalyptus_sapling":6,"minecraft:sandstone":15,"vinery:grapevine_stem":24,"minecraft:beef":6,"minecraft:black_wool":2},"minecraft:broken":{"minecraft:iron_axe":1,"minecraft:iron_sword":1},"minecraft:killed_by":{"minecraft:husk":2,"mutantmonsters:mutant_zombie":1,"minecraft:iron_golem":1,"minecraft:skeleton":8,"minecraft:zombie":1},"minecraft:killed":{"minecraft:skeleton":6,"minecraft:husk":3,"minecraft:parrot":2,"minecraft:pig":1,"minecraft:sheep":1,"minecraft:zombie":3}},"DataVersion":3465}