{"stats":{"minecraft:mined":{"minecraft:spruce_planks":3,"minecraft:white_bed":14,"minecraft:jungle_leaves":1,"minecraft:potted_crimson_fungus":1,"minecraft:obsidian":11,"minecraft:granite":10,"minecraft:acacia_log":14,"minecraft:grass_block":5,"biomesoplenty:flowering_oak_leaves":1,"minecraft:spawner":7,"minecraft:magma_block":1,"minecraft:iron_ore":23,"born_in_chaos_v1:black_argillite_brick_slab":1,"minecraft:fire":8,"born_in_chaos_v1:black_argillite_brick_stairs":7,"biomesoplenty:lavender":1,"minecraft:black_carpet":12,"minecraft:oak_stairs":1,"minecraft:iron_block":3,"minecraft:orange_bed":3,"minecraft:smoker":1,"biomesoplenty:wildflower":1,"minecraft:torch":3,"minecraft:chest":1,"minecraft:cobblestone":21,"minecraft:oak_planks":49,"minecraft:wall_torch":6,"minecraft:chain":2,"minecraft:light_gray_wool":1,"born_in_chaos_v1:black_argillite_brick":3,"minecraft:grass":43,"biomesoplenty:clover":1,"minecraft:oak_log":51,"minecraft:sand":14,"minecraft:dirt":9,"minecraft:oak_leaves":28,"minecraft:deepslate_diamond_ore":1,"biomesoplenty:desert_grass":2,"minecraft:dark_oak_log":6,"minecraft:dark_oak_fence":3,"biomesoplenty:bush":2,"born_in_chaos_v1:black_argillite":2,"minecraft:crimson_roots":2,"minecraft:hay_block":72,"minecraft:furnace":4,"minecraft:polished_basalt":1,"minecraft:gold_block":2,"minecraft:bookshelf":12,"minecraft:stone":136,"minecraft:white_wool":1,"minecraft:acacia_leaves":1,"minecraft:crafting_table":5,"endofherobrine:glowing_obsidian":1,"minecraft:tall_grass":2,"born_in_chaos_v1:chipped_black_argillite_brick":1,"biomesoplenty:sprout":2,"minecraft:birch_planks":3,"minecraft:coal_ore":52,"minecraft:gray_carpet":30,"minecraft:acacia_planks":8},"minecraft:dropped":{"minecraft:iron_sword":2,"minecraft:birch_planks":2,"minecraft:cooked_beef":8,"minecraft:ender_pearl":2,"minecraft:diamond":6,"minecraft:cooked_porkchop":2,"minecraft:dark_oak_slab":2,"minecraft:leather":1,"minecraft:dirt":1,"minecraft:dark_oak_fence":1,"minecraft:mutton":9,"minecraft:crimson_roots":1,"minecraft:chain":1,"minecraft:writable_book":1,"born_in_chaos_v1:black_argillite_brick":1,"minecraft:sand":45,"minecraft:iron_pickaxe":2,"minecraft:dark_oak_planks":1,"minecraft:gold_ingot":17,"minecraft:bone":5,"minecraft:cobbled_deepslate":1,"minecraft:black_carpet":7,"minecraft:wheat":5,"minecraft:rotten_flesh":21,"born_in_chaos_v1:smoked_flesh":4,"minecraft:cooked_mutton":4,"minecraft:white_bed":3,"minecraft:carrot":2,"minecraft:tipped_arrow":1,"minecraft:gunpowder":27,"born_in_chaos_v1:chipped_black_argillite_brick":1,"minecraft:melon_seeds":1,"born_in_chaos_v1:corpse_maggot":4,"biomesoplenty:wildflower":1,"minecraft:leather_leggings":2,"minecraft:beef":6,"minecraft:iron_ingot":7,"minecraft:bread":178,"born_in_chaos_v1:shattered_skull":4,"minecraft:wheat_seeds":6,"minecraft:golden_helmet":1,"biomesoplenty:lavender":1,"minecraft:feather":2,"minecraft:iron_helmet":1,"minecraft:cobblestone":58,"born_in_chaos_v1:orbofthe_summoner":1,"man:cassette_1safetyinstructions":1,"minecraft:apple":2,"minecraft:granite":8,"born_in_chaos_v1:black_argillite_brick_slab":2,"minecraft:torch":24,"minecraft:fire_charge":1,"minecraft:potion":1,"minecraft:oak_stairs":1,"minecraft:iron_axe":3,"minecraft:orange_bed":1,"minecraft:string":9,"minecraft:acacia_planks":60,"minecraft:gray_carpet":19,"born_in_chaos_v1:smoldering_scorched_log":1,"minecraft:furnace":1,"born_in_chaos_v1:black_argillite_brick_stairs":2,"born_in_chaos_v1:rotten_fish":3,"minecraft:chicken":2,"born_in_chaos_v1:black_argillite_button":2,"minecraft:light_gray_wool":1,"sophisticatedbackpacks:backpack":1,"minecraft:name_tag":2,"minecraft:shield":3,"minecraft:spruce_planks":1,"minecraft:iron_chestplate":1,"minecraft:oak_sapling":1,"minecraft:stone_pickaxe":3,"minecraft:wooden_pickaxe":2,"minecraft:magma_cream":3},"minecraft:crafted":{"minecraft:oak_planks":220,"minecraft:dark_oak_boat":1,"minecraft:cooked_chicken":1,"born_in_chaos_v1:spiny_shell_armor_chestplate":1,"minecraft:cooked_mutton":9,"minecraft:iron_boots":2,"minecraft:cooked_porkchop":3,"minecraft:crafting_table":5,"minecraft:spruce_planks":8,"minecraft:wooden_pickaxe":1,"minecraft:iron_helmet":2,"minecraft:iron_chestplate":3,"minecraft:diamond_pickaxe":1,"minecraft:shield":1,"minecraft:stick":72,"minecraft:iron_ingot":33,"minecraft:iron_pickaxe":1,"minecraft:furnace":2,"born_in_chaos_v1:spiny_shell_armor_helmet":1,"minecraft:iron_axe":2,"minecraft:stone_pickaxe":1,"minecraft:dark_oak_planks":24,"minecraft:wheat":648,"minecraft:cooked_beef":2,"minecraft:iron_sword":2,"minecraft:bread":216,"minecraft:air":0,"minecraft:jungle_planks":32,"minecraft:oak_boat":2,"minecraft:iron_leggings":2,"minecraft:white_bed":2,"minecraft:acacia_planks":56,"minecraft:torch":160},"minecraft:killed_by":{"born_in_chaos_v1:bone_imp_minion":3,"endofherobrine:sheep":1,"arphex:centipede_evictor":2,"man:managgresive":1,"born_in_chaos_v1:supreme_bonescaller_stage_2":1,"minecraft:vex":4,"minecraft:player":2,"minecraft:spider":4,"apollyon:the_infector":1,"undead_revamp2:thesomnolence":1,"antlers:wendigo":1,"endofherobrine:pigman":1},"minecraft:custom":{"minecraft:interact_with_crafting_table":52,"minecraft:open_barrel":28,"minecraft:leave_game":14,"minecraft:time_since_death":3184,"minecraft:damage_resisted":90,"minecraft:sprint_one_cm":682669,"minecraft:damage_blocked_by_shield":360,"minecraft:drop":133,"minecraft:talked_to_villager":2,"minecraft:play_time":289573,"minecraft:deaths":23,"minecraft:jump":5119,"minecraft:interact_with_brewingstand":4,"minecraft:walk_on_water_one_cm":30654,"minecraft:interact_with_furnace":37,"minecraft:sleep_in_bed":22,"minecraft:damage_dealt":19584,"minecraft:player_kills":2,"minecraft:crouch_one_cm":11898,"minecraft:interact_with_smoker":10,"minecraft:mob_kills":104,"minecraft:damage_dealt_resisted":1481,"minecraft:climb_one_cm":5383,"minecraft:walk_one_cm":608951,"minecraft:sneak_time":4015,"minecraft:walk_under_water_one_cm":9472,"minecraft:boat_one_cm":1018085,"minecraft:interact_with_lectern":3,"minecraft:interact_with_blast_furnace":11,"minecraft:total_world_time":289573,"minecraft:time_since_rest":3215,"minecraft:damage_taken":9564,"minecraft:swim_one_cm":88913,"minecraft:fly_one_cm":859798,"minecraft:open_chest":67,"minecraft:fall_one_cm":134272},"minecraft:killed":{"minecraft:cave_spider":1,"born_in_chaos_v1:restless_spirit":2,"born_in_chaos_v1:zombie_lumberjack":1,"minecraft:spider":6,"born_in_chaos_v1:baby_skeleton_minion":2,"minecraft:chicken":2,"minecraft:pig":5,"bwrtherain:spider_skull":2,"minecraft:sheep":12,"minecraft:pillager":4,"minecraft:zombie":9,"born_in_chaos_v1:corpse_fly":1,"undead_revamp2:theskeeper":2,"endofherobrine:cow":1,"minecraft:cow":10,"born_in_chaos_v1:skeleton_thrasher_not_despawn":1,"born_in_chaos_v1:thornshell_crab":5,"born_in_chaos_v1:maggot":2,"born_in_chaos_v1:fallen_chaos_knight":1,"born_in_chaos_v1:bone_imp_minion":5,"born_in_chaos_v1:baby_skeleton":1,"undead_revamp2:the_moonflower":4,"born_in_chaos_v1:decrepit_skeleton":4,"undead_revamp2:thesomnolence":8,"endofherobrine:sheep":6},"minecraft:used":{"minecraft:writable_book":3,"minecraft:shield":5,"minecraft:iron_sword":411,"minecraft:iron_chestplate":1,"minecraft:jungle_planks":7,"minecraft:carrot":4,"minecraft:obsidian":11,"minecraft:lava_bucket":1,"born_in_chaos_v1:spiny_shell_armor_chestplate":1,"minecraft:iron_helmet":1,"minecraft:dark_oak_boat":1,"minecraft:furnace":5,"born_in_chaos_v1:spiny_shell_armor_helmet":1,"minecraft:leather_leggings":3,"minecraft:oak_planks":46,"minecraft:stone_pickaxe":37,"minecraft:wooden_pickaxe":11,"minecraft:white_wool":1,"minecraft:sand":19,"born_in_chaos_v1:holiday_candy":1,"minecraft:bread":36,"minecraft:golden_helmet":5,"minecraft:oak_boat":4,"minecraft:experience_bottle":1,"minecraft:flint_and_steel":3,"minecraft:spruce_planks":9,"minecraft:cooked_chicken":1,"minecraft:orange_bed":3,"minecraft:torch":148,"minecraft:dirt":10,"minecraft:granite":5,"minecraft:dark_oak_planks":7,"minecraft:iron_axe":373,"minecraft:iron_boots":4,"minecraft:light_gray_wool":1,"minecraft:golden_carrot":2,"minecraft:cooked_beef":9,"minecraft:acacia_planks":40,"minecraft:iron_leggings":3,"minecraft:cooked_mutton":8,"minecraft:water_bucket":8,"minecraft:crafting_table":9,"minecraft:white_bed":14,"minecraft:diamond_pickaxe":83,"minecraft:apple":2,"minecraft:iron_pickaxe":192,"minecraft:golden_leggings":2,"minecraft:cobblestone":24,"minecraft:porkchop":2,"minecraft:cooked_porkchop":4,"minecraft:bucket":9},"minecraft:picked_up":{"minecraft:iron_chestplate":2,"minecraft:wheat":10,"minecraft:black_carpet":7,"minecraft:oak_stairs":1,"born_in_chaos_v1:holiday_candy":1,"minecraft:polished_deepslate":9,"minecraft:string":40,"minecraft:iron_leggings":5,"minecraft:smooth_stone_slab":2,"minecraft:cobbled_deepslate":1,"minecraft:smooth_stone":1,"minecraft:bucket":1,"minecraft:spruce_planks":11,"minecraft:iron_pickaxe":12,"minecraft:furnace":7,"minecraft:iron_boots":7,"minecraft:tipped_arrow":2,"minecraft:golden_helmet":8,"minecraft:stick":30,"born_in_chaos_v1:shattered_skull":7,"minecraft:torch":39,"minecraft:acacia_log":14,"born_in_chaos_v1:pileof_dark_metal":3,"minecraft:porkchop":10,"born_in_chaos_v1:black_argillite_brick_stairs":2,"minecraft:orange_bed":4,"minecraft:rotten_flesh":38,"minecraft:polished_basalt":7,"minecraft:iron_block":8,"minecraft:blaze_rod":2,"minecraft:obsidian":12,"minecraft:cobblestone":241,"biomesoplenty:lavender":2,"born_in_chaos_v1:spiny_shell_armor_helmet":1,"minecraft:feather":4,"minecraft:cooked_beef":16,"minecraft:jungle_log":8,"minecraft:golden_leggings":3,"minecraft:smoker":1,"born_in_chaos_v1:black_argillite_button":2,"minecraft:dirt":11,"minecraft:name_tag":4,"minecraft:bone":39,"minecraft:acacia_planks":92,"minecraft:wheat_seeds":8,"minecraft:deepslate_brick_slab":4,"minecraft:oak_planks":275,"minecraft:cooked_porkchop":6,"minecraft:jungle_planks":64,"minecraft:sand":64,"minecraft:dark_oak_log":11,"minecraft:diamond":5,"minecraft:writable_book":1,"minecraft:granite":13,"minecraft:golden_apple":2,"minecraft:bread":276,"minecraft:oak_sapling":1,"born_in_chaos_v1:rotten_fish":3,"minecraft:dark_oak_fence":1,"minecraft:crimson_roots":1,"minecraft:diamond_pickaxe":5,"sophisticatedbackpacks:gold_backpack":7,"minecraft:crafting_table":4,"minecraft:chicken":2,"minecraft:leather_leggings":5,"born_in_chaos_v1:seedof_chaos":3,"minecraft:wooden_pickaxe":1,"minecraft:gold_block":1,"minecraft:chain":3,"minecraft:shield":9,"minecraft:iron_axe":17,"born_in_chaos_v1:black_argillite_brick":1,"minecraft:beef":26,"minecraft:oak_boat":2,"minecraft:light_gray_wool":2,"biomesoplenty:wildflower":1,"minecraft:raw_iron":25,"sophisticatedbackpacks:backpack":1,"born_in_chaos_v1:pieceofdarkmetal":3,"minecraft:carrot":2,"minecraft:dark_oak_planks":9,"minecraft:arrow":41,"minecraft:hay_block":72,"born_in_chaos_v1:spiny_shell":13,"minecraft:gold_ingot":22,"minecraft:mutton":46,"minecraft:white_wool":15,"born_in_chaos_v1:corpse_maggot":4,"minecraft:golden_carrot":1,"minecraft:leather":30,"minecraft:filled_map":9,"minecraft:birch_planks":2,"minecraft:oak_log":55,"minecraft:gunpowder":77,"minecraft:cooked_mutton":3,"minecraft:gray_carpet":22,"born_in_chaos_v1:smoked_flesh":8,"minecraft:iron_ingot":75,"minecraft:stone_pickaxe":2,"born_in_chaos_v1:chipped_black_argillite_brick":1,"minecraft:iron_sword":14,"minecraft:book":53,"minecraft:dark_oak_slab":3,"born_in_chaos_v1:orbofthe_summoner":1,"minecraft:lava_bucket":1,"minecraft:white_bed":17,"minecraft:spruce_log":2,"minecraft:spruce_door":1,"minecraft:spider_eye":19,"born_in_chaos_v1:black_argillite_brick_slab":2,"minecraft:iron_helmet":4,"born_in_chaos_v1:spiny_shell_armor_chestplate":4,"minecraft:melon_seeds":1,"minecraft:coal":93}},"DataVersion":3465}