{"stats":{"minecraft:mined":{"minecraft:diamond_ore":2,"create:deepslate_zinc_ore":2,"minecraft:white_bed":1,"ecologics:coconut_planks":1,"minecraft:deepslate_diamond_ore":2,"minecraft:grass_block":3,"ecologics:coconut_log":2,"minecraft:spruce_leaves":7,"minecraft:composter":1,"minecraft:hay_block":12,"minecraft:tall_seagrass":1,"minecraft:furnace":4,"minecraft:brown_stained_glass":1,"minecraft:iron_ore":43,"minecraft:fire":4,"minecraft:gold_block":1,"minecraft:green_stained_glass":1,"minecraft:bookshelf":8,"minecraft:pointed_dripstone":3,"minecraft:deepslate_iron_ore":8,"minecraft:stone":78,"minecraft:orange_bed":4,"projectvibrantjourneys:cattail":1,"minecraft:deepslate_redstone_ore":11,"minecraft:glass_pane":1,"minecraft:red_bed":2,"minecraft:powder_snow":5,"minecraft:oak_fence":1,"psg:deepslate_sulphur_ore":2,"minecraft:crafting_table":6,"minecraft:torch":1,"projectvibrantjourneys:twigs":1,"minecraft:chest":1,"minecraft:lectern":1,"minecraft:tall_grass":14,"minecraft:copper_ore":1,"minecraft:cobblestone":16,"minecraft:grindstone":1,"minecraft:lily_pad":2,"minecraft:oak_planks":6,"minecraft:sugar_cane":8,"minecraft:wall_torch":3,"minecraft:deepslate_copper_ore":6,"minecraft:white_terracotta":1,"minecraft:purple_bed":1,"minecraft:birch_log":30,"minecraft:blue_ice":1,"minecraft:spruce_log":5,"minecraft:birch_leaves":40,"projectvibrantjourneys:sandy_sprouts":1,"minecraft:grass":21,"k_turrets:titanium_ore":1,"minecraft:coal_ore":93,"minecraft:oak_log":36,"projectvibrantjourneys:short_grass":10,"minecraft:oak_fence_gate":1,"minecraft:dirt":7,"minecraft:stone_bricks":2,"minecraft:gold_ore":11,"minecraft:oak_leaves":25,"minecraft:deepslate":28},"minecraft:dropped":{"minecraft:bread":10,"minecraft:iron_ingot":2,"minecraft:iron_sword":1,"minecraft:birch_planks":3,"minecraft:wheat_seeds":15,"minecraft:oak_log":10,"marbledsarsenal:police_baton":1,"pointblank:gunmetal_ingot":2,"minecraft:golden_axe":1,"minecraft:feather":1,"minecraft:saddle":1,"projectvibrantjourneys:orange_bark_mushroom":1,"minecraft:coal":75,"minecraft:stick":8,"minecraft:lava_bucket":1,"minecraft:dirt":8,"minecraft:torch":1,"minecraft:wooden_axe":2,"minecraft:cherry_planks":28,"minecraft:wooden_sword":6,"minecraft:iron_axe":1,"minecraft:iron_pickaxe":2,"minecraft:orange_bed":2,"minecraft:lily_pad":8,"pointblank:m1911a1":1,"minecraft:gold_ingot":17,"minecraft:bone":1,"minecraft:stone_axe":2,"alexsmobs:maggot":1,"alexsmobs:animal_dictionary":1,"minecraft:birch_sapling":5,"minecraft:pointed_dripstone":10,"minecraft:chicken":1,"minecraft:rotten_flesh":20,"minecraft:oak_planks":3,"minecraft:iron_boots":1,"minecraft:carrot":1,"psg:sulphur":11,"pointblank:gunmetal_nugget":71,"alexsmobs:kangaroo_hide":3,"max_armory:diamond_katana":1,"projectvibrantjourneys:light_brown_bark_mushroom":1,"minecraft:potato":1,"minecraft:gunpowder":1,"farmersdelight:rope":9,"minecraft:leather_boots":1,"minecraft:oak_sapling":1,"k_turrets:raw_titanium":1,"minecraft:spider_eye":1,"minecraft:stone_bricks":1,"minecraft:arrow":27,"pointblank:workstation":1,"projectvibrantjourneys:cattail":1,"minecraft:beef":4,"minecraft:stone_pickaxe":2,"minecraft:wooden_pickaxe":2,"minecraft:raw_gold":14},"minecraft:picked_up":{"minecraft:wooden_axe":1,"minecraft:iron_chestplate":12,"minecraft:crafting_table":6,"minecraft:chicken":1,"minecraft:leather_leggings":1,"minecraft:lead":12,"minecraft:wooden_pickaxe":1,"minecraft:gold_block":12,"minecraft:enchanted_book":17,"minecraft:shield":6,"minecraft:string":4,"minecraft:red_bed":2,"minecraft:raw_copper":231,"minecraft:iron_axe":12,"minecraft:wooden_sword":5,"minecraft:iron_leggings":6,"minecraft:cobbled_deepslate":162,"minecraft:bucket":1,"minecraft:beef":8,"minecraft:oak_boat":1,"minecraft:iron_nugget":18,"minecraft:iron_pickaxe":4,"minecraft:lectern":11,"minecraft:sugar_cane":27,"minecraft:chest":1,"minecraft:birch_sapling":7,"pointblank:workstation":2,"minecraft:phantom_membrane":6,"minecraft:iron_boots":7,"minecraft:furnace":25,"pointblank:gunmetal_ingot":2,"minecraft:stick":58,"minecraft:raw_iron":442,"marbledsarsenal:police_baton":7,"ecologics:coconut_slice":4,"minecraft:composter":1,"minecraft:copper_ingot":76,"minecraft:oak_fence":1,"minecraft:torch":135,"minecraft:porkchop":5,"pointblank:gunmetal_nugget":441,"psg:sulphur":11,"minecraft:golden_axe":1,"minecraft:pointed_dripstone":10,"minecraft:carrot":7,"minecraft:redstone":682,"pointblank:ammo45acp":230,"pointblank:m1911a1":14,"minecraft:orange_bed":13,"minecraft:rotten_flesh":48,"minecraft:hay_block":12,"k_turrets:raw_titanium":1,"ecologics:coconut_log":2,"farmersdelight:rope":18,"projectvibrantjourneys:cattail":3,"minecraft:bookshelf":20,"minecraft:saddle":2,"minecraft:gold_ingot":165,"minecraft:white_terracotta":1,"alexsmobs:kangaroo_meat":3,"alexsmobs:flying_fish":1,"minecraft:cobblestone":362,"minecraft:birch_log":30,"minecraft:feather":1,"minecraft:cherry_planks":28,"projectvibrantjourneys:fallen_leaves":1,"ecologics:coconut_planks":280,"minecraft:leather":48,"minecraft:potato":1,"minecraft:filled_map":1,"minecraft:birch_planks":24,"max_armory:diamond_katana":1,"create:raw_zinc":12,"minecraft:oak_log":113,"minecraft:lily_pad":17,"alexsmobs:cooked_kangaroo_meat":2,"minecraft:gunpowder":141,"projectvibrantjourneys:sea_oats":1,"marbledsarsenal:cm6m_gas_mask":7,"minecraft:lapis_lazuli":53,"minecraft:dirt":10,"minecraft:leather_boots":1,"minecraft:bone":14,"minecraft:acacia_planks":4,"minecraft:stone_bricks":2,"minecraft:wheat_seeds":45,"minecraft:raw_gold":287,"minecraft:grindstone":1,"minecraft:iron_ingot":100,"minecraft:stone_pickaxe":1,"minecraft:iron_sword":6,"minecraft:oak_planks":3,"minecraft:book":336,"projectvibrantjourneys:light_brown_bark_mushroom":1,"minecraft:black_candle":1,"minecraft:cooked_porkchop":3,"minecraft:lava_bucket":11,"ecologics:coconut_husk":1,"minecraft:spruce_sapling":3,"minecraft:spruce_log":5,"minecraft:white_bed":5,"minecraft:spider_eye":1,"minecraft:leather_helmet":1,"minecraft:iron_hoe":1,"alexsmobs:kangaroo_hide":3,"minecraft:purple_bed":1,"minecraft:diamond":21,"minecraft:stone_axe":2,"minecraft:emerald":14,"minecraft:bread":352,"alexsmobs:maggot":1,"projectvibrantjourneys:orange_bark_mushroom":1,"minecraft:oak_sapling":10,"minecraft:coal":911,"minecraft:diamond_pickaxe":10,"minecraft:ender_pearl":1},"minecraft:used":{"minecraft:oak_fence":1,"minecraft:chest":3,"minecraft:shield":1,"minecraft:white_terracotta":1,"minecraft:iron_sword":92,"ecologics:coconut_planks":42,"minecraft:rotten_flesh":3,"minecraft:iron_chestplate":3,"minecraft:orange_bed":5,"minecraft:torch":44,"minecraft:dirt":2,"alexsmobs:cooked_kangaroo_meat":3,"minecraft:carrot":5,"minecraft:wooden_axe":36,"minecraft:lava_bucket":1,"minecraft:iron_axe":82,"minecraft:iron_boots":4,"marbledsarsenal:police_baton":312,"minecraft:stone_bricks":1,"minecraft:furnace":5,"marbledsarsenal:cm6m_gas_mask":1,"minecraft:iron_leggings":2,"minecraft:birch_planks":45,"minecraft:stone_pickaxe":17,"minecraft:oak_planks":6,"minecraft:wooden_pickaxe":6,"minecraft:birch_boat":1,"minecraft:red_bed":1,"minecraft:crafting_table":15,"minecraft:white_bed":1,"minecraft:oak_log":3,"alexsmobs:flying_fish":1,"minecraft:diamond_pickaxe":60,"minecraft:dark_oak_log":1,"minecraft:bread":43,"minecraft:iron_pickaxe":257,"minecraft:diamond_ore":2,"ecologics:coconut_slice":2,"minecraft:stone_axe":21,"minecraft:wooden_sword":17,"minecraft:cobblestone":47,"minecraft:cooked_porkchop":5,"max_armory:diamond_katana":5,"minecraft:bucket":1,"minecraft:oak_boat":2,"alexsmobs:animal_dictionary":3},"minecraft:broken":{"minecraft:iron_pickaxe":1},"minecraft:custom":{"minecraft:inspect_dropper":1,"minecraft:mob_kills":96,"minecraft:interact_with_crafting_table":35,"minecraft:open_barrel":14,"minecraft:damage_dealt_resisted":688,"minecraft:leave_game":6,"minecraft:time_since_death":16828,"minecraft:climb_one_cm":30138,"minecraft:sprint_one_cm":470404,"minecraft:walk_one_cm":366407,"minecraft:damage_blocked_by_shield":135,"minecraft:drop":118,"minecraft:damage_dealt_absorbed":48,"minecraft:talked_to_villager":15,"minecraft:play_time":217097,"minecraft:deaths":42,"minecraft:sneak_time":7611,"minecraft:walk_under_water_one_cm":83668,"minecraft:jump":4327,"minecraft:boat_one_cm":559031,"minecraft:walk_on_water_one_cm":75029,"minecraft:total_world_time":217097,"minecraft:interact_with_furnace":39,"minecraft:sleep_in_bed":10,"minecraft:time_since_rest":1304,"minecraft:damage_taken":13795,"minecraft:damage_dealt":20376,"minecraft:swim_one_cm":158218,"minecraft:fly_one_cm":737423,"minecraft:crouch_one_cm":20401,"minecraft:open_chest":35,"minecraft:fall_one_cm":139613,"minecraft:inspect_dispenser":1,"minecraft:horse_one_cm":99862},"minecraft:killed_by":{"minecraft:pillager":7,"hordes:zombie_player":16,"minecraft:zombie_horse":1,"minecraft:drowned":4,"hordes:drowned_player":3,"alexsmobs:crocodile":2,"minecraft:zombie":6},"minecraft:crafted":{"minecraft:wooden_sword":4,"minecraft:oak_planks":104,"ecologics:coconut_planks":8,"minecraft:birch_boat":1,"minecraft:furnace":2,"minecraft:iron_boots":2,"minecraft:iron_axe":1,"minecraft:stone_pickaxe":2,"minecraft:chest":2,"minecraft:wheat":108,"minecraft:cooked_porkchop":5,"minecraft:crafting_table":11,"minecraft:wooden_pickaxe":2,"alexsmobs:cooked_kangaroo_meat":3,"minecraft:bucket":1,"minecraft:birch_planks":120,"minecraft:stone_axe":1,"minecraft:bread":36,"minecraft:air":0,"minecraft:oak_boat":2,"minecraft:iron_chestplate":1,"minecraft:diamond_pickaxe":1,"minecraft:stick":48,"minecraft:iron_ingot":37,"minecraft:iron_pickaxe":1,"minecraft:wooden_axe":2,"minecraft:iron_leggings":1,"minecraft:gold_ingot":7,"minecraft:torch":40},"minecraft:killed":{"hordes:zombie_player":7,"minecraft:chicken":2,"minecraft:drowned":7,"alexsmobs:kangaroo":2,"minecraft:pig":2,"minecraft:zombie_villager":4,"minecraft:wandering_trader":1,"hordes:drowned_player":4,"minecraft:trader_llama":1,"minecraft:pillager":4,"minecraft:zombie":57,"alexsmobs:fly":2,"minecraft:cow":2}},"DataVersion":3465}