{"stats":{"minecraft:used":{"minecraft:stone_sword":77,"minecraft:flint_and_steel":56,"minecraft:carved_pumpkin":1,"minecraft:bone_block":2,"minecraft:spruce_planks":13,"minecraft:shield":44,"minecraft:iron_sword":150,"minecraft:player_head":1,"minecraft:torch":3,"regions_unexplored:baobab_boat":1,"minecraft:iron_axe":121,"minecraft:spruce_wood":1,"beachparty:rubber_ring_axolotl":4,"mythicmounts:firebird_feather3":2,"regions_unexplored:eucalyptus_planks":152,"minecraft:egg":1,"simplyswords:dormant_relic":377,"promenade:palm_planks":96,"minecraft:dark_oak_stairs":1,"minecraft:oak_planks":34,"minecraft:sandstone":1,"minecraft:cut_sandstone":2,"simplyswords:diamond_halberd":48,"minecraft:diamond_axe":47,"minecraft:green_bed":7,"minecraft:tnt":6,"minecraft:crafting_table":2,"wizards:wizard_robe_chest":2,"minecraft:iron_pickaxe":32,"regions_unexplored:baobab_planks":171,"minecraft:bread":49,"rogues:rogue_armor_chest":1,"minecraft:potion":1,"netherdepthsupgrade:eyeball_fish":1,"minecraft:pumpkin_pie":6,"graveyard:dark_iron_block":1},"minecraft:picked_up":{"minecraft:smithing_table":1,"friendsandfoes:totem_of_illusion":1,"minecraft:gold_block":2,"minecraft:potion":1,"minecraft:brewing_stand":1,"minecraft:string":4,"minecraft:oak_trapdoor":1,"minecraft:raw_copper":3,"minecraft:spruce_planks":3,"minecraft:beef":8,"minecraft:player_head":1,"minecraft:calcite":1,"minecraft:poppy":1,"minecraft:spruce_slab":1,"minecraft:lectern":1,"minecraft:melon_slice":2,"minecraft:coal_block":2,"minecraft:egg":1,"minecells:guts":4,"minecraft:stick":2,"minecraft:sandstone":16,"minecraft:green_bed":7,"minecraft:cyan_glazed_terracotta":1,"minecraft:spruce_stairs":6,"minecraft:porkchop":1,"simplyswords:dormant_relic":1,"minecells:putrid_log":59,"minecells:putrid_fence":2,"minecraft:prismarine_crystals":2,"botania:black_lotus":1,"minecraft:tnt":1,"minecraft:arrow":17,"minecraft:rotten_flesh":25,"simplyswords:diamond_halberd":1,"minecraft:pumpkin_pie":2,"minecraft:sandstone_stairs":1,"minecraft:carved_pumpkin":1,"supplementaries:ash":80,"minecraft:skeleton_skull":2,"minecraft:bone_block":2,"minecraft:cobblestone":62,"promenade:banana":1,"minecraft:feather":14,"minecraft:lilac":1,"regions_unexplored:eucalyptus_log":58,"minecraft:tripwire_hook":3,"minecraft:cut_sandstone":5,"minecraft:leather":8,"minecraft:oak_log":6,"minecraft:gunpowder":1,"mythicmounts:firebird_feather3":3,"promenade:palm_sapling":8,"minecraft:dirt":8,"wizards:wizard_robe_chest":1,"minecraft:bone":10,"promenade:palm_log":36,"minecraft:wheat_seeds":1,"minecraft:iron_ingot":7,"twigs:twig":12,"minecraft:iron_sword":1,"minecraft:oak_planks":23,"minecraft:dark_oak_stairs":1,"regions_unexplored:eucalyptus_sapling":6,"minecraft:dark_oak_slab":17,"minecells:monster_cell":14,"regions_unexplored:baobab_planks":193,"minecraft:sand":1,"graveyard:dark_iron_block":1,"minecells:metal_shards":1,"minecraft:chiseled_sandstone":1,"techreborn:sapphire_gem":5,"jewelry:diamond_necklace":1,"minecells:red_putrid_sapling":3,"minecraft:diamond":7,"minecraft:bread":9,"minecraft:emerald":7,"minecraft:oak_sapling":4,"minecraft:black_wool":4,"minecraft:coal":3},"minecraft:mined":{"techreborn:sapphire_ore":4,"minecells:putrid_fence":2,"minecraft:spruce_planks":3,"minecraft:sea_lantern":1,"minecraft:brewing_stand":1,"minecells:putrid_log":1,"minecraft:carved_pumpkin":1,"regions_unexplored:elephant_ear":1,"minecraft:spawner":2,"minecraft:oak_trapdoor":1,"minecraft:fire":16,"treechop:chopped_log":7,"minecraft:gold_block":2,"minecraft:dark_oak_stairs":1,"minecraft:azalea_leaves":1,"minecraft:stone":5,"minecraft:bone_block":2,"fastpaintings:painting":1,"minecraft:spruce_slab":1,"minecraft:green_bed":7,"regions_unexplored:barrel_cactus":1,"minecraft:smithing_table":1,"minecraft:cyan_glazed_terracotta":1,"minecraft:emerald_ore":5,"minecraft:calcite":1,"minecraft:lectern":1,"minecraft:tall_grass":1,"minecraft:deepslate_coal_ore":1,"minecraft:oak_planks":3,"graveyard:dark_iron_block":1,"minecraft:lilac":1,"minecraft:tnt":1,"regions_unexplored:sandy_grass":1,"minecraft:grass":1,"minecraft:oak_log":6,"minecraft:coal_ore":2,"minecraft:tripwire_hook":1,"minecraft:oak_leaves":6},"minecraft:custom":{"minecraft:interact_with_smithing_table":1,"lootr:looted_stat":69,"minecraft:mob_kills":73,"minecraft:interact_with_crafting_table":11,"minecraft:damage_dealt_resisted":0,"minecraft:eat_cake_slice":2,"minecraft:leave_game":5,"minecraft:time_since_death":77,"minecraft:climb_one_cm":7516,"minecraft:damage_resisted":28,"minecraft:sprint_one_cm":524198,"minecraft:walk_one_cm":453770,"minecraft:damage_blocked_by_shield":2118,"minecraft:drop":75,"minecraft:talked_to_villager":11,"minecraft:play_time":169325,"minecraft:deaths":27,"minecraft:sneak_time":3660,"minecraft:walk_under_water_one_cm":14559,"minecraft:boat_one_cm":25930,"minecraft:interact_with_lectern":1,"minecraft:jump":3697,"minecraft:interact_with_brewingstand":1,"minecraft:interact_with_blast_furnace":1,"minecraft:walk_on_water_one_cm":14594,"minecraft:total_world_time":169325,"minecraft:interact_with_furnace":1,"minecraft:tune_noteblock":4,"minecraft:interact_with_loom":1,"minecraft:sleep_in_bed":10,"minecraft:hex":0,"minecraft:time_since_rest":103,"minecraft:damage_taken":11974,"minecraft:damage_dealt":19865,"minecraft:swim_one_cm":24620,"minecraft:fly_one_cm":585138,"minecraft:open_chest":4,"minecraft:crouch_one_cm":19380,"minecraft:fall_one_cm":111439,"minecraft:horse_one_cm":35897},"minecraft:crafted":{"grassoverhaul:dirt_sod_patch":14,"minecraft:oak_planks":24,"minecraft:diamond_leggings":1,"minecraft:iron_axe":1,"promenade:palm_planks":96,"vinery:grapevine_stem":24,"minecraft:diamond_axe":1,"minecraft:crafting_table":2,"minecraft:spruce_planks":12,"regions_unexplored:eucalyptus_planks":152,"regions_unexplored:baobab_boat":1,"minecraft:stick":8,"minecraft:iron_pickaxe":1,"minecraft:torch":8},"minecraft:dropped":{"minecraft:iron_ingot":11,"minecraft:bread":9,"minecraft:iron_sword":1,"grassoverhaul:dirt_sod_patch":14,"minecraft:porkchop":1,"minecraft:lilac":1,"promenade:palm_sapling":8,"minecraft:glass_bottle":1,"minecraft:diamond_leggings":1,"minecraft:dark_oak_slab":1,"minecraft:cobblestone":46,"minecraft:prismarine_crystals":2,"simplyswords:diamond_halberd":1,"minecraft:leather":4,"minecraft:apple":4,"minecraft:spruce_stairs":6,"minecraft:coal_block":2,"minecraft:stick":2,"rogues:rogue_armor_chest":1,"minecraft:dirt":1,"minecraft:torch":4,"minecells:putrid_fence":2,"minecraft:melon_slice":2,"promenade:banana":1,"minecraft:pumpkin_pie":2,"minecraft:string":4,"minecraft:tripwire_hook":3,"twigs:twig":9,"jewelry:diamond_necklace":2,"minecraft:iron_nugget":1,"minecraft:stone_sword":1,"minecraft:raw_copper":3,"simplyswords:dormant_relic":1,"minecraft:rotten_flesh":25,"minecraft:oak_planks":12,"minecraft:iron_boots":3,"mythicmounts:firebird_feather3":1,"minecraft:poppy":1,"supplementaries:ash":16,"minecraft:gunpowder":1,"wizards:wizard_robe_chest":1,"minecraft:skeleton_skull":2,"minecraft:iron_chestplate":1,"minecraft:oak_sapling":3,"minecells:guts":1,"regions_unexplored:eucalyptus_sapling":6,"minecraft:sandstone":15,"vinery:grapevine_stem":24,"minecraft:beef":6,"botania:black_lotus":1,"minecraft:black_wool":2},"minecraft:broken":{"beachparty:rubber_ring_axolotl":1,"minecraft:iron_leggings":1,"minecraft:iron_axe":1,"rogues:warrior_armor_feet":1,"minecraft:iron_sword":1,"minecraft:iron_helmet":1},"minecraft:killed_by":{"minecraft:husk":5,"mutantmonsters:mutant_zombie":1,"minecells:leaping_zombie":5,"minecraft:iron_golem":1,"minecraft:skeleton":8,"minecraft:zombie":2,"minecells:grenadier":1},"minecraft:killed":{"minecells:mutated_bat":2,"minecells:undead_archer":5,"minecraft:spider":2,"minecraft:skeleton":7,"minecells:leaping_zombie":11,"minecells:protector":3,"minecells:grenadier":3,"minecraft:husk":14,"minecraft:parrot":2,"minecraft:pig":1,"minecells:runner":3,"naturalist:bear":1,"minecraft:sheep":1,"minecraft:pillager":1,"minecraft:zombie":5,"minecells:shieldbearer":2}},"DataVersion":3465}