{"stats":{"minecraft:mined":{"minecraft:spruce_planks":15,"minecraft:white_bed":18,"minecraft:jungle_leaves":1,"minecraft:potted_crimson_fungus":1,"minecraft:obsidian":11,"minecraft:granite":10,"minecraft:acacia_log":14,"minecraft:grass_block":11,"biomesoplenty:flowering_oak_leaves":1,"minecraft:spawner":15,"minecraft:weeping_vines_plant":1,"minecraft:magma_block":1,"minecraft:iron_ore":23,"born_in_chaos_v1:black_argillite_brick_slab":1,"minecraft:fire":8,"born_in_chaos_v1:black_argillite_brick_stairs":8,"biomesoplenty:lavender":7,"minecraft:black_carpet":12,"minecraft:oak_stairs":1,"minecraft:iron_block":3,"minecraft:orange_bed":5,"minecraft:red_bed":11,"minecraft:smoker":2,"biomesoplenty:wildflower":1,"minecraft:torch":3,"minecraft:chest":1,"minecraft:cobblestone":43,"minecraft:oak_planks":49,"minecraft:iron_door":1,"minecraft:wall_torch":11,"minecraft:chain":5,"biomesoplenty:maple_leaves":1,"minecraft:light_gray_wool":1,"born_in_chaos_v1:black_argillite_brick":3,"minecraft:grass":57,"biomesoplenty:clover":1,"minecraft:oak_log":69,"minecraft:sand":14,"minecraft:dirt":50,"minecraft:oak_leaves":29,"minecraft:deepslate_diamond_ore":1,"biomesoplenty:desert_grass":2,"minecraft:dark_oak_log":6,"biomesoplenty:bush":2,"minecraft:dark_oak_fence":3,"born_in_chaos_v1:black_argillite":2,"minecraft:crimson_roots":2,"minecraft:spruce_leaves":1,"biomesoplenty:dead_grass":2,"minecraft:hay_block":76,"biomesoplenty:jacaranda_log":1,"minecraft:furnace":4,"minecraft:polished_basalt":1,"minecraft:gold_block":2,"minecraft:bookshelf":12,"minecraft:stone":237,"minecraft:white_wool":1,"minecraft:acacia_leaves":1,"minecraft:glass_pane":1,"minecraft:crafting_table":8,"minecraft:tall_grass":2,"endofherobrine:glowing_obsidian":1,"born_in_chaos_v1:chipped_black_argillite_brick":2,"biomesoplenty:sprout":3,"minecraft:blue_bed":1,"minecraft:birch_planks":3,"minecraft:spruce_log":48,"minecraft:coal_ore":67,"minecraft:gray_carpet":30,"minecraft:cobweb":2,"minecraft:acacia_planks":8,"minecraft:fern":2},"minecraft:dropped":{"minecraft:iron_sword":3,"minecraft:birch_planks":2,"minecraft:cooked_beef":8,"minecraft:diamond":9,"minecraft:ender_pearl":8,"minecraft:cooked_porkchop":3,"minecraft:dark_oak_slab":2,"minecraft:leather":1,"born_in_chaos_v1:pieceofdarkmetal":3,"born_in_chaos_v1:monster_flesh":6,"minecraft:dirt":56,"minecraft:red_bed":1,"born_in_chaos_v1:spiny_shell_armor_chestplate":1,"born_in_chaos_v1:monster_skin":13,"minecraft:dark_oak_fence":1,"born_in_chaos_v1:sharpened_dark_metal_sword":2,"minecraft:mutton":11,"minecraft:crimson_roots":1,"minecraft:chain":4,"minecraft:writable_book":1,"born_in_chaos_v1:black_argillite_brick":1,"minecraft:sand":45,"minecraft:iron_pickaxe":3,"minecraft:dark_oak_planks":1,"minecraft:white_wool":1,"minecraft:gold_ingot":17,"minecraft:bone":25,"sasquatch:sasquatch_detector":2,"born_in_chaos_v1:fire_dust":2,"minecraft:cobbled_deepslate":1,"minecraft:black_carpet":7,"minecraft:wheat":5,"minecraft:obsidian":8,"undead_revamp2:arapholia":2,"minecraft:rotten_flesh":27,"born_in_chaos_v1:smoked_flesh":4,"minecraft:oak_planks":20,"minecraft:blaze_powder":7,"minecraft:cooked_mutton":4,"minecraft:white_bed":3,"born_in_chaos_v1:spiny_shell_armor_helmet":1,"minecraft:carrot":2,"sophisticatedbackpacks:diamond_backpack":3,"minecraft:tipped_arrow":3,"born_in_chaos_v1:seedof_chaos":1,"minecraft:gunpowder":27,"born_in_chaos_v1:chipped_black_argillite_brick":1,"born_in_chaos_v1:corpse_maggot":10,"minecraft:melon_seeds":1,"biomesoplenty:wildflower":1,"born_in_chaos_v1:dark_metal_ingot":2,"minecraft:leather_leggings":2,"minecraft:beef":6,"biomesoplenty:tall_lavender":1,"minecraft:iron_ingot":7,"minecraft:bread":241,"born_in_chaos_v1:shattered_skull":7,"minecraft:wheat_seeds":15,"minecraft:golden_helmet":1,"biomesoplenty:lavender":31,"minecraft:iron_helmet":3,"minecraft:feather":2,"minecraft:cobblestone":96,"minecraft:book":4,"born_in_chaos_v1:orbofthe_summoner":2,"antlers:tomahawkitem":54,"man:cassette_1safetyinstructions":1,"minecraft:apple":109,"minecraft:granite":8,"born_in_chaos_v1:black_argillite_brick_slab":2,"minecraft:golden_apple":9,"minecraft:torch":24,"born_in_chaos_v1:staffofthe_summoner":2,"minecraft:fire_charge":1,"minecraft:potion":2,"minecraft:iron_leggings":2,"minecraft:oak_stairs":1,"minecraft:iron_axe":4,"minecraft:orange_bed":1,"minecraft:string":29,"minecraft:gray_carpet":19,"minecraft:acacia_planks":60,"born_in_chaos_v1:smoldering_scorched_log":1,"minecraft:furnace":1,"born_in_chaos_v1:black_argillite_brick_stairs":2,"born_in_chaos_v1:rotten_fish":5,"minecraft:chicken":2,"born_in_chaos_v1:black_argillite_button":2,"minecraft:light_gray_wool":1,"minecraft:iron_boots":1,"sophisticatedbackpacks:backpack":1,"minecraft:name_tag":2,"born_in_chaos_v1:spiritual_dust":4,"minecraft:hay_block":4,"minecraft:shield":3,"minecraft:spruce_planks":5,"minecraft:iron_chestplate":2,"born_in_chaos_v1:spiny_shell":2,"minecraft:oak_sapling":1,"minecraft:spider_eye":7,"minecraft:bow":2,"minecraft:stone_pickaxe":3,"minecraft:wooden_pickaxe":2,"minecraft:magma_cream":3},"minecraft:crafted":{"minecraft:oak_planks":288,"minecraft:dark_oak_boat":1,"minecraft:cooked_chicken":1,"born_in_chaos_v1:spiny_shell_armor_chestplate":1,"born_in_chaos_v1:dark_metal_ingot":3,"minecraft:cooked_mutton":9,"minecraft:iron_boots":2,"minecraft:oak_button":1,"minecraft:emerald":8,"biomesoplenty:jacaranda_planks":4,"minecraft:cooked_porkchop":3,"minecraft:crafting_table":7,"minecraft:spruce_planks":216,"minecraft:wooden_pickaxe":1,"minecraft:iron_helmet":2,"minecraft:iron_chestplate":3,"minecraft:diamond_pickaxe":1,"minecraft:shield":1,"minecraft:stick":360,"sophisticatedbackpacks:diamond_backpack":1,"minecraft:iron_ingot":60,"minecraft:iron_pickaxe":1,"minecraft:furnace":2,"born_in_chaos_v1:spiny_shell_armor_helmet":2,"minecraft:iron_axe":2,"minecraft:stone_pickaxe":1,"minecraft:dark_oak_planks":24,"minecraft:wheat":648,"minecraft:cooked_beef":2,"minecraft:iron_sword":2,"minecraft:bread":216,"minecraft:air":0,"minecraft:jungle_planks":32,"minecraft:oak_boat":3,"minecraft:golden_apple":11,"minecraft:iron_leggings":2,"minecraft:white_bed":2,"minecraft:acacia_planks":56,"minecraft:torch":160},"minecraft:killed_by":{"born_in_chaos_v1:bone_imp_minion":3,"endofherobrine:sheep":1,"arphex:centipede_evictor":2,"man:managgresive":1,"born_in_chaos_v1:supreme_bonescaller_stage_2":1,"minecraft:vex":4,"minecraft:player":3,"minecraft:spider":5,"apollyon:the_infector":1,"undead_revamp2:thesomnolence":1,"minecraft:skeleton":1,"antlers:wendigo":4,"endofherobrine:pigman":1,"born_in_chaos_v1:dread_hound":1},"minecraft:custom":{"minecraft:interact_with_crafting_table":75,"minecraft:open_barrel":150,"minecraft:leave_game":20,"minecraft:time_since_death":16787,"minecraft:damage_resisted":90,"minecraft:sprint_one_cm":1179568,"minecraft:damage_blocked_by_shield":360,"minecraft:drop":250,"minecraft:talked_to_villager":22,"minecraft:play_time":473523,"minecraft:deaths":31,"minecraft:jump":8245,"minecraft:interact_with_brewingstand":5,"minecraft:walk_on_water_one_cm":49218,"minecraft:enchant_item":6,"minecraft:interact_with_furnace":39,"minecraft:traded_with_villager":8,"minecraft:sleep_in_bed":42,"minecraft:damage_dealt":31518,"minecraft:player_kills":3,"minecraft:crouch_one_cm":17920,"minecraft:interact_with_smoker":11,"minecraft:horse_one_cm":449720,"minecraft:interact_with_anvil":8,"minecraft:mob_kills":183,"minecraft:damage_dealt_resisted":3618,"minecraft:climb_one_cm":13711,"minecraft:walk_one_cm":1002681,"minecraft:sneak_time":6112,"minecraft:walk_under_water_one_cm":18315,"minecraft:boat_one_cm":1303810,"minecraft:interact_with_lectern":3,"minecraft:interact_with_blast_furnace":25,"minecraft:total_world_time":473523,"minecraft:interact_with_grindstone":1,"minecraft:time_since_rest":16818,"minecraft:damage_taken":13947,"minecraft:damage_absorbed":40,"minecraft:swim_one_cm":151144,"minecraft:fly_one_cm":1446506,"minecraft:open_chest":153,"minecraft:fall_one_cm":210057},"minecraft:killed":{"minecraft:cave_spider":3,"born_in_chaos_v1:restless_spirit":2,"born_in_chaos_v1:zombie_lumberjack":1,"minecraft:spider":10,"born_in_chaos_v1:baby_skeleton_minion":2,"minecraft:chicken":2,"born_in_chaos_v1:supreme_bonescaller_stage_2":1,"minecraft:pig":5,"bwrtherain:spider_skull":3,"minecraft:sheep":14,"minecraft:pillager":4,"minecraft:zombie":15,"born_in_chaos_v1:dread_hound":4,"born_in_chaos_v1:corpse_fly":1,"minecraft:stray":3,"undead_revamp2:theskeeper":2,"endofherobrine:cow":1,"minecraft:cow":10,"minecraft:vex":1,"born_in_chaos_v1:skeleton_thrasher_not_despawn":2,"born_in_chaos_v1:thornshell_crab":7,"born_in_chaos_v1:maggot":3,"born_in_chaos_v1:fallen_chaos_knight":1,"born_in_chaos_v1:bone_imp_minion":11,"born_in_chaos_v1:baby_skeleton":2,"undead_revamp2:the_moonflower":4,"born_in_chaos_v1:decrepit_skeleton":4,"undead_revamp2:thesomnolence":8,"endofherobrine:sheep":12,"born_in_chaos_v1:controlled_baby_skeleton":3,"minecraft:enderman":1},"minecraft:used":{"minecraft:writable_book":3,"minecraft:iron_shovel":40,"minecraft:shield":5,"minecraft:iron_sword":411,"minecraft:iron_chestplate":1,"minecraft:jungle_planks":7,"minecraft:carrot":4,"minecraft:obsidian":11,"minecraft:lava_bucket":1,"born_in_chaos_v1:sharpened_dark_metal_sword":197,"born_in_chaos_v1:spiny_shell_armor_chestplate":1,"minecraft:iron_helmet":2,"minecraft:dark_oak_boat":1,"minecraft:furnace":5,"born_in_chaos_v1:nightmare_mantleofthe_night_boots":1,"born_in_chaos_v1:spiny_shell_armor_helmet":1,"minecraft:leather_leggings":3,"minecraft:oak_planks":46,"minecraft:stone_pickaxe":37,"minecraft:wooden_pickaxe":11,"minecraft:diamond_axe":107,"minecraft:white_wool":1,"minecraft:golden_apple":1,"minecraft:sand":19,"born_in_chaos_v1:holiday_candy":1,"minecraft:bread":89,"minecraft:golden_helmet":5,"minecraft:oak_boat":5,"minecraft:experience_bottle":1,"minecraft:flint_and_steel":3,"minecraft:spruce_planks":74,"minecraft:cooked_chicken":1,"minecraft:orange_bed":5,"minecraft:torch":155,"minecraft:dirt":18,"minecraft:granite":5,"minecraft:dark_oak_planks":7,"minecraft:iron_axe":373,"born_in_chaos_v1:nightmare_mantleofthe_night_leggings":1,"minecraft:iron_boots":7,"minecraft:light_gray_wool":1,"minecraft:golden_carrot":2,"minecraft:cooked_beef":9,"minecraft:acacia_planks":40,"minecraft:iron_leggings":3,"minecraft:cooked_mutton":8,"minecraft:water_bucket":8,"minecraft:crafting_table":12,"minecraft:red_bed":12,"minecraft:white_bed":17,"minecraft:diamond_pickaxe":267,"minecraft:apple":5,"minecraft:iron_pickaxe":192,"born_in_chaos_v1:staffofthe_summoner":159,"minecraft:golden_leggings":2,"minecraft:cobblestone":90,"minecraft:porkchop":2,"minecraft:cooked_porkchop":6,"minecraft:bucket":9},"minecraft:picked_up":{"minecraft:iron_chestplate":3,"minecraft:wheat":10,"minecraft:black_carpet":7,"minecraft:oak_stairs":1,"minecraft:potion":2,"born_in_chaos_v1:holiday_candy":1,"minecraft:polished_deepslate":9,"minecraft:string":74,"minecraft:iron_leggings":9,"minecraft:smooth_stone_slab":2,"biomesoplenty:tall_lavender":1,"minecraft:smooth_stone":1,"minecraft:cobbled_deepslate":1,"born_in_chaos_v1:dark_metal_ingot":3,"minecraft:bucket":1,"minecraft:spruce_planks":158,"minecraft:iron_pickaxe":12,"minecraft:furnace":7,"minecraft:iron_boots":14,"minecraft:tipped_arrow":9,"minecraft:golden_helmet":8,"minecraft:stick":202,"born_in_chaos_v1:shattered_skull":14,"minecraft:torch":140,"minecraft:acacia_log":14,"born_in_chaos_v1:pileof_dark_metal":4,"minecraft:porkchop":10,"born_in_chaos_v1:black_argillite_brick_stairs":2,"minecraft:orange_bed":6,"minecraft:rotten_flesh":53,"minecraft:polished_basalt":7,"minecraft:iron_block":12,"minecraft:blaze_rod":2,"minecraft:obsidian":12,"undead_revamp2:arapholia":3,"minecraft:blaze_powder":14,"minecraft:cobblestone":641,"biomesoplenty:lavender":38,"born_in_chaos_v1:spiny_shell_armor_helmet":2,"minecraft:feather":4,"minecraft:cooked_beef":16,"born_in_chaos_v1:sharpened_dark_metal_sword":10,"born_in_chaos_v1:spiritual_dust":4,"minecraft:jungle_log":8,"minecraft:golden_leggings":3,"minecraft:smoker":5,"minecraft:stripped_spruce_wood":1,"born_in_chaos_v1:black_argillite_button":2,"minecraft:lapis_lazuli":137,"minecraft:dirt":81,"antlers:tomahawkitem":101,"born_in_chaos_v1:staffofthe_summoner":7,"minecraft:name_tag":4,"born_in_chaos_v1:monster_skin":16,"minecraft:bone":100,"minecraft:acacia_planks":92,"minecraft:bow":2,"minecraft:wheat_seeds":19,"minecraft:deepslate_brick_slab":4,"minecraft:oak_planks":353,"minecraft:cooked_porkchop":6,"born_in_chaos_v1:nightmare_mantleofthe_night_leggings":4,"minecraft:sand":64,"minecraft:jungle_planks":64,"minecraft:dark_oak_log":11,"born_in_chaos_v1:fire_dust":4,"dixtas_armory:pole":1,"minecraft:diamond":5,"minecraft:writable_book":1,"minecraft:granite":13,"minecraft:golden_apple":26,"minecraft:emerald":4,"minecraft:bread":663,"minecraft:oak_sapling":1,"born_in_chaos_v1:rotten_fish":5,"minecraft:dark_oak_fence":1,"minecraft:crimson_roots":1,"minecraft:diamond_pickaxe":12,"sophisticatedbackpacks:gold_backpack":9,"minecraft:crafting_table":6,"minecraft:chicken":2,"born_in_chaos_v1:seedof_chaos":4,"minecraft:leather_leggings":5,"minecraft:wooden_pickaxe":1,"minecraft:gold_block":1,"minecraft:chain":6,"minecraft:shield":17,"minecraft:red_bed":17,"minecraft:iron_axe":17,"minecraft:flint_and_steel":1,"minecraft:iron_shovel":4,"born_in_chaos_v1:black_argillite_brick":1,"minecraft:beef":26,"minecraft:oak_boat":2,"minecraft:light_gray_wool":2,"biomesoplenty:wildflower":1,"minecraft:raw_iron":25,"sophisticatedbackpacks:backpack":1,"born_in_chaos_v1:pieceofdarkmetal":11,"minecraft:carrot":2,"minecraft:dark_oak_planks":9,"minecraft:arrow":346,"biomesoplenty:jacaranda_log":1,"minecraft:hay_block":76,"born_in_chaos_v1:spiny_shell":29,"minecraft:saddle":3,"minecraft:gold_ingot":60,"minecraft:mutton":48,"minecraft:white_wool":16,"born_in_chaos_v1:corpse_maggot":11,"born_in_chaos_v1:nightmare_mantleofthe_night_boots":2,"minecraft:golden_carrot":1,"born_in_chaos_v1:monster_flesh":6,"minecraft:leather":30,"minecraft:filled_map":9,"minecraft:birch_planks":2,"minecraft:oak_log":108,"minecraft:gunpowder":77,"minecraft:blue_bed":4,"minecraft:cooked_mutton":3,"minecraft:red_carpet":3,"minecraft:apple":148,"minecraft:gray_carpet":22,"born_in_chaos_v1:smoked_flesh":8,"minecraft:iron_ingot":178,"minecraft:stone_pickaxe":2,"born_in_chaos_v1:chipped_black_argillite_brick":1,"minecraft:iron_sword":15,"sophisticatedbackpacks:diamond_backpack":7,"minecraft:book":71,"minecraft:dark_oak_slab":3,"sasquatch:sasquatch_detector":1,"born_in_chaos_v1:orbofthe_summoner":2,"minecraft:lava_bucket":1,"born_in_chaos_v1:dark_rod":1,"minecraft:white_bed":24,"minecraft:spruce_log":49,"minecraft:spruce_door":1,"minecraft:spider_eye":21,"born_in_chaos_v1:black_argillite_brick_slab":2,"minecraft:iron_helmet":10,"minecraft:stripped_jungle_wood":1,"minecraft:diamond_axe":6,"born_in_chaos_v1:spiny_shell_armor_chestplate":12,"minecraft:melon_seeds":1,"minecraft:coal":126,"minecraft:ender_pearl":23}},"DataVersion":3465}