{"stats":{"minecraft:mined":{"minecraft:dark_oak_planks":1,"minecraft:spruce_planks":23,"minecraft:white_bed":21,"minecraft:jungle_leaves":1,"minecraft:potted_crimson_fungus":1,"minecraft:obsidian":11,"minecraft:granite":10,"minecraft:acacia_log":14,"minecraft:grass_block":11,"biomesoplenty:flowering_oak_leaves":1,"minecraft:spawner":19,"minecraft:weeping_vines_plant":1,"minecraft:magma_block":1,"minecraft:iron_ore":23,"born_in_chaos_v1:black_argillite_brick_slab":1,"minecraft:fire":8,"born_in_chaos_v1:black_argillite_brick_stairs":12,"biomesoplenty:lavender":7,"minecraft:black_carpet":12,"minecraft:enchanting_table":1,"minecraft:oak_stairs":7,"minecraft:iron_block":3,"minecraft:orange_bed":5,"minecraft:red_bed":13,"minecraft:smoker":2,"biomesoplenty:wildflower":1,"minecraft:torch":3,"minecraft:chest":1,"minecraft:cobblestone":55,"minecraft:oak_planks":53,"minecraft:iron_door":1,"minecraft:wall_torch":11,"minecraft:chain":5,"minecraft:birch_log":81,"minecraft:wheat":1,"minecraft:light_gray_wool":1,"biomesoplenty:maple_leaves":1,"born_in_chaos_v1:black_argillite_brick":3,"minecraft:grass":65,"biomesoplenty:clover":6,"minecraft:oak_log":177,"minecraft:sand":14,"minecraft:dirt":50,"minecraft:oak_leaves":47,"minecraft:mossy_cobblestone":2,"minecraft:deepslate_diamond_ore":1,"biomesoplenty:desert_grass":2,"minecraft:dark_oak_log":27,"biomesoplenty:bush":5,"minecraft:dark_oak_fence":3,"born_in_chaos_v1:black_argillite":2,"minecraft:crimson_roots":3,"minecraft:spruce_leaves":1,"biomesoplenty:dead_grass":2,"minecraft:hay_block":76,"biomesoplenty:jacaranda_log":1,"minecraft:furnace":4,"minecraft:polished_basalt":1,"minecraft:peony":2,"minecraft:gold_block":2,"minecraft:bookshelf":68,"minecraft:bamboo":25,"minecraft:stone":253,"minecraft:white_wool":1,"minecraft:acacia_leaves":1,"minecraft:glass_pane":1,"minecraft:crafting_table":8,"minecraft:tall_grass":2,"endofherobrine:glowing_obsidian":1,"born_in_chaos_v1:chipped_black_argillite_brick":3,"biomesoplenty:sprout":3,"minecraft:blue_bed":1,"minecraft:birch_planks":4,"minecraft:spruce_log":55,"minecraft:birch_leaves":10,"minecraft:coal_ore":67,"minecraft:gray_carpet":30,"minecraft:cobweb":3,"minecraft:acacia_planks":8,"minecraft:birch_fence":6,"minecraft:fern":5},"minecraft:dropped":{"minecraft:iron_sword":3,"minecraft:birch_planks":2,"minecraft:porkchop":2,"minecraft:diamond_axe":1,"minecraft:cooked_beef":8,"minecraft:diamond":11,"minecraft:ender_pearl":8,"minecraft:crafting_table":1,"minecraft:cooked_porkchop":3,"minecraft:dark_oak_slab":2,"minecraft:leather":1,"born_in_chaos_v1:pieceofdarkmetal":3,"minecraft:red_carpet":3,"born_in_chaos_v1:monster_flesh":6,"minecraft:dirt":56,"minecraft:red_bed":1,"born_in_chaos_v1:spiny_shell_armor_chestplate":1,"born_in_chaos_v1:monster_skin":13,"minecraft:dark_oak_fence":1,"born_in_chaos_v1:sharpened_dark_metal_sword":2,"minecraft:mutton":15,"minecraft:crimson_roots":1,"minecraft:chain":8,"minecraft:writable_book":1,"born_in_chaos_v1:black_argillite_brick":1,"minecraft:sand":45,"minecraft:iron_pickaxe":3,"minecraft:dark_oak_planks":1,"minecraft:birch_log":8,"minecraft:white_wool":4,"minecraft:gold_ingot":17,"minecraft:bone":41,"sasquatch:sasquatch_detector":2,"born_in_chaos_v1:fire_dust":5,"minecraft:cobbled_deepslate":1,"minecraft:black_carpet":7,"minecraft:birch_sapling":7,"minecraft:wheat":5,"minecraft:obsidian":8,"undead_revamp2:arapholia":2,"minecraft:deepslate_brick_slab":2,"minecraft:rotten_flesh":36,"born_in_chaos_v1:smoked_flesh":4,"minecraft:oak_planks":20,"minecraft:blaze_powder":7,"minecraft:cooked_mutton":4,"minecraft:white_bed":3,"born_in_chaos_v1:black_argillite_wall":1,"born_in_chaos_v1:spiny_shell_armor_helmet":2,"minecraft:carrot":2,"sophisticatedbackpacks:diamond_backpack":3,"undead_revamp2:cloogerribs":34,"minecraft:tipped_arrow":6,"born_in_chaos_v1:seedof_chaos":1,"minecraft:gunpowder":27,"born_in_chaos_v1:chipped_black_argillite_brick":1,"born_in_chaos_v1:corpse_maggot":11,"minecraft:melon_seeds":1,"biomesoplenty:wildflower":1,"born_in_chaos_v1:dark_metal_ingot":2,"minecraft:leather_leggings":2,"minecraft:arrow":17,"minecraft:beef":19,"biomesoplenty:tall_lavender":1,"minecraft:enchanting_table":1,"born_in_chaos_v1:black_argillitepressureplate":1,"minecraft:iron_ingot":7,"minecraft:bread":243,"born_in_chaos_v1:shattered_skull":8,"minecraft:wheat_seeds":19,"minecraft:golden_helmet":1,"biomesoplenty:lavender":35,"minecraft:iron_helmet":3,"minecraft:feather":4,"minecraft:cobblestone":96,"minecraft:book":39,"born_in_chaos_v1:orbofthe_summoner":2,"antlers:tomahawkitem":97,"man:cassette_1safetyinstructions":1,"minecraft:apple":111,"minecraft:granite":8,"born_in_chaos_v1:black_argillite_brick_slab":2,"minecraft:coal":8,"minecraft:golden_apple":9,"minecraft:torch":24,"born_in_chaos_v1:staffofthe_summoner":2,"minecraft:fire_charge":1,"minecraft:potion":3,"minecraft:iron_leggings":2,"minecraft:oak_stairs":1,"minecraft:iron_axe":4,"minecraft:orange_bed":1,"minecraft:string":34,"minecraft:gray_carpet":19,"minecraft:acacia_planks":60,"born_in_chaos_v1:smoldering_scorched_log":1,"minecraft:furnace":1,"born_in_chaos_v1:black_argillite_brick_stairs":4,"born_in_chaos_v1:rotten_fish":5,"minecraft:chicken":2,"born_in_chaos_v1:black_argillite_button":3,"minecraft:light_gray_wool":1,"minecraft:iron_boots":1,"sophisticatedbackpacks:backpack":1,"minecraft:name_tag":2,"born_in_chaos_v1:spiritual_dust":4,"minecraft:hay_block":4,"minecraft:shield":3,"minecraft:peony":2,"minecraft:spruce_planks":7,"minecraft:iron_chestplate":2,"born_in_chaos_v1:spiny_shell":2,"minecraft:oak_sapling":2,"minecraft:spider_eye":7,"minecraft:spruce_log":7,"minecraft:slime_ball":24,"minecraft:bow":3,"minecraft:stone_pickaxe":3,"minecraft:wooden_pickaxe":2,"minecraft:magma_cream":3},"minecraft:crafted":{"minecraft:oak_planks":708,"minecraft:dark_oak_boat":2,"minecraft:cooked_chicken":1,"born_in_chaos_v1:spiny_shell_armor_chestplate":1,"born_in_chaos_v1:dark_metal_ingot":3,"minecraft:cooked_mutton":9,"minecraft:iron_boots":2,"minecraft:chest":2,"minecraft:oak_button":1,"born_in_chaos_v1:pileof_dark_metal":1,"minecraft:emerald":8,"biomesoplenty:jacaranda_planks":4,"minecraft:cooked_porkchop":3,"minecraft:crafting_table":8,"minecraft:spruce_planks":216,"minecraft:wooden_pickaxe":1,"minecraft:iron_helmet":2,"minecraft:birch_planks":320,"born_in_chaos_v1:staffofthe_summoner":1,"minecraft:iron_chestplate":3,"minecraft:diamond_pickaxe":1,"minecraft:shield":1,"minecraft:birch_fence":48,"sophisticatedbackpacks:diamond_backpack":1,"minecraft:stick":432,"minecraft:iron_ingot":60,"minecraft:iron_pickaxe":1,"minecraft:furnace":2,"born_in_chaos_v1:spiny_shell_armor_helmet":2,"born_in_chaos_v1:bone_handle":1,"minecraft:iron_axe":2,"minecraft:stone_pickaxe":1,"minecraft:dark_oak_planks":108,"minecraft:wheat":648,"minecraft:cooked_beef":2,"minecraft:iron_sword":2,"minecraft:bread":216,"minecraft:air":0,"minecraft:jungle_planks":32,"minecraft:oak_boat":3,"minecraft:golden_apple":11,"minecraft:oak_stairs":76,"minecraft:iron_leggings":2,"minecraft:white_bed":2,"minecraft:acacia_planks":56,"minecraft:torch":160},"minecraft:killed_by":{"born_in_chaos_v1:bone_imp_minion":3,"endofherobrine:sheep":1,"arphex:centipede_evictor":2,"man:managgresive":1,"born_in_chaos_v1:supreme_bonescaller_stage_2":1,"minecraft:vex":4,"minecraft:player":3,"minecraft:spider":5,"apollyon:the_infector":2,"undead_revamp2:thesomnolence":1,"minecraft:skeleton":1,"antlers:wendigo":4,"endofherobrine:pigman":1,"born_in_chaos_v1:dread_hound":1},"minecraft:custom":{"minecraft:interact_with_crafting_table":84,"minecraft:open_barrel":150,"minecraft:leave_game":22,"minecraft:time_since_death":60051,"minecraft:damage_resisted":90,"minecraft:sprint_one_cm":1538329,"minecraft:damage_blocked_by_shield":360,"minecraft:drop":308,"minecraft:talked_to_villager":36,"minecraft:play_time":581037,"minecraft:deaths":32,"minecraft:jump":10339,"minecraft:interact_with_brewingstand":6,"minecraft:walk_on_water_one_cm":80185,"minecraft:enchant_item":20,"minecraft:interact_with_furnace":39,"minecraft:traded_with_villager":8,"minecraft:sleep_in_bed":49,"minecraft:damage_dealt":40323,"minecraft:player_kills":3,"minecraft:crouch_one_cm":21875,"minecraft:interact_with_smoker":11,"minecraft:horse_one_cm":863335,"minecraft:interact_with_anvil":14,"minecraft:mob_kills":222,"minecraft:damage_dealt_resisted":4288,"minecraft:climb_one_cm":16040,"minecraft:walk_one_cm":1235490,"minecraft:sneak_time":8156,"minecraft:walk_under_water_one_cm":32048,"minecraft:boat_one_cm":1360015,"minecraft:interact_with_lectern":3,"minecraft:interact_with_blast_furnace":25,"minecraft:total_world_time":581037,"minecraft:interact_with_grindstone":2,"minecraft:time_since_rest":15186,"minecraft:damage_taken":15481,"minecraft:damage_absorbed":40,"minecraft:swim_one_cm":229872,"minecraft:fly_one_cm":1870630,"minecraft:open_chest":176,"minecraft:fall_one_cm":270854},"minecraft:killed":{"minecraft:cave_spider":3,"born_in_chaos_v1:zombie_lumberjack":1,"born_in_chaos_v1:restless_spirit":2,"minecraft:spider":11,"born_in_chaos_v1:baby_skeleton_minion":2,"undead_revamp2:deadclogger":1,"minecraft:chicken":2,"born_in_chaos_v1:supreme_bonescaller_stage_2":1,"born_in_chaos_v1:firelight_not_despawn":1,"minecraft:pig":6,"bwrtherain:spider_skull":3,"minecraft:sheep":19,"minecraft:pillager":4,"minecraft:zombie":15,"born_in_chaos_v1:dread_hound":4,"born_in_chaos_v1:corpse_fly":1,"minecraft:stray":3,"undead_revamp2:theskeeper":2,"endofherobrine:cow":1,"minecraft:cow":18,"minecraft:vex":1,"born_in_chaos_v1:skeleton_thrasher_not_despawn":2,"born_in_chaos_v1:thornshell_crab":8,"born_in_chaos_v1:maggot":3,"minecraft:horse":1,"born_in_chaos_v1:fallen_chaos_knight":1,"born_in_chaos_v1:bone_imp_minion":11,"born_in_chaos_v1:baby_skeleton":2,"undead_revamp2:the_moonflower":4,"born_in_chaos_v1:decrepit_skeleton":5,"undead_revamp2:thesomnolence":8,"endofherobrine:sheep":12,"born_in_chaos_v1:controlled_baby_skeleton":3,"minecraft:enderman":1},"minecraft:used":{"minecraft:writable_book":3,"minecraft:iron_shovel":40,"minecraft:chest":2,"minecraft:shield":5,"minecraft:iron_sword":411,"minecraft:iron_chestplate":1,"minecraft:jungle_planks":7,"minecraft:carrot":4,"minecraft:obsidian":11,"minecraft:lava_bucket":1,"born_in_chaos_v1:sharpened_dark_metal_sword":320,"born_in_chaos_v1:spiny_shell_armor_chestplate":1,"minecraft:iron_helmet":2,"minecraft:dark_oak_boat":2,"minecraft:furnace":5,"born_in_chaos_v1:nightmare_mantleofthe_night_boots":1,"born_in_chaos_v1:spiny_shell_armor_helmet":1,"minecraft:leather_leggings":3,"minecraft:oak_planks":51,"minecraft:stone_pickaxe":37,"minecraft:wooden_pickaxe":11,"minecraft:diamond_axe":437,"minecraft:white_wool":1,"minecraft:golden_apple":2,"minecraft:sand":19,"born_in_chaos_v1:holiday_candy":1,"minecraft:birch_fence":49,"minecraft:bread":125,"minecraft:golden_helmet":5,"minecraft:oak_boat":5,"minecraft:experience_bottle":1,"minecraft:flint_and_steel":3,"minecraft:spruce_planks":74,"minecraft:cooked_chicken":1,"minecraft:orange_bed":5,"minecraft:torch":169,"minecraft:dirt":18,"minecraft:granite":5,"minecraft:dark_oak_planks":30,"minecraft:iron_axe":373,"minecraft:oak_stairs":26,"born_in_chaos_v1:nightmare_mantleofthe_night_leggings":1,"minecraft:iron_boots":7,"minecraft:light_gray_wool":1,"minecraft:golden_carrot":2,"minecraft:cooked_beef":9,"minecraft:acacia_planks":40,"minecraft:iron_leggings":3,"minecraft:cooked_mutton":8,"minecraft:water_bucket":8,"minecraft:birch_planks":1,"minecraft:crafting_table":13,"minecraft:red_bed":13,"minecraft:white_bed":20,"minecraft:diamond_pickaxe":314,"minecraft:apple":5,"minecraft:iron_pickaxe":192,"born_in_chaos_v1:staffofthe_summoner":226,"minecraft:golden_leggings":2,"minecraft:cobblestone":102,"minecraft:porkchop":2,"minecraft:cooked_porkchop":6,"minecraft:bucket":9},"minecraft:picked_up":{"minecraft:iron_chestplate":3,"minecraft:wheat":10,"minecraft:black_carpet":7,"minecraft:oak_stairs":8,"minecraft:potion":3,"born_in_chaos_v1:black_argillite_wall":1,"born_in_chaos_v1:holiday_candy":1,"minecraft:polished_deepslate":9,"minecraft:string":76,"minecraft:cooked_salmon":14,"minecraft:smooth_stone_slab":2,"minecraft:iron_leggings":9,"biomesoplenty:tall_lavender":1,"minecraft:smooth_stone":1,"minecraft:cobbled_deepslate":1,"born_in_chaos_v1:dark_metal_ingot":3,"minecraft:bucket":1,"minecraft:spruce_planks":166,"minecraft:iron_pickaxe":12,"minecraft:iron_boots":14,"minecraft:furnace":7,"minecraft:tipped_arrow":9,"minecraft:golden_helmet":8,"minecraft:stick":211,"born_in_chaos_v1:shattered_skull":16,"minecraft:torch":145,"minecraft:acacia_log":14,"born_in_chaos_v1:pileof_dark_metal":4,"minecraft:porkchop":12,"born_in_chaos_v1:black_argillite_brick_stairs":4,"undead_revamp2:cloogerribs":34,"minecraft:orange_bed":6,"minecraft:rotten_flesh":53,"minecraft:polished_basalt":7,"minecraft:iron_block":12,"minecraft:blaze_rod":2,"minecraft:obsidian":12,"undead_revamp2:arapholia":3,"minecraft:blaze_powder":14,"minecraft:cobblestone":680,"biomesoplenty:lavender":40,"minecraft:birch_log":88,"minecraft:enchanting_table":3,"born_in_chaos_v1:spiny_shell_armor_helmet":4,"minecraft:feather":6,"minecraft:cooked_beef":16,"born_in_chaos_v1:sharpened_dark_metal_sword":11,"born_in_chaos_v1:spiritual_dust":4,"minecraft:jungle_log":8,"minecraft:dark_oak_boat":1,"minecraft:golden_leggings":3,"minecraft:smoker":5,"minecraft:stripped_spruce_wood":1,"born_in_chaos_v1:black_argillite_button":3,"minecraft:lapis_lazuli":137,"minecraft:dirt":81,"antlers:tomahawkitem":164,"born_in_chaos_v1:staffofthe_summoner":8,"minecraft:name_tag":4,"born_in_chaos_v1:monster_skin":16,"minecraft:bone":149,"minecraft:acacia_planks":92,"minecraft:bow":3,"minecraft:wheat_seeds":23,"minecraft:deepslate_brick_slab":6,"minecraft:bamboo":79,"minecraft:oak_planks":502,"minecraft:cooked_porkchop":6,"born_in_chaos_v1:nightmare_mantleofthe_night_leggings":5,"minecraft:sand":64,"minecraft:jungle_planks":64,"minecraft:dark_oak_log":32,"born_in_chaos_v1:fire_dust":6,"dixtas_armory:pole":1,"minecraft:diamond":5,"minecraft:writable_book":1,"minecraft:granite":13,"minecraft:golden_apple":34,"minecraft:emerald":4,"minecraft:bread":706,"minecraft:oak_sapling":2,"born_in_chaos_v1:rotten_fish":5,"minecraft:dark_oak_fence":1,"minecraft:crimson_roots":1,"minecraft:diamond_pickaxe":13,"sophisticatedbackpacks:gold_backpack":9,"minecraft:crafting_table":6,"minecraft:chicken":2,"born_in_chaos_v1:seedof_chaos":4,"minecraft:leather_leggings":5,"minecraft:wooden_pickaxe":1,"minecraft:gold_block":1,"minecraft:chain":8,"minecraft:shield":18,"minecraft:red_bed":18,"minecraft:iron_axe":17,"minecraft:flint_and_steel":1,"minecraft:birch_fence":3,"minecraft:iron_shovel":5,"born_in_chaos_v1:black_argillite_brick":1,"minecraft:beef":39,"minecraft:oak_boat":2,"minecraft:light_gray_wool":2,"biomesoplenty:wildflower":1,"minecraft:birch_sapling":17,"minecraft:raw_iron":25,"sophisticatedbackpacks:backpack":1,"born_in_chaos_v1:pieceofdarkmetal":12,"minecraft:carrot":2,"minecraft:dark_oak_planks":88,"minecraft:arrow":427,"biomesoplenty:jacaranda_log":1,"minecraft:peony":2,"minecraft:hay_block":76,"born_in_chaos_v1:spiny_shell":36,"minecraft:saddle":3,"minecraft:gold_ingot":60,"minecraft:mutton":52,"minecraft:white_wool":19,"born_in_chaos_v1:corpse_maggot":11,"born_in_chaos_v1:nightmare_mantleofthe_night_boots":3,"minecraft:golden_carrot":1,"born_in_chaos_v1:monster_flesh":6,"minecraft:leather":98,"minecraft:filled_map":9,"minecraft:birch_planks":2,"minecraft:oak_log":213,"minecraft:gunpowder":77,"minecraft:blue_bed":4,"minecraft:cooked_mutton":3,"minecraft:red_carpet":3,"minecraft:apple":150,"minecraft:gray_carpet":22,"born_in_chaos_v1:smoked_flesh":8,"minecraft:iron_ingot":178,"minecraft:stone_pickaxe":2,"born_in_chaos_v1:chipped_black_argillite_brick":1,"minecraft:iron_sword":15,"sophisticatedbackpacks:diamond_backpack":8,"minecraft:book":239,"minecraft:dark_oak_slab":3,"sasquatch:sasquatch_detector":1,"born_in_chaos_v1:orbofthe_summoner":3,"born_in_chaos_v1:black_argillitepressureplate":1,"minecraft:lava_bucket":1,"born_in_chaos_v1:dark_rod":1,"minecraft:white_bed":27,"minecraft:spruce_log":56,"minecraft:spruce_door":1,"minecraft:spider_eye":21,"minecraft:slime_ball":24,"born_in_chaos_v1:black_argillite_brick_slab":2,"minecraft:iron_helmet":10,"minecraft:stripped_jungle_wood":1,"minecraft:diamond_axe":8,"born_in_chaos_v1:spiny_shell_armor_chestplate":13,"minecraft:melon_seeds":1,"minecraft:coal":126,"minecraft:ender_pearl":24}},"DataVersion":3465}