{"stats":{"minecraft:used":{"minecraft:stone_sword":125,"minecraft:flint_and_steel":13,"minecraft:spruce_planks":29,"minecraft:shield":28,"minecraft:iron_sword":69,"minecraft:spruce_stairs":3,"minecraft:iron_axe":145,"minecraft:dark_oak_slab":2,"supplementaries:candy":4,"minecraft:written_book":3,"minecraft:egg":1,"promenade:palm_planks":52,"minecraft:dark_oak_stairs":1,"supplementaries:sack":1,"minecraft:oak_planks":7,"minecraft:sandstone":1,"minecraft:green_bed":2,"regions_unexplored:chalk":5,"minecraft:white_wool":3,"minecraft:tnt":4,"minecraft:crafting_table":3,"minecraft:crossbow":19,"minecraft:melon_slice":3,"minecraft:bread":43,"minecraft:iron_pickaxe":33,"regions_unexplored:baobab_planks":347,"minecraft:diamond_leggings":1},"minecraft:picked_up":{"minecraft:string":17,"minecraft:spruce_planks":1,"mythicmounts:firebird_feather":1,"minecraft:poppy":9,"minecraft:spruce_slab":2,"minecraft:melon_slice":4,"minecraft:chest":1,"minecraft:egg":1,"minecraft:iron_boots":1,"minecraft:tipped_arrow":25,"minecraft:stick":12,"minecraft:sandstone":1,"minecraft:green_bed":2,"minecraft:spruce_stairs":15,"minecraft:stone_button":1,"minecraft:carrot":4,"minecraft:prismarine_crystals":2,"minecraft:tnt":1,"wizards:wizard_robe_head":1,"minecraft:arrow":35,"minecraft:rotten_flesh":2,"minecraft:hay_block":4,"supplementaries:ash":39,"minecraft:cobblestone":4,"minecraft:skeleton_skull":7,"minecraft:mutton":6,"minecraft:cod":2,"minecraft:white_wool":3,"promenade:banana":1,"minecraft:feather":3,"minecraft:tripwire_hook":2,"minecraft:oak_log":6,"supplementaries:flax_seeds":1,"promenade:palm_sapling":6,"mythicmounts:firebird_feather3":1,"minecraft:bone":12,"promenade:palm_log":13,"minecraft:stone_bricks":38,"minecraft:bow":1,"regions_unexplored:baobab_sapling":7,"minecraft:iron_ingot":22,"twigs:twig":2,"minecraft:iron_sword":2,"minecraft:dark_oak_stairs":1,"minecraft:dark_oak_slab":20,"supplementaries:sack":1,"minecraft:oak_pressure_plate":1,"regions_unexplored:baobab_boat":1,"regions_unexplored:chalk":5,"minecraft:barrel":1,"minecraft:polished_andesite":6,"minecraft:dispenser":2,"minecraft:bread":1,"minecraft:emerald":3,"minecraft:black_wool":2,"regions_unexplored:baobab_log":141},"minecraft:mined":{"minecraft:spruce_planks":1,"minecraft:spawner":3,"minecraft:hay_block":4,"minecraft:fire":5,"treechop:chopped_log":5,"mythicmounts:firebird_feather3":1,"minecraft:dark_oak_stairs":1,"minecraft:vine":1,"minecraft:white_wool":1,"minecraft:green_bed":2,"minecraft:melon":1,"promenade:palm_log":2,"supplementaries:sack":1,"minecraft:cobblestone":2,"supplementaries:urn":2,"minecraft:spruce_stairs":12,"minecraft:dark_oak_slab":2,"minecraft:tnt":1,"minecraft:black_wool":1,"minecraft:oak_log":5,"minecraft:cobweb":16,"minecraft:dispenser":1,"minecraft:polished_andesite":3,"minecraft:stone_bricks":19},"minecraft:custom":{"lootr:looted_stat":38,"minecraft:mob_kills":25,"minecraft:interact_with_crafting_table":8,"minecraft:damage_dealt_resisted":0,"minecraft:eat_cake_slice":2,"minecraft:time_since_death":47158,"minecraft:climb_one_cm":3538,"minecraft:damage_resisted":158,"minecraft:sprint_one_cm":321048,"minecraft:walk_one_cm":213154,"minecraft:damage_blocked_by_shield":1406,"minecraft:drop":80,"minecraft:talked_to_villager":13,"minecraft:play_time":101928,"minecraft:deaths":4,"minecraft:sneak_time":11551,"minecraft:walk_under_water_one_cm":10384,"minecraft:boat_one_cm":26294,"minecraft:interact_with_lectern":3,"minecraft:jump":2034,"minecraft:walk_on_water_one_cm":6092,"minecraft:total_world_time":101928,"minecraft:sleep_in_bed":7,"minecraft:hex":0,"minecraft:time_since_rest":5856,"minecraft:damage_taken":3211,"minecraft:damage_dealt":5496,"minecraft:swim_one_cm":7766,"minecraft:fly_one_cm":419062,"minecraft:open_chest":1,"minecraft:crouch_one_cm":36027,"minecraft:fall_one_cm":59839,"minecraft:horse_one_cm":638},"minecraft:crafted":{"minecraft:oak_planks":20,"regions_unexplored:baobab_planks":564,"minecraft:diamond_leggings":1,"minecraft:iron_axe":1,"promenade:palm_planks":52,"minecraft:wheat":36,"minecraft:crafting_table":3,"minecraft:spruce_planks":28,"minecraft:iron_sword":1,"paladins:diamond_holy_wand":1,"minecraft:stick":8,"minecraft:iron_pickaxe":1},"minecraft:dropped":{"minecraft:iron_sword":2,"minecraft:oak_pressure_plate":1,"minecraft:oak_log":1,"promenade:palm_sapling":6,"minecraft:diamond":7,"mythicmounts:firebird_feather":1,"minecraft:dark_oak_slab":18,"minecraft:feather":8,"minecraft:cobblestone":2,"minecraft:prismarine_crystals":2,"brewery:corn_seeds":1,"minecraft:spruce_stairs":12,"minecraft:coal":5,"minecraft:polished_andesite":3,"minecraft:emerald":5,"minecraft:cod":2,"minecraft:stick":1,"minecraft:flint":2,"rogues:rogue_armor_chest":1,"archon:gust_tome":1,"archon:propel_tome":1,"minecraft:stone_button":1,"minecraft:dispenser":1,"minecraft:mutton":6,"minecraft:melon_slice":1,"promenade:banana":1,"minecraft:sand":1,"minecraft:string":1,"travelersbackpack:backpack_tank":2,"minecraft:tripwire_hook":1,"twigs:twig":2,"minecraft:bone":8,"minecraft:rotten_flesh":2,"minecraft:clay_ball":3,"minecraft:oak_planks":1,"minecraft:iron_boots":2,"mythicmounts:firebird_feather3":1,"regions_unexplored:baobab_sapling":7,"regions_unexplored:baobab_planks":211,"minecraft:poppy":9,"supplementaries:flax_seeds":1,"supplementaries:ash":39,"minecraft:gunpowder":1,"minecraft:skeleton_skull":7,"minecraft:chest":1,"minecraft:stone_bricks":38,"minecraft:barrel":1,"minecraft:spruce_slab":2,"wizards:wizard_robe_head":2,"minecraft:black_wool":2},"minecraft:killed_by":{"minecraft:skeleton":2,"adventurez:desert_rhino":1},"minecraft:broken":{"minecraft:stone_sword":1},"minecraft:killed":{"minecraft:spider":3,"adventurez:desert_rhino":1,"minecraft:skeleton":12,"derelict:spiderling":1,"minecraft:parrot":1,"minecraft:zombie_villager":1,"minecraft:iron_golem":1,"minecraft:sheep":3,"minecraft:zombie":1,"minecraft:villager":1}},"DataVersion":3465}