{"stats":{"minecraft:used":{"minecells:king_statue":1,"minecraft:stone_sword":125,"minecraft:flint_and_steel":38,"minecraft:spruce_planks":29,"minecraft:shield":28,"minecraft:iron_sword":154,"minecraft:iron_chestplate":1,"minecraft:torch":19,"minecraft:spruce_stairs":3,"minecells:monsters_eye":5,"minecraft:iron_axe":145,"minecells:guts":7,"minecells:blood_sword":171,"minecraft:dark_oak_slab":2,"supplementaries:candy":4,"minecraft:item_frame":1,"minecraft:written_book":3,"botania:lime_mystical_flower":1,"minecraft:egg":1,"promenade:palm_planks":52,"minecraft:dark_oak_stairs":1,"supplementaries:sack":1,"minecells:putrid_planks":16,"minecraft:oak_planks":7,"minecraft:sandstone":1,"minecraft:cut_sandstone":54,"minecraft:diamond_axe":115,"minecraft:green_bed":4,"regions_unexplored:chalk":5,"minecraft:white_wool":3,"minecraft:mossy_cobblestone":3,"minecraft:tnt":6,"minecraft:crafting_table":5,"minecraft:mushroom_stew":6,"minecraft:crossbow":52,"minecraft:painting":3,"minecraft:bread":72,"minecraft:melon_slice":3,"minecraft:iron_pickaxe":168,"regions_unexplored:baobab_planks":347,"minecells:bloomrock":1,"minecraft:cobblestone":6,"minecraft:pumpkin_pie":6,"minecraft:diamond_leggings":1},"minecraft:mined":{"minecells:putrid_fence":2,"minecraft:spruce_planks":1,"minecraft:mossy_cobblestone":7,"minecraft:grass_block":3,"modern_industrialization:lignite_coal_ore":5,"minecraft:coal_block":15,"minecraft:spawner":3,"minecraft:hay_block":4,"minecraft:fire":10,"minecraft:andesite":1,"botania:lime_double_flower":1,"treechop:chopped_log":6,"mythicmounts:firebird_feather3":1,"minecraft:dark_oak_stairs":1,"minecraft:vine":1,"regions_unexplored:medium_grass":1,"minecraft:stone":87,"regions_unexplored:windswept_grass":1,"minecraft:white_wool":1,"minecraft:green_bed":4,"minecraft:podzol":1,"botania:lime_mystical_flower":2,"minecells:putrid_planks":4,"minecraft:torch":4,"minecraft:melon":1,"supplementaries:sack":1,"promenade:palm_log":2,"minecells:hanged_corpse":1,"minecraft:cobblestone":2,"minecraft:damaged_anvil":1,"minecraft:wall_torch":1,"supplementaries:urn":2,"minecraft:spruce_stairs":12,"minecraft:dark_oak_slab":2,"techreborn:ruby_ore":2,"minecraft:tnt":1,"minecraft:black_wool":1,"minecraft:grass":1,"minecraft:coal_ore":11,"minecraft:oak_log":5,"minecraft:cobweb":16,"minecraft:stone_bricks":19,"minecraft:polished_andesite":3,"minecraft:dispenser":1,"minecraft:netherrack":1,"minecells:bloomrock_wilted_grass_block":2},"minecraft:picked_up":{"minecraft:charcoal":2,"modern_industrialization:lignite_coal":5,"minecraft:redstone_block":1,"minecells:king_statue":1,"minecraft:potion":1,"minecraft:birch_button":1,"croptopia:calamari":1,"minecraft:chain":1,"minecraft:golden_sword":1,"minecraft:string":24,"minecraft:oak_trapdoor":3,"minecraft:item_frame":1,"minecraft:diamond_leggings":1,"minecraft:spruce_planks":1,"minecells:vine_rune":3,"mythicmounts:firebird_feather":1,"minecraft:poppy":9,"minecraft:spruce_slab":2,"minecraft:melon_slice":4,"minecraft:coal_block":15,"minecraft:chest":1,"minecraft:piston":1,"minecraft:iron_boots":1,"minecraft:egg":1,"minecells:guts":20,"minecraft:tipped_arrow":25,"minecraft:stick":16,"minecraft:sandstone":35,"minecells:monsters_eye":3,"minecraft:torch":4,"minecraft:green_bed":4,"minecells:arcane_goo":3,"minecraft:spruce_stairs":15,"techreborn:ruby_gem":3,"botania:lime_double_flower":1,"minecells:putrid_log":64,"minecraft:stone_button":1,"minecraft:carrot":4,"minecraft:redstone":4,"minecells:putrid_fence":2,"minecraft:prismarine_crystals":2,"minecraft:tnt":1,"wizards:wizard_robe_head":1,"botania:lime_mystical_flower":2,"minecraft:arrow":39,"minecraft:rotten_flesh":49,"minecraft:hay_block":4,"minecraft:yellow_terracotta":1,"supplementaries:ash":39,"minecraft:mutton":6,"minecraft:cod":2,"minecraft:skeleton_skull":7,"minecraft:white_wool":3,"minecraft:cobblestone":83,"promenade:banana":1,"minecraft:feather":5,"minecraft:repeater":2,"minecraft:tripwire_hook":2,"minecraft:andesite":1,"minecraft:cut_sandstone":80,"minecraft:oak_log":6,"supplementaries:flax_seeds":2,"minecraft:gunpowder":3,"mythicmounts:firebird_feather3":1,"promenade:palm_sapling":6,"minecraft:dirt":3,"minecells:putrid_planks":5,"minecraft:smooth_sandstone":4,"minecraft:bone":12,"promenade:palm_log":13,"minecraft:stone_bricks":38,"minecraft:bow":1,"regions_unexplored:baobab_sapling":7,"minecraft:iron_ingot":23,"minecraft:glass_bottle":1,"twigs:twig":9,"minecraft:iron_sword":2,"minecraft:dark_oak_stairs":1,"minecraft:dark_oak_slab":20,"supplementaries:sack":1,"minecells:monster_cell":40,"minecells:infected_flesh":22,"minecraft:oak_pressure_plate":1,"regions_unexplored:baobab_boat":1,"regions_unexplored:baobab_planks":39,"minecraft:ink_sac":1,"regions_unexplored:chalk":5,"minecells:metal_shards":2,"jewelry:diamond_necklace":1,"techreborn:red_garnet_gem":2,"minecraft:spider_eye":2,"minecraft:barrel":1,"minecraft:mossy_cobblestone":5,"minecraft:polished_andesite":6,"minecraft:dispenser":2,"minecells:red_putrid_sapling":14,"minecells:explosive_bulb":7,"minecells:bloomrock":2,"minecraft:birch_sign":15,"minecraft:bread":10,"minecraft:emerald":3,"minecraft:damaged_anvil":1,"minecraft:black_wool":2,"minecraft:coal":11,"regions_unexplored:baobab_log":141},"minecraft:custom":{"lootr:looted_stat":94,"minecraft:interact_with_anvil":1,"minecraft:mob_kills":157,"minecraft:interact_with_crafting_table":12,"minecraft:damage_dealt_resisted":0,"minecraft:eat_cake_slice":2,"minecraft:leave_game":9,"minecraft:time_since_death":9452,"minecraft:damage_resisted":222,"minecraft:climb_one_cm":15728,"minecraft:sprint_one_cm":721329,"minecraft:walk_one_cm":554664,"minecraft:damage_blocked_by_shield":1406,"minecraft:drop":158,"minecraft:talked_to_villager":13,"minecraft:play_time":219472,"minecraft:deaths":18,"minecraft:sneak_time":13839,"minecraft:walk_under_water_one_cm":16717,"minecraft:boat_one_cm":26294,"minecraft:interact_with_lectern":4,"minecraft:jump":4347,"minecraft:walk_on_water_one_cm":14441,"minecraft:total_world_time":219472,"minecraft:sleep_in_bed":12,"minecraft:hex":0,"minecraft:time_since_rest":9477,"minecraft:damage_taken":10757,"minecraft:damage_dealt":30660,"minecraft:swim_one_cm":20014,"minecraft:fly_one_cm":905268,"minecraft:open_chest":3,"minecraft:crouch_one_cm":44482,"minecraft:fall_one_cm":125802,"minecraft:horse_one_cm":13339},"minecraft:crafted":{"regions_unexplored:baobab_planks":564,"minecraft:oak_planks":20,"minecraft:coal":135,"minecells:putrid_planks":192,"minecraft:iron_boots":1,"minecraft:diamond_leggings":3,"minecraft:iron_axe":1,"promenade:palm_planks":52,"minecraft:wheat":36,"minecraft:crafting_table":5,"minecraft:spruce_planks":28,"minecraft:iron_helmet":1,"minecraft:iron_sword":1,"paladins:diamond_holy_wand":1,"minecraft:iron_chestplate":1,"minecraft:stick":28,"minecraft:iron_pickaxe":1,"minecraft:torch":76},"minecraft:dropped":{"minecraft:bread":18,"minecraft:enchanted_book":4,"minecells:putrid_log":16,"minecraft:iron_sword":2,"minecraft:piston":1,"minecraft:oak_pressure_plate":1,"minecraft:oak_log":1,"promenade:palm_sapling":6,"minecraft:mossy_cobblestone":2,"minecraft:glass_bottle":1,"minecraft:diamond":7,"minecraft:diamond_leggings":2,"mythicmounts:firebird_feather":1,"minecraft:dark_oak_slab":18,"minecraft:feather":8,"minecraft:cobblestone":17,"minecraft:prismarine_crystals":2,"minecraft:apple":1,"minecells:bloomrock":1,"brewery:corn_seeds":1,"minecraft:spruce_stairs":12,"minecraft:coal":7,"minecraft:flint":2,"minecraft:emerald":5,"minecraft:cod":2,"minecraft:stick":22,"minecraft:polished_andesite":3,"minecells:nutcracker":1,"rogues:rogue_armor_chest":1,"minecraft:dirt":3,"archon:gust_tome":1,"minecells:infected_flesh":17,"archon:propel_tome":1,"minecraft:stone_button":1,"minecraft:ink_sac":1,"minecraft:dispenser":1,"minecraft:dark_oak_trapdoor":1,"minecraft:repeater":3,"minecraft:mutton":6,"minecells:explosive_bulb":2,"minecraft:melon_slice":1,"minecraft:cut_sandstone":35,"promenade:banana":1,"minecells:red_putrid_sapling":14,"minecraft:potion":1,"minecraft:chain":1,"minecells:metal_shards":2,"minecraft:sand":1,"travelersbackpack:backpack_tank":2,"minecraft:string":22,"croptopia:calamari":1,"minecraft:tripwire_hook":1,"minecraft:redstone":3,"minecraft:bone":8,"twigs:twig":9,"jewelry:diamond_necklace":1,"botania:lime_double_flower":1,"regions_unexplored:baobab_boat":1,"minecraft:bowl":5,"minecells:putrid_planks":64,"minecraft:rotten_flesh":34,"minecraft:iron_boots":2,"minecraft:clay_ball":3,"minecraft:oak_planks":2,"mythicmounts:firebird_feather3":1,"regions_unexplored:baobab_sapling":7,"regions_unexplored:baobab_planks":231,"minecraft:poppy":9,"supplementaries:flax_seeds":2,"supplementaries:ash":39,"minecraft:gunpowder":3,"wizards:wizard_robe_chest":1,"minecraft:skeleton_skull":7,"minecraft:andesite":1,"minecraft:chest":1,"minecells:guts":8,"minecraft:spider_eye":2,"minecraft:stone_bricks":38,"minecraft:barrel":1,"modern_industrialization:lignite_coal":5,"minecraft:spruce_slab":2,"minecraft:bow":1,"botania:lime_mystical_flower":1,"wizards:wizard_robe_head":2,"minecraft:black_wool":2},"minecraft:killed_by":{"minecraft:player":1,"minecells:leaping_zombie":5,"minecraft:skeleton":2,"minecraft:zombie":1,"minecells:grenadier":3,"adventurez:desert_rhino":1,"minecells:runner":1},"minecraft:broken":{"paladins:priest_robe_chest":1,"immersive_armors:wither_boots":1,"minecraft:stone_sword":1,"minecraft:diamond_leggings":1,"minecraft:iron_pickaxe":1,"minecraft:iron_helmet":2,"paladins:paladin_armor_head":1,"rogues:rogue_armor_chest":1},"minecraft:killed":{"minecells:mutated_bat":10,"minecraft:spider":6,"minecells:undead_archer":6,"naturalist:robin":1,"adventurez:desert_rhino":1,"minecraft:skeleton":12,"derelict:spiderling":1,"minecells:leaping_zombie":47,"minecells:protector":3,"minecells:grenadier":10,"minecraft:husk":27,"minecraft:parrot":1,"minecells:runner":10,"minecraft:zombie_villager":1,"minecraft:iron_golem":1,"minecraft:sheep":3,"minecraft:zombie":4,"minecells:shieldbearer":3,"minecraft:villager":1}},"DataVersion":3465}