{"stats":{"minecraft:used":{"minecraft:dark_oak_stairs":1,"supplementaries:sack":1,"minecraft:stone_sword":125,"minecraft:flint_and_steel":7,"minecraft:oak_planks":7,"minecraft:spruce_planks":29,"minecraft:shield":26,"minecraft:sandstone":1,"minecraft:iron_sword":37,"minecraft:green_bed":1,"regions_unexplored:chalk":5,"minecraft:white_wool":3,"minecraft:tnt":4,"minecraft:crafting_table":2,"minecraft:spruce_stairs":3,"minecraft:crossbow":19,"minecraft:iron_axe":145,"minecraft:bread":33,"minecraft:melon_slice":3,"regions_unexplored:baobab_planks":331,"minecraft:iron_pickaxe":7,"minecraft:dark_oak_slab":2,"supplementaries:candy":4,"minecraft:written_book":1,"minecraft:egg":1,"promenade:palm_planks":52,"minecraft:diamond_leggings":1},"minecraft:mined":{"minecraft:spruce_planks":1,"minecraft:melon":1,"supplementaries:sack":1,"promenade:palm_log":2,"supplementaries:urn":2,"minecraft:spawner":2,"minecraft:hay_block":4,"minecraft:spruce_stairs":12,"minecraft:dark_oak_slab":2,"minecraft:fire":4,"minecraft:tnt":1,"treechop:chopped_log":5,"minecraft:dark_oak_stairs":1,"minecraft:black_wool":1,"minecraft:oak_log":5,"minecraft:white_wool":1,"minecraft:green_bed":2},"minecraft:picked_up":{"promenade:banana":1,"minecraft:feather":3,"minecraft:oak_log":6,"supplementaries:flax_seeds":1,"promenade:palm_sapling":6,"minecraft:string":1,"minecraft:bone":8,"promenade:palm_log":13,"regions_unexplored:baobab_sapling":7,"minecraft:spruce_planks":1,"minecraft:iron_ingot":22,"minecraft:poppy":9,"minecraft:spruce_slab":2,"minecraft:melon_slice":4,"twigs:twig":2,"minecraft:iron_boots":1,"minecraft:chest":1,"minecraft:sandstone":1,"minecraft:iron_sword":2,"minecraft:dark_oak_stairs":1,"minecraft:egg":1,"minecraft:stick":12,"minecraft:dark_oak_slab":20,"supplementaries:sack":1,"minecraft:oak_pressure_plate":1,"minecraft:green_bed":2,"minecraft:spruce_stairs":15,"minecraft:stone_button":1,"minecraft:carrot":4,"regions_unexplored:chalk":5,"minecraft:barrel":1,"minecraft:tnt":1,"wizards:wizard_robe_head":1,"minecraft:arrow":14,"minecraft:rotten_flesh":2,"minecraft:hay_block":4,"minecraft:emerald":3,"minecraft:bread":1,"regions_unexplored:baobab_log":141,"supplementaries:ash":39,"minecraft:cod":2,"minecraft:black_wool":2,"minecraft:mutton":6,"minecraft:skeleton_skull":7,"minecraft:white_wool":3},"minecraft:custom":{"lootr:looted_stat":33,"minecraft:mob_kills":20,"minecraft:interact_with_crafting_table":8,"minecraft:damage_dealt_resisted":0,"minecraft:time_since_death":23158,"minecraft:sleep_in_bed":6,"minecraft:damage_resisted":128,"minecraft:climb_one_cm":2948,"minecraft:hex":0,"minecraft:time_since_rest":19136,"minecraft:sprint_one_cm":234839,"minecraft:damage_taken":2827,"minecraft:walk_one_cm":157979,"minecraft:damage_blocked_by_shield":1346,"minecraft:drop":65,"minecraft:damage_dealt":4773,"minecraft:swim_one_cm":6256,"minecraft:talked_to_villager":3,"minecraft:fly_one_cm":289576,"minecraft:open_chest":1,"minecraft:crouch_one_cm":30621,"minecraft:play_time":77928,"minecraft:deaths":4,"minecraft:sneak_time":9891,"minecraft:walk_under_water_one_cm":8808,"minecraft:interact_with_lectern":3,"minecraft:jump":1493,"minecraft:walk_on_water_one_cm":5276,"minecraft:total_world_time":77928,"minecraft:fall_one_cm":36673,"minecraft:horse_one_cm":638},"minecraft:crafted":{"regions_unexplored:baobab_planks":564,"minecraft:oak_planks":20,"minecraft:crafting_table":2,"minecraft:spruce_planks":28,"minecraft:iron_sword":1,"minecraft:diamond_leggings":1,"minecraft:iron_axe":1,"minecraft:stick":8,"minecraft:iron_pickaxe":1,"promenade:palm_planks":52,"minecraft:wheat":36},"minecraft:dropped":{"minecraft:iron_sword":2,"minecraft:oak_pressure_plate":1,"minecraft:oak_log":1,"promenade:palm_sapling":6,"minecraft:diamond":7,"minecraft:dark_oak_slab":18,"minecraft:feather":3,"minecraft:rotten_flesh":2,"minecraft:clay_ball":3,"minecraft:iron_boots":2,"minecraft:oak_planks":1,"regions_unexplored:baobab_planks":192,"regions_unexplored:baobab_sapling":7,"minecraft:spruce_stairs":12,"brewery:corn_seeds":1,"minecraft:coal":5,"minecraft:cod":2,"minecraft:stick":1,"minecraft:emerald":5,"rogues:rogue_armor_chest":1,"minecraft:poppy":9,"supplementaries:flax_seeds":1,"supplementaries:ash":39,"archon:propel_tome":1,"minecraft:stone_button":1,"minecraft:gunpowder":1,"minecraft:skeleton_skull":7,"minecraft:mutton":6,"minecraft:melon_slice":1,"minecraft:chest":1,"promenade:banana":1,"minecraft:barrel":1,"minecraft:spruce_slab":2,"minecraft:sand":1,"minecraft:string":1,"minecraft:bone":8,"minecraft:black_wool":2,"twigs:twig":2,"wizards:wizard_robe_head":2},"minecraft:broken":{"minecraft:stone_sword":1},"minecraft:killed_by":{"minecraft:skeleton":2,"adventurez:desert_rhino":1},"minecraft:killed":{"minecraft:parrot":1,"minecraft:zombie_villager":1,"minecraft:spider":1,"minecraft:iron_golem":1,"adventurez:desert_rhino":1,"minecraft:sheep":3,"minecraft:skeleton":10,"minecraft:zombie":1,"minecraft:villager":1}},"DataVersion":3465}