{"stats":{"minecraft:used":{"minecraft:stone_sword":6,"minecraft:melon_slice":3},"minecraft:picked_up":{"promenade:palm_log":1,"minecraft:melon_slice":4,"minecraft:black_wool":1,"minecraft:mutton":3,"minecraft:white_wool":2},"minecraft:mined":{"minecraft:melon":1,"treechop:chopped_log":1},"minecraft:custom":{"minecraft:time_since_rest":5928,"minecraft:crouch_one_cm":436,"minecraft:play_time":5928,"minecraft:sprint_one_cm":14185,"minecraft:damage_taken":29,"minecraft:walk_one_cm":7792,"minecraft:sneak_time":104,"minecraft:mob_kills":3,"minecraft:jump":75,"minecraft:damage_dealt":235,"minecraft:time_since_death":5928,"minecraft:total_world_time":5928,"minecraft:hex":0,"minecraft:talked_to_villager":2,"minecraft:fall_one_cm":2005,"minecraft:fly_one_cm":16240},"minecraft:killed":{"minecraft:sheep":3}},"DataVersion":3465}