{"stats":{"minecraft:used":{"minecraft:dark_oak_stairs":1,"minecraft:stone_sword":25,"minecraft:iron_axe":4,"minecraft:melon_slice":3,"minecraft:bread":3,"minecraft:iron_sword":11,"minecraft:green_bed":1,"minecraft:spruce_stairs":2,"minecraft:egg":1,"promenade:palm_planks":4},"minecraft:picked_up":{"minecraft:green_bed":1,"minecraft:spruce_stairs":2,"minecraft:oak_log":2,"promenade:palm_log":1,"minecraft:spruce_planks":1,"minecraft:hay_block":4,"minecraft:iron_ingot":5,"minecraft:poppy":1,"minecraft:melon_slice":4,"minecraft:black_wool":1,"minecraft:mutton":3,"minecraft:dark_oak_stairs":1,"minecraft:white_wool":2,"minecraft:egg":1},"minecraft:mined":{"minecraft:spruce_stairs":2,"minecraft:hay_block":4,"minecraft:spruce_planks":1,"treechop:chopped_log":1,"minecraft:dark_oak_stairs":1,"minecraft:oak_log":2,"minecraft:melon":1,"minecraft:green_bed":1},"minecraft:custom":{"minecraft:time_since_rest":4191,"lootr:looted_stat":14,"minecraft:sprint_one_cm":57057,"minecraft:damage_taken":85,"minecraft:walk_one_cm":28883,"minecraft:mob_kills":4,"minecraft:drop":2,"minecraft:damage_dealt":1152,"minecraft:talked_to_villager":3,"minecraft:interact_with_crafting_table":3,"minecraft:fly_one_cm":47164,"minecraft:crouch_one_cm":990,"minecraft:play_time":17928,"minecraft:sneak_time":328,"minecraft:jump":191,"minecraft:walk_on_water_one_cm":4,"minecraft:time_since_death":17928,"minecraft:sleep_in_bed":2,"minecraft:total_world_time":17928,"minecraft:climb_one_cm":1636,"minecraft:hex":0,"minecraft:fall_one_cm":2692},"minecraft:crafted":{"minecraft:oak_planks":8,"minecraft:iron_axe":1,"minecraft:stick":4,"minecraft:iron_sword":1,"promenade:palm_planks":4,"minecraft:wheat":36},"minecraft:dropped":{"minecraft:poppy":1,"archon:propel_tome":1},"minecraft:killed":{"minecraft:sheep":3,"minecraft:iron_golem":1}},"DataVersion":3465}