{"stats":{"minecraft:used":{"minecraft:stone_sword":125,"minecraft:flint_and_steel":38,"minecraft:spruce_planks":29,"minecraft:shield":28,"minecraft:iron_sword":154,"minecraft:spruce_stairs":3,"minecraft:iron_axe":145,"minecraft:dark_oak_slab":2,"supplementaries:candy":4,"minecraft:item_frame":1,"minecraft:written_book":3,"minecraft:egg":1,"promenade:palm_planks":52,"minecraft:dark_oak_stairs":1,"supplementaries:sack":1,"minecraft:oak_planks":7,"minecraft:sandstone":1,"minecraft:cut_sandstone":54,"minecraft:green_bed":2,"minecraft:white_wool":3,"regions_unexplored:chalk":5,"minecraft:tnt":6,"minecraft:crafting_table":3,"minecraft:crossbow":21,"minecraft:bread":53,"minecraft:melon_slice":3,"minecraft:iron_pickaxe":33,"regions_unexplored:baobab_planks":347,"minecraft:diamond_leggings":1},"minecraft:mined":{"minecraft:spruce_planks":1,"minecraft:spawner":3,"minecraft:hay_block":4,"minecraft:fire":6,"treechop:chopped_log":5,"mythicmounts:firebird_feather3":1,"minecraft:dark_oak_stairs":1,"minecraft:vine":1,"minecraft:white_wool":1,"minecraft:green_bed":2,"minecraft:melon":1,"promenade:palm_log":2,"supplementaries:sack":1,"minecraft:cobblestone":2,"supplementaries:urn":2,"minecraft:spruce_stairs":12,"minecraft:dark_oak_slab":2,"minecraft:tnt":1,"minecraft:grass":1,"minecraft:black_wool":1,"minecraft:oak_log":5,"minecraft:cobweb":16,"minecraft:dispenser":1,"minecraft:polished_andesite":3,"minecraft:stone_bricks":19},"minecraft:picked_up":{"minecraft:charcoal":2,"minecraft:redstone_block":1,"minecraft:birch_button":1,"minecraft:chain":1,"minecraft:golden_sword":1,"minecraft:string":17,"minecraft:oak_trapdoor":3,"minecraft:item_frame":1,"minecraft:spruce_planks":1,"mythicmounts:firebird_feather":1,"minecraft:poppy":9,"minecraft:spruce_slab":2,"minecraft:melon_slice":4,"minecraft:chest":1,"minecraft:piston":1,"minecraft:egg":1,"minecraft:iron_boots":1,"minecraft:tipped_arrow":25,"minecraft:stick":12,"minecraft:sandstone":35,"minecraft:green_bed":2,"minecraft:spruce_stairs":15,"minecraft:stone_button":1,"minecraft:carrot":4,"minecraft:redstone":4,"minecraft:prismarine_crystals":2,"minecraft:tnt":1,"wizards:wizard_robe_head":1,"minecraft:arrow":35,"minecraft:rotten_flesh":15,"minecraft:hay_block":4,"minecraft:yellow_terracotta":1,"supplementaries:ash":39,"minecraft:mutton":6,"minecraft:cod":2,"minecraft:skeleton_skull":7,"minecraft:white_wool":3,"minecraft:cobblestone":4,"promenade:banana":1,"minecraft:feather":3,"minecraft:repeater":2,"minecraft:tripwire_hook":2,"minecraft:cut_sandstone":80,"minecraft:oak_log":6,"supplementaries:flax_seeds":1,"mythicmounts:firebird_feather3":1,"promenade:palm_sapling":6,"minecraft:smooth_sandstone":4,"minecraft:bone":12,"promenade:palm_log":13,"minecraft:stone_bricks":38,"minecraft:bow":1,"regions_unexplored:baobab_sapling":7,"minecraft:iron_ingot":23,"twigs:twig":2,"minecraft:iron_sword":2,"minecraft:dark_oak_stairs":1,"minecraft:dark_oak_slab":20,"supplementaries:sack":1,"minecraft:oak_pressure_plate":1,"regions_unexplored:baobab_boat":1,"regions_unexplored:baobab_planks":39,"regions_unexplored:chalk":5,"minecraft:barrel":1,"minecraft:polished_andesite":6,"minecraft:dispenser":2,"minecraft:birch_sign":15,"minecraft:emerald":3,"minecraft:bread":1,"minecraft:black_wool":2,"regions_unexplored:baobab_log":141},"minecraft:custom":{"lootr:looted_stat":39,"minecraft:mob_kills":50,"minecraft:interact_with_crafting_table":8,"minecraft:damage_dealt_resisted":0,"minecraft:eat_cake_slice":2,"minecraft:leave_game":1,"minecraft:time_since_death":3096,"minecraft:climb_one_cm":3538,"minecraft:damage_resisted":222,"minecraft:sprint_one_cm":400452,"minecraft:walk_one_cm":283419,"minecraft:damage_blocked_by_shield":1406,"minecraft:drop":89,"minecraft:talked_to_villager":13,"minecraft:play_time":118745,"minecraft:deaths":6,"minecraft:sneak_time":12496,"minecraft:walk_under_water_one_cm":12837,"minecraft:boat_one_cm":26294,"minecraft:interact_with_lectern":3,"minecraft:jump":2311,"minecraft:walk_on_water_one_cm":6188,"minecraft:total_world_time":118745,"minecraft:sleep_in_bed":7,"minecraft:hex":0,"minecraft:time_since_rest":3123,"minecraft:damage_taken":4469,"minecraft:damage_dealt":8702,"minecraft:swim_one_cm":11264,"minecraft:fly_one_cm":505262,"minecraft:open_chest":2,"minecraft:crouch_one_cm":39844,"minecraft:fall_one_cm":66429,"minecraft:horse_one_cm":638},"minecraft:crafted":{"regions_unexplored:baobab_planks":564,"minecraft:oak_planks":20,"minecraft:diamond_leggings":1,"minecraft:iron_axe":1,"promenade:palm_planks":52,"minecraft:wheat":36,"minecraft:crafting_table":3,"minecraft:spruce_planks":28,"minecraft:iron_sword":1,"paladins:diamond_holy_wand":1,"minecraft:stick":8,"minecraft:iron_pickaxe":1},"minecraft:dropped":{"minecraft:iron_sword":2,"minecraft:piston":1,"minecraft:oak_pressure_plate":1,"minecraft:oak_log":1,"promenade:palm_sapling":6,"minecraft:diamond":7,"mythicmounts:firebird_feather":1,"minecraft:dark_oak_slab":18,"minecraft:feather":8,"minecraft:cobblestone":2,"minecraft:prismarine_crystals":2,"brewery:corn_seeds":1,"minecraft:spruce_stairs":12,"minecraft:coal":5,"minecraft:flint":2,"minecraft:emerald":5,"minecraft:stick":1,"minecraft:cod":2,"minecraft:polished_andesite":3,"rogues:rogue_armor_chest":1,"archon:gust_tome":1,"archon:propel_tome":1,"minecraft:stone_button":1,"minecraft:dispenser":1,"minecraft:repeater":1,"minecraft:mutton":6,"minecraft:melon_slice":1,"promenade:banana":1,"minecraft:chain":1,"minecraft:sand":1,"travelersbackpack:backpack_tank":2,"minecraft:string":17,"minecraft:tripwire_hook":1,"minecraft:redstone":3,"twigs:twig":2,"minecraft:bone":8,"minecraft:rotten_flesh":12,"minecraft:oak_planks":1,"minecraft:clay_ball":3,"minecraft:iron_boots":2,"mythicmounts:firebird_feather3":1,"regions_unexplored:baobab_sapling":7,"regions_unexplored:baobab_planks":231,"minecraft:poppy":9,"supplementaries:flax_seeds":1,"supplementaries:ash":39,"minecraft:gunpowder":1,"minecraft:skeleton_skull":7,"minecraft:chest":1,"minecraft:stone_bricks":38,"minecraft:barrel":1,"minecraft:spruce_slab":2,"wizards:wizard_robe_head":2,"minecraft:black_wool":2},"minecraft:killed_by":{"minecraft:skeleton":2,"minecraft:zombie":1,"adventurez:desert_rhino":1},"minecraft:broken":{"paladins:priest_robe_chest":1,"minecraft:stone_sword":1,"minecraft:iron_helmet":1},"minecraft:killed":{"minecraft:spider":3,"adventurez:desert_rhino":1,"minecraft:skeleton":12,"derelict:spiderling":1,"minecraft:husk":22,"minecraft:parrot":1,"minecraft:zombie_villager":1,"minecraft:iron_golem":1,"minecraft:sheep":3,"minecraft:zombie":2,"minecraft:villager":1}},"DataVersion":3465}