{"stats":{"minecraft:used":{"minecells:king_statue":1,"minecraft:shield":28,"minecraft:iron_sword":154,"minecraft:iron_chestplate":2,"minecraft:iron_helmet":1,"minecraft:dark_oak_slab":2,"supplementaries:candy":4,"minecraft:item_frame":1,"minecraft:written_book":3,"minecraft:furnace":1,"minecraft:egg":1,"minecraft:dark_oak_stairs":1,"minecraft:oak_planks":10,"minecraft:sandstone":1,"minecraft:diamond_axe":126,"regions_unexplored:chalk":5,"minecraft:white_wool":3,"minecraft:mushroom_stew":6,"minecraft:crossbow":52,"herbalbrews:coffee_beans":2,"minecraft:melon_slice":3,"minecraft:bread":74,"minecells:bloomrock":1,"minecraft:oak_boat":3,"minecraft:stone_sword":125,"minecraft:flint_and_steel":38,"minecraft:spruce_planks":29,"mcdw:shield_royal_guard":5,"minecraft:torch":30,"minecraft:spruce_stairs":3,"minecells:monsters_eye":5,"minecraft:iron_axe":145,"minecells:blood_sword":171,"minecraft:iron_boots":1,"minecells:guts":9,"botania:lime_mystical_flower":1,"promenade:palm_planks":52,"minecraft:cooked_mutton":1,"supplementaries:sack":1,"minecells:putrid_planks":29,"minecraft:cut_sandstone":54,"minecraft:green_bed":8,"minecraft:mossy_cobblestone":3,"minecraft:tnt":6,"minecraft:crafting_table":8,"minecraft:painting":3,"regions_unexplored:baobab_planks":347,"minecraft:iron_pickaxe":216,"minecraft:cobblestone":6,"minecraft:cooked_porkchop":1,"minecraft:porkchop":5,"minecraft:pumpkin_pie":6,"minecraft:diamond_leggings":1},"minecraft:picked_up":{"minecraft:redstone_block":1,"minecraft:potion":1,"minecraft:birch_button":1,"croptopia:calamari":1,"minecraft:golden_sword":1,"minecraft:string":25,"minecraft:diamond_leggings":1,"bosses_of_mass_destruction:soul_star":1,"minecraft:spruce_planks":1,"minecraft:melon_slice":4,"minecraft:coal_block":15,"minecraft:iron_boots":1,"minecraft:tipped_arrow":25,"minecells:guts":20,"minecraft:stick":17,"minecraft:torch":4,"minecraft:green_bed":8,"minecraft:spruce_stairs":15,"minecraft:porkchop":6,"minecells:putrid_log":64,"minecells:putrid_fence":2,"mcdw:shield_royal_guard":1,"minecraft:rotten_flesh":51,"supplementaries:ash":39,"minecraft:cod":2,"minecraft:cobblestone":120,"promenade:banana":1,"minecraft:feather":5,"minecraft:repeater":2,"minecraft:andesite":1,"supplementaries:flax_seeds":2,"minecraft:lapis_lazuli":16,"minecraft:dirt":3,"lootr:trophy":1,"minecraft:bone":31,"minecraft:bow":1,"regions_unexplored:baobab_sapling":7,"twigs:twig":10,"minecraft:oak_pressure_plate":1,"regions_unexplored:baobab_boat":1,"regions_unexplored:baobab_planks":39,"minecraft:ink_sac":1,"regions_unexplored:chalk":5,"minecells:metal_shards":2,"minecraft:barrel":1,"techreborn:red_garnet_gem":4,"jewelry:diamond_necklace":1,"minecraft:mossy_cobblestone":5,"minecraft:bundle":1,"minecraft:polished_andesite":6,"minecraft:dispenser":2,"minecells:explosive_bulb":7,"minecells:bloomrock":2,"soulsweapons:verglas":2,"minecraft:emerald":3,"minecraft:bread":10,"minecraft:oak_sapling":1,"regions_unexplored:baobab_log":141,"modern_industrialization:lignite_coal":5,"minecraft:charcoal":2,"minecells:king_statue":1,"minecraft:chain":1,"extraspellattributes:goldquartzamulet":1,"minecraft:oak_trapdoor":3,"minecraft:item_frame":1,"mythicmounts:firebird_feather":1,"minecraft:oak_boat":3,"minecells:vine_rune":3,"herbalbrews:coffee_beans":2,"minecraft:poppy":9,"minecraft:spruce_slab":2,"minecraft:chest":1,"minecraft:piston":1,"minecraft:egg":1,"minecraft:sandstone":35,"minecells:monsters_eye":3,"minecells:arcane_goo":3,"techreborn:ruby_gem":3,"botania:lime_double_flower":1,"minecraft:stone_button":1,"minecraft:redstone":4,"minecraft:carrot":4,"minecraft:prismarine_crystals":2,"minecraft:tnt":1,"wizards:wizard_robe_head":1,"minecraft:arrow":42,"botania:lime_mystical_flower":2,"minecraft:hay_block":4,"minecraft:yellow_terracotta":1,"minecraft:mutton":11,"minecraft:white_wool":5,"minecraft:skeleton_skull":7,"minecraft:tripwire_hook":2,"minecraft:cut_sandstone":80,"minecraft:oak_log":14,"minecraft:gunpowder":3,"promenade:palm_sapling":6,"mythicmounts:firebird_feather3":1,"minecraft:smooth_sandstone":4,"minecells:putrid_planks":5,"promenade:palm_log":13,"minecraft:stone_bricks":38,"minecraft:apple":1,"minecraft:iron_ingot":23,"minecraft:glass_bottle":1,"minecraft:iron_sword":2,"minecraft:dark_oak_stairs":1,"minecraft:dark_oak_slab":20,"supplementaries:sack":1,"minecells:monster_cell":40,"minecells:infected_flesh":22,"minecraft:spruce_sapling":2,"minecraft:spider_eye":3,"minecells:red_putrid_sapling":14,"minecraft:birch_sign":15,"minecraft:gray_wool":1,"minecraft:damaged_anvil":1,"minecraft:black_wool":2,"minecraft:coal":17,"minecraft:ender_pearl":1},"minecraft:mined":{"minecraft:spruce_planks":1,"minecells:putrid_fence":2,"minecraft:grass_block":4,"modern_industrialization:lignite_coal_ore":5,"minecraft:coal_block":15,"minecraft:spawner":3,"minecraft:fire":10,"botania:lime_double_flower":1,"minecraft:dark_oak_stairs":1,"minecraft:green_bed":7,"minecells:putrid_planks":4,"minecraft:torch":4,"minecraft:melon":1,"minecells:hanged_corpse":1,"minecraft:cobblestone":2,"minecraft:damaged_anvil":1,"minecraft:wall_torch":1,"herbalbrews:wild_coffee_plant":2,"minecraft:dark_oak_slab":2,"minecraft:tnt":1,"minecraft:grass":1,"minecraft:oak_log":5,"minecraft:dispenser":1,"minecraft:netherrack":1,"minecells:bloomrock_wilted_grass_block":2,"soulsweapons:verglas_ore":2,"minecraft:mossy_cobblestone":7,"minecraft:hay_block":4,"minecraft:andesite":1,"treechop:chopped_log":8,"mythicmounts:firebird_feather3":1,"minecraft:vine":1,"regions_unexplored:medium_grass":1,"minecraft:stone":125,"regions_unexplored:windswept_grass":1,"minecraft:white_wool":1,"minecraft:podzol":1,"botania:lime_mystical_flower":2,"promenade:palm_log":2,"supplementaries:sack":1,"minecraft:lapis_ore":2,"supplementaries:urn":2,"minecraft:spruce_stairs":12,"techreborn:ruby_ore":2,"minecraft:black_wool":1,"minecraft:coal_ore":17,"minecraft:cobweb":16,"minecraft:polished_andesite":3,"minecraft:stone_bricks":19},"minecraft:custom":{"lootr:looted_stat":109,"minecraft:interact_with_crafting_table":30,"minecraft:open_barrel":2,"minecraft:eat_cake_slice":2,"minecraft:leave_game":9,"minecraft:time_since_death":7729,"minecraft:damage_resisted":222,"minecraft:sprint_one_cm":833174,"minecraft:damage_blocked_by_shield":1676,"minecraft:drop":182,"minecraft:talked_to_villager":13,"minecraft:play_time":261472,"minecraft:deaths":22,"minecraft:jump":5043,"minecraft:walk_on_water_one_cm":17256,"minecraft:interact_with_furnace":3,"minecraft:sleep_in_bed":14,"minecraft:damage_dealt":36041,"minecraft:crouch_one_cm":47276,"minecraft:horse_one_cm":13339,"minecraft:mob_kills":183,"minecraft:interact_with_anvil":1,"minecraft:damage_dealt_resisted":0,"minecraft:climb_one_cm":18349,"minecraft:walk_one_cm":632666,"minecraft:sneak_time":14748,"minecraft:walk_under_water_one_cm":22606,"minecraft:boat_one_cm":26294,"minecraft:interact_with_lectern":7,"minecraft:total_world_time":261472,"minecraft:hex":0,"minecraft:time_since_rest":7758,"minecraft:damage_taken":12529,"minecraft:swim_one_cm":28065,"minecraft:fly_one_cm":1002680,"minecraft:open_chest":4,"minecraft:fall_one_cm":146105},"minecraft:crafted":{"minecraft:oak_planks":52,"regions_unexplored:baobab_planks":564,"mcdw:shield_vanguard":1,"minecells:putrid_planks":192,"minecraft:cooked_mutton":5,"wizards:wand_novice":1,"minecraft:diamond_leggings":3,"minecraft:iron_boots":2,"promenade:palm_planks":52,"minecraft:cooked_porkchop":1,"minecraft:crafting_table":8,"minecraft:spruce_planks":28,"runes:fire_stone":58,"minecraft:iron_helmet":2,"paladins:diamond_holy_wand":1,"jewelry:gold_ring":1,"minecraft:iron_chestplate":3,"minecraft:stick":32,"minecraft:iron_pickaxe":2,"minecraft:coal":135,"minecraft:furnace":1,"minecraft:iron_axe":1,"mcdw:shield_royal_guard":1,"minecraft:wheat":36,"minecraft:iron_sword":1,"minecraft:air":0,"minecraft:oak_boat":1,"minecraft:torch":76},"minecraft:dropped":{"minecraft:iron_sword":2,"minecraft:piston":1,"minecraft:oak_pressure_plate":1,"minecraft:oak_log":1,"promenade:palm_sapling":6,"minecraft:glass_bottle":1,"minecraft:diamond":7,"minecraft:dark_oak_slab":18,"minecells:vine_rune":1,"minecraft:cod":2,"minecraft:emerald":5,"minecraft:flint":2,"rogues:rogue_armor_chest":1,"minecells:nutcracker":1,"archon:gust_tome":1,"minecraft:dirt":3,"archon:propel_tome":1,"minecells:infected_flesh":17,"minecraft:stone_button":1,"minecraft:dispenser":1,"minecraft:mutton":6,"minecraft:dark_oak_trapdoor":1,"minecraft:cut_sandstone":35,"minecraft:chain":1,"minecraft:sand":1,"travelersbackpack:backpack_tank":2,"croptopia:calamari":1,"twigs:twig":10,"minecraft:bone":10,"botania:lime_double_flower":1,"minecells:putrid_planks":64,"minecraft:rotten_flesh":34,"minecraft:oak_planks":2,"regions_unexplored:baobab_sapling":7,"beachparty:rubber_ring_axolotl":1,"minecraft:poppy":9,"supplementaries:flax_seeds":2,"supplementaries:ash":39,"minecraft:gunpowder":3,"minecraft:skeleton_skull":7,"minecraft:chest":1,"modern_industrialization:lignite_coal":5,"minecraft:spruce_slab":2,"minecraft:arrow":1,"minecraft:enchanted_book":4,"minecells:putrid_log":16,"minecraft:bread":18,"minecraft:mossy_cobblestone":2,"mythicmounts:firebird_feather":1,"minecraft:diamond_leggings":3,"mcdw:shield_royal_guard":1,"minecraft:feather":8,"minecraft:cobblestone":17,"minecraft:prismarine_crystals":2,"minecraft:apple":1,"minecraft:spruce_stairs":12,"brewery:corn_seeds":1,"minecraft:coal":7,"minecraft:polished_andesite":3,"minecraft:stick":23,"minecells:bloomrock":1,"minecraft:gray_wool":1,"minecraft:ink_sac":1,"minecraft:repeater":3,"minecells:explosive_bulb":2,"minecraft:melon_slice":1,"promenade:banana":1,"minecells:red_putrid_sapling":14,"minecraft:potion":1,"minecells:metal_shards":2,"minecraft:string":22,"minecraft:tripwire_hook":1,"minecraft:spruce_sapling":2,"jewelry:diamond_necklace":1,"minecraft:redstone":3,"techreborn:red_garnet_gem":2,"regions_unexplored:baobab_boat":1,"mcdw:shield_vanguard":1,"minecraft:bowl":5,"minecraft:clay_ball":3,"minecraft:iron_boots":3,"mythicmounts:firebird_feather3":1,"regions_unexplored:baobab_planks":231,"minecells:monster_cell":40,"wizards:wizard_robe_chest":1,"minecraft:bundle":2,"minecraft:iron_chestplate":3,"minecraft:andesite":1,"minecraft:oak_boat":1,"minecraft:oak_sapling":1,"minecraft:barrel":1,"minecraft:stone_bricks":38,"minecells:guts":8,"minecraft:spider_eye":3,"minecraft:bow":1,"minecells:cudgel":1,"botania:lime_mystical_flower":1,"wizards:wizard_robe_head":2,"minecraft:black_wool":2},"minecraft:killed_by":{"minecraft:zombie":1,"minecells:grenadier":3,"adventurez:desert_rhino":1,"minecraft:husk":1,"minecraft:player":1,"minecells:leaping_zombie":5,"minecraft:skeleton":3,"tinyskeletons:baby_skeleton":1,"minecells:runner":1},"minecraft:broken":{"immersive_armors:wither_boots":1,"paladins:priest_robe_chest":1,"minecraft:stone_sword":1,"minecraft:diamond_leggings":1,"minecraft:iron_pickaxe":1,"minecraft:iron_helmet":2,"paladins:paladin_armor_head":1,"rogues:rogue_armor_chest":1},"minecraft:killed":{"minecraft:spider":8,"naturalist:robin":1,"minecraft:skeleton":20,"derelict:spiderling":1,"minecells:leaping_zombie":47,"minecells:protector":3,"minecells:grenadier":10,"minecraft:parrot":1,"minecraft:pig":3,"minecraft:zombie_villager":1,"minecraft:iron_golem":1,"minecraft:sheep":6,"tinyskeletons:baby_skeleton":1,"minecraft:zombie":7,"minecells:shieldbearer":3,"minecells:mutated_bat":10,"minecells:undead_archer":6,"adventurez:desert_rhino":1,"minecraft:husk":30,"minecells:runner":10,"minecraft:villager":1,"minecraft:enderman":1}},"DataVersion":3465}