{"stats":{"minecraft:used":{"minecraft:spruce_slab":1,"minecraft:spruce_planks":20,"minecraft:shield":31,"minecraft:iron_sword":211,"minecraft:torch":8,"minecraft:nether_brick_slab":1,"minecraft:dark_oak_planks":4,"minecraft:iron_axe":31,"minecraft:calcite":1,"epicfight:skillbook":1,"minecraft:mangrove_planks":27,"minecraft:oak_planks":58,"minecraft:golden_hoe":32,"minecraft:crafting_table":5,"minecraft:white_bed":7,"minecraft:cake":2,"minecraft:wooden_hoe":26,"minecraft:apple":4,"minecraft:bread":28,"minecraft:iron_pickaxe":54,"minecraft:stone_axe":49,"minecraft:wooden_sword":8,"minecraft:pumpkin_pie":2,"minecraft:oak_boat":1},"minecraft:custom":{"minecraft:interact_with_smithing_table":1,"minecraft:mob_kills":30,"minecraft:interact_with_crafting_table":8,"minecraft:open_barrel":24,"minecraft:eat_cake_slice":7,"minecraft:leave_game":3,"minecraft:time_since_death":274,"minecraft:climb_one_cm":46139,"minecraft:sprint_one_cm":514565,"minecraft:walk_one_cm":404867,"minecraft:damage_blocked_by_shield":3780,"minecraft:drop":54,"minecraft:play_time":72135,"minecraft:deaths":11,"minecraft:sneak_time":5456,"minecraft:walk_under_water_one_cm":4003,"minecraft:boat_one_cm":30753,"minecraft:jump":1589,"minecraft:interact_with_blast_furnace":5,"minecraft:walk_on_water_one_cm":4206,"minecraft:total_world_time":72135,"spartanshields:shield_bash_hits":2,"minecraft:tune_noteblock":6,"minecraft:sleep_in_bed":6,"minecraft:time_since_rest":300,"minecraft:damage_taken":6036,"minecraft:damage_dealt":10878,"minecraft:swim_one_cm":6514,"minecraft:fly_one_cm":580060,"minecraft:player_kills":2,"minecraft:open_chest":29,"minecraft:crouch_one_cm":32165,"minecraft:fall_one_cm":65985},"minecraft:broken":{"minecraft:golden_hoe":1,"minecraft:shield":1},"minecraft:mined":{"minecraft:dark_oak_planks":3,"minecraft:spruce_planks":8,"minecraft:white_bed":6,"minecraft:cherry_log":7,"minecraft:red_nether_bricks":4,"minecraft:spruce_trapdoor":1,"minecraft:spawner":4,"minecraft:hay_block":52,"minecraft:waxed_oxidized_cut_copper_slab":2,"minecraft:stripped_dark_oak_wood":1,"minecraft:bookshelf":4,"minecraft:stripped_oak_log":4,"minecraft:stone":6,"minecraft:stripped_mangrove_wood":10,"minecraft:player_head":1,"minecraft:spruce_slab":1,"minecraft:smithing_table":1,"minecraft:polished_deepslate_stairs":1,"minecraft:stripped_dark_oak_log":1,"minecraft:powder_snow":1,"minecraft:crafting_table":1,"minecraft:blast_furnace":2,"minecraft:calcite":12,"minecraft:nether_brick_slab":3,"minecraft:tall_grass":1,"minecraft:oak_planks":9,"minecraft:damaged_anvil":2,"minecraft:diorite":2,"minecraft:pink_petals":1,"minecraft:spruce_stairs":1,"minecraft:black_stained_glass":2,"minecraft:purple_bed":1,"minecraft:dark_oak_slab":1,"minecraft:grass":4,"minecraft:oak_log":20,"minecraft:coal_ore":6,"minecraft:loom":1,"minecraft:gray_carpet":1,"minecraft:cracked_stone_bricks":2,"minecraft:tripwire_hook":1,"minecraft:gold_ore":1,"minecraft:oak_leaves":3},"minecraft:killed_by":{"minecraft:husk":6,"minecraft:player":2,"minecraft:skeleton":1,"minecraft:zombie":1},"minecraft:crafted":{"minecraft:wooden_sword":1,"minecraft:oak_planks":96,"minecraft:iron_axe":1,"minecraft:dark_oak_planks":4,"minecraft:wheat":180,"minecraft:crafting_table":5,"minecraft:spruce_planks":28,"minecraft:wooden_pickaxe":1,"minecraft:iron_sword":1,"minecraft:mangrove_planks":68,"minecraft:bread":52,"minecraft:oak_boat":1,"minecraft:wooden_hoe":1,"minecraft:shield":2,"minecraft:stick":16,"minecraft:iron_pickaxe":1,"minecraft:torch":8},"minecraft:dropped":{"minecraft:iron_ingot":4,"minecraft:wheat_seeds":5,"minecraft:dark_oak_slab":2,"minecraft:cobblestone":3,"minecraft:mangrove_planks":31,"minecraft:cracked_stone_bricks":2,"minecraft:spruce_stairs":1,"minecraft:leather_helmet":3,"minecraft:diorite":1,"minecraft:potion":2,"minecraft:wooden_sword":1,"minecraft:iron_pickaxe":1,"minecraft:chainmail_leggings":2,"minecraft:dark_oak_planks":2,"minecraft:pink_petals":1,"minecraft:armor_stand":3,"minecraft:nether_brick_slab":1,"minecraft:stone_axe":1,"minecraft:player_head":1,"alexsmobs:animal_dictionary":4,"minecraft:dark_oak_sign":3,"minecraft:rotten_flesh":5,"minecraft:white_bed":1,"minecraft:leather_chestplate":4,"minecraft:potato":6,"minecraft:spruce_trapdoor":1,"minecraft:spruce_planks":5,"minecraft:oak_sapling":1,"minecraft:red_nether_bricks":1,"minecraft:stone_pickaxe":1,"minecraft:wooden_pickaxe":1,"minecraft:raw_gold":1,"minecraft:calcite":17},"minecraft:killed":{"minecraft:skeleton":5,"minecraft:husk":20,"minecraft:sheep":2,"minecraft:cow":3},"minecraft:picked_up":{"minecraft:crafting_table":1,"minecraft:azure_bluet":2,"minecraft:smithing_table":2,"minecraft:wooden_pickaxe":1,"minecraft:potion":2,"minecraft:red_nether_bricks":3,"minecraft:iron_leggings":1,"minecraft:armor_stand":4,"minecraft:cracked_stone_bricks":2,"minecraft:spruce_planks":7,"minecraft:beef":4,"minecraft:calcite":22,"minecraft:player_head":2,"minecraft:iron_pickaxe":1,"minecraft:spruce_slab":1,"minecraft:spruce_trapdoor":1,"minecraft:stripped_mangrove_wood":19,"minecraft:spruce_stairs":1,"epicfight:skillbook":1,"minecraft:cherry_log":7,"minecraft:diorite":2,"minecraft:dark_oak_planks":2,"minecraft:arrow":8,"minecraft:rotten_flesh":11,"minecraft:hay_block":51,"minecraft:obsidian":2,"minecraft:mutton":2,"minecraft:cobblestone":4,"minecraft:white_wool":2,"minecraft:oxeye_daisy":1,"minecraft:stripped_oak_log":4,"minecraft:pink_petals":1,"minecraft:leather_chestplate":4,"minecraft:leather":4,"minecraft:potato":1,"minecraft:oak_log":20,"minecraft:chainmail_chestplate":1,"minecraft:bone":7,"minecraft:apple":1,"minecraft:gray_carpet":1,"minecraft:wheat_seeds":6,"minecraft:raw_gold":2,"minecraft:stone_pickaxe":2,"minecraft:dark_oak_sign":3,"minecraft:oak_planks":7,"minecraft:book":9,"minecraft:dark_oak_slab":2,"minecraft:blast_furnace":2,"minecraft:loom":2,"minecraft:white_bed":8,"minecraft:nether_brick_slab":2,"alexsmobs:animal_dictionary":4,"minecraft:leather_helmet":4,"minecraft:stone_axe":1,"minecraft:chainmail_leggings":2,"minecraft:emerald":5,"minecraft:bread":32,"minecraft:oak_sapling":1,"minecraft:damaged_anvil":4,"minecraft:stripped_dark_oak_log":1,"minecraft:coal":4}},"DataVersion":3465}