{"stats":{"minecraft:killed":{"minecraft:witch":1,"aquamirae:tortured_soul":7,"minecraft:skeleton":9,"minecraft:illusioner":2,"aquamirae:golden_moth":1,"alexsmobs:seal":1,"aquamirae:captain_cornelia":1,"minecraft:creeper":1,"minecraft:sheep":3,"minecraft:pillager":64,"minecraft:zombie":9,"aquamirae:eel":1,"minecraft:cow":3,"minecraft:evoker":1,"alexsmobs:raccoon":2,"minecraft:vindicator":46,"minecraft:drowned":1,"alexsmobs:tusklin":1,"minecraft:husk":20,"aquamirae:maw":2,"aquamirae:anglerfish":6},"minecraft:used":{"minecraft:spruce_slab":1,"minecraft:shield":36,"minecraft:iron_sword":219,"minecraft:rotten_flesh":1,"simplyswords:iron_scythe":99,"spartanshields:iron_basic_shield":19,"epicfight:skillbook":10,"minecraft:damaged_anvil":1,"minecraft:mangrove_planks":81,"minecraft:oak_planks":113,"minecraft:white_wool":1,"minecraft:golden_apple":2,"minecraft:golden_hoe":32,"minecraft:crossbow":12,"sophisticatedbackpacks:backpack":2,"minecraft:bread":202,"minecraft:string":1,"minecraft:light_gray_candle":1,"minecraft:lectern":4,"minecraft:wooden_sword":13,"minecraft:oak_boat":2,"simplyswords:stormbringer":471,"minecraft:armor_stand":1,"minecraft:spruce_planks":145,"minecraft:torch":30,"minecraft:anvil":1,"immersive_armors:warrior_helmet":1,"minecraft:nether_brick_slab":1,"minecraft:spruce_fence":2,"minecraft:wooden_axe":5,"minecraft:dark_oak_planks":4,"aquamirae:esca":4,"minecraft:chipped_anvil":1,"minecraft:iron_axe":98,"minecraft:iron_boots":2,"minecraft:totem_of_undying":1,"aquamirae:spinefish":4,"minecraft:goat_horn":2,"minecraft:cooked_beef":1,"minecraft:iron_leggings":1,"minecraft:calcite":1,"aquamirae:painting_anglerfish":1,"minecraft:crafting_table":14,"minecraft:white_bed":33,"minecraft:cake":2,"minecraft:wooden_hoe":26,"minecraft:apple":4,"minecraft:iron_pickaxe":416,"minecraft:leather_helmet":1,"minecraft:stone_axe":49,"minecraft:cobblestone":6,"minecraft:potion":2,"minecraft:white_banner":3,"minecraft:pumpkin_pie":7,"minecraft:diamond_leggings":1},"minecraft:custom":{"minecraft:interact_with_crafting_table":36,"minecraft:open_barrel":381,"minecraft:eat_cake_slice":9,"minecraft:leave_game":14,"minecraft:time_since_death":24856,"minecraft:sprint_one_cm":2171481,"minecraft:damage_blocked_by_shield":6100,"minecraft:drop":198,"minecraft:play_noteblock":1,"minecraft:talked_to_villager":14,"minecraft:play_time":400854,"minecraft:deaths":67,"minecraft:jump":8712,"minecraft:walk_on_water_one_cm":100075,"minecraft:traded_with_villager":1,"minecraft:sleep_in_bed":28,"minecraft:waystone_activated":1,"minecraft:damage_dealt":61278,"minecraft:player_kills":6,"minecraft:crouch_one_cm":136643,"minecraft:interact_with_smoker":3,"minecraft:interact_with_smithing_table":1,"minecraft:mob_kills":184,"minecraft:interact_with_anvil":4,"minecraft:climb_one_cm":57242,"minecraft:walk_one_cm":1844738,"minecraft:damage_dealt_absorbed":454,"minecraft:sneak_time":21385,"minecraft:walk_under_water_one_cm":49651,"minecraft:boat_one_cm":38044,"minecraft:interact_with_lectern":5,"minecraft:interact_with_blast_furnace":7,"minecraft:total_world_time":400854,"spartanshields:shield_bash_hits":7,"minecraft:tune_noteblock":6,"minecraft:raid_trigger":2,"minecraft:time_since_rest":18792,"minecraft:damage_taken":29650,"minecraft:damage_absorbed":2910,"minecraft:swim_one_cm":333343,"minecraft:fly_one_cm":3576540,"minecraft:open_chest":187,"minecraft:fall_one_cm":220307},"minecraft:dropped":{"minecraft:iron_sword":1,"minecraft:lapis_lazuli":13,"immersive_armors:warrior_helmet":1,"minecraft:glass_bottle":2,"aquamirae:shell_horn":1,"minecraft:dark_oak_slab":2,"minecraft:crossbow":1,"minecraft:mangrove_planks":31,"minecraft:cracked_stone_bricks":4,"minecraft:leather_helmet":12,"sophisticatedbackpacks:gold_backpack":3,"minecraft:emerald":7,"minecraft:wooden_sword":2,"minecraft:gold_nugget":5,"minecraft:amethyst_shard":5,"minecraft:iron_pickaxe":1,"minecraft:dark_oak_planks":2,"alexsmobs:raccoon_tail":1,"minecraft:bone":5,"minecraft:armor_stand":3,"minecraft:stone_axe":1,"simplyswords:runic_tablet":2,"minecraft:compass":2,"alexsmobs:animal_dictionary":4,"minecraft:rotten_flesh":8,"minecraft:white_bed":4,"minecraft:mangrove_sign":6,"minecraft:chainmail_chestplate":2,"aquamirae:anglers_fang":1,"minecraft:chiseled_stone_bricks":1,"minecraft:oak_fence_gate":1,"minecraft:leather_chestplate":8,"aquamirae:esca":2,"minecraft:leather_boots":6,"minecraft:leather_leggings":7,"minecraft:red_nether_bricks":4,"minecraft:iron_bars":2,"minecraft:arrow":9,"aquamirae:sharp_bones":4,"minecraft:written_book":2,"minecraft:enchanted_book":4,"minecraft:iron_ingot":42,"minecraft:bread":16,"aquamirae:ship_graveyard_echo":8,"minecraft:wheat_seeds":5,"minecraft:iron_helmet":2,"minecraft:cobblestone":29,"minecraft:spruce_stairs":1,"spartanshields:iron_basic_shield":1,"minecraft:diorite":1,"minecraft:wooden_axe":1,"minecraft:iron_door":1,"minecraft:potion":2,"minecraft:iron_leggings":1,"minecraft:white_banner":1,"minecraft:iron_axe":4,"minecraft:chainmail_leggings":2,"minecraft:iron_shovel":1,"minecraft:pink_petals":1,"minecraft:nether_brick_slab":1,"minecraft:player_head":1,"minecraft:dark_oak_sign":3,"minecraft:mangrove_button":1,"alexsmobs:blobfish":1,"minecraft:damaged_anvil":1,"minecraft:filled_map":1,"minecraft:potato":6,"simplyswords:iron_scythe":2,"minecraft:spruce_planks":23,"minecraft:spruce_trapdoor":1,"minecraft:iron_chestplate":3,"aquamirae:spinefish":13,"minecraft:oak_sapling":1,"minecraft:stone_bricks":1,"minecraft:brown_carpet":1,"minecraft:spruce_log":1,"sophisticatedbackpacks:copper_backpack":3,"minecraft:stone_pickaxe":1,"minecraft:wooden_pickaxe":1,"minecraft:raw_gold":1,"minecraft:calcite":17,"simplyswords:iron_claymore":1,"epicfight:skillbook":5},"minecraft:killed_by":{"minecraft:pillager":6,"minecraft:vindicator":12,"aquamirae:captain_cornelia":6,"minecraft:zombie":2,"mowziesmobs:frostmaw":10,"minecraft:illusioner":7,"minecraft:husk":13,"minecraft:player":3,"minecraft:enderman":1,"aquamirae:anglerfish":1,"minecraft:skeleton":1,"alexsmobs:moose":1},"minecraft:broken":{"minecraft:iron_boots":1,"minecraft:iron_chestplate":1,"minecraft:iron_leggings":2,"minecraft:golden_hoe":1,"immersive_armors:warrior_helmet":1,"minecraft:shield":2,"minecraft:iron_helmet":1},"minecraft:picked_up":{"minecraft:iron_chestplate":1,"minecraft:flower_pot":1,"minecraft:smithing_table":2,"minecraft:enchanted_book":3,"minecraft:potion":3,"minecraft:brewing_stand":1,"minecraft:string":4,"aquamirae:pirate_pouch":2,"minecraft:red_nether_bricks":3,"minecraft:iron_leggings":1,"minecraft:armor_stand":5,"minecraft:gold_nugget":5,"minecraft:spruce_planks":17,"minecraft:written_book":2,"minecraft:calcite":22,"minecraft:iron_pickaxe":1,"alexsmobs:raccoon_tail":1,"aquamirae:frozen_key":1,"minecraft:torch":22,"minecraft:spruce_stairs":3,"epicfight:skillbook":6,"minecraft:porkchop":3,"minecraft:cherry_log":7,"minecraft:diorite":2,"aquamirae:esca":4,"minecraft:brown_carpet":1,"minecraft:rotten_flesh":17,"minecraft:obsidian":2,"minecraft:iron_bars":3,"minecraft:snowball":1,"minecraft:cobblestone":36,"minecraft:pink_petals":1,"minecraft:leather_chestplate":6,"minecraft:iron_door":1,"minecraft:potato":1,"aquamirae:three_bolt_helmet":1,"aquamirae:fin":8,"minecraft:bone":17,"minecraft:chipped_anvil":1,"minecraft:wheat_seeds":6,"minecraft:raw_gold":2,"minecraft:dark_oak_sign":3,"alexsmobs:blobfish":1,"minecraft:oak_planks":7,"aquamirae:oxygen_tank":1,"aquamirae:anglers_fang":4,"minecraft:dead_bush":1,"minecraft:loom":2,"alexsmobs:animal_dictionary":4,"waystones:waystone":5,"minecraft:crossbow":4,"minecraft:emerald":97,"minecraft:bread":32,"minecraft:oak_sapling":1,"minecraft:dark_oak_fence":1,"sophisticatedbackpacks:gold_backpack":1,"minecraft:crafting_table":1,"minecraft:azure_bluet":2,"minecraft:leather_leggings":1,"minecraft:wooden_pickaxe":1,"aquamirae:sharp_bones":18,"minecraft:iron_axe":4,"minecraft:compass":1,"minecraft:cyan_carpet":2,"minecraft:cracked_stone_bricks":4,"minecraft:beef":4,"aquamirae:painting_anglerfish":1,"minecraft:player_head":2,"minecraft:spruce_slab":1,"minecraft:lectern":4,"minecraft:spruce_trapdoor":1,"minecraft:raw_iron":2,"minecraft:stripped_mangrove_wood":38,"aquamirae:shell_horn":2,"sophisticatedbackpacks:backpack":3,"minecraft:spruce_fence":2,"minecraft:mangrove_sign":6,"minecraft:dark_oak_planks":2,"minecraft:arrow":17,"simplyswords:iron_scythe":2,"minecraft:hay_block":112,"mowziesmobs:ice_crystal":1,"aquamirae:treasure_pouch":2,"minecraft:gold_ingot":16,"minecraft:totem_of_undying":1,"sophisticatedbackpacks:copper_backpack":2,"minecraft:mutton":4,"minecraft:white_wool":3,"minecraft:oxeye_daisy":1,"minecraft:stripped_oak_log":4,"minecraft:leather":4,"aquamirae:spinefish":16,"minecraft:filled_map":1,"minecraft:oak_log":20,"minecraft:chainmail_chestplate":2,"minecraft:white_banner":5,"minecraft:coast_armor_trim_smithing_template":2,"minecraft:stone_bricks":1,"minecraft:apple":1,"minecraft:gray_carpet":1,"minecraft:spruce_wood":8,"minecraft:oak_fence_gate":1,"minecraft:stone_pickaxe":2,"minecraft:book":21,"minecraft:dark_oak_slab":2,"aquamirae:ship_graveyard_echo":15,"minecraft:chiseled_stone_bricks":1,"minecraft:amethyst_shard":3,"minecraft:blast_furnace":4,"minecraft:white_bed":35,"minecraft:spruce_log":30,"minecraft:nether_brick_slab":2,"minecraft:leather_helmet":6,"minecraft:light_gray_candle":1,"minecraft:stone_axe":1,"minecraft:chainmail_leggings":2,"minecraft:iron_helmet":1,"minecraft:damaged_anvil":6,"minecraft:stripped_dark_oak_log":1,"minecraft:coal":29},"minecraft:mined":{"minecraft:dark_oak_planks":3,"minecraft:spruce_planks":20,"minecraft:white_bed":31,"minecraft:cherry_log":7,"minecraft:red_nether_bricks":4,"minecraft:brewing_stand":1,"minecraft:spruce_trapdoor":1,"minecraft:potted_dead_bush":1,"minecraft:chiseled_stone_bricks":1,"minecraft:spawner":7,"minecraft:iron_ore":3,"minecraft:stripped_dark_oak_wood":1,"minecraft:iron_bars":8,"minecraft:spruce_wood":11,"minecraft:stripped_mangrove_wood":29,"minecraft:player_head":1,"minecraft:spruce_slab":1,"minecraft:polished_deepslate_stairs":1,"minecraft:powder_snow":1,"minecraft:blast_furnace":2,"minecraft:calcite":12,"minecraft:nether_brick_slab":3,"minecraft:cobblestone":1,"minecraft:oak_planks":9,"minecraft:damaged_anvil":4,"minecraft:iron_door":1,"minecraft:pink_petals":1,"minecraft:dark_oak_slab":1,"minecraft:blue_ice":11,"minecraft:grass":5,"minecraft:oak_log":20,"minecraft:oak_fence_gate":1,"minecraft:loom":1,"minecraft:tripwire_hook":1,"minecraft:oak_leaves":3,"minecraft:dark_oak_fence":1,"minecraft:spruce_fence":4,"minecraft:spruce_leaves":2,"minecraft:hay_block":83,"minecraft:oak_trapdoor":1,"minecraft:waxed_oxidized_cut_copper_slab":2,"minecraft:bookshelf":7,"minecraft:packed_ice":191,"minecraft:stripped_oak_log":4,"minecraft:stone":21,"sophisticatedbackpacks:backpack":2,"minecraft:smithing_table":1,"minecraft:oak_slab":1,"minecraft:brown_carpet":1,"minecraft:stripped_dark_oak_log":1,"minecraft:crafting_table":1,"minecraft:lectern":4,"minecraft:tall_grass":1,"minecraft:diorite":2,"minecraft:spruce_stairs":4,"minecraft:black_stained_glass":2,"minecraft:purple_bed":1,"minecraft:ice":30,"minecraft:spruce_log":34,"minecraft:coal_ore":27,"minecraft:gray_carpet":1,"minecraft:cobweb":7,"minecraft:cracked_stone_bricks":4,"minecraft:stone_bricks":1,"minecraft:chipped_anvil":1,"minecraft:gold_ore":1,"minecraft:fern":1},"minecraft:crafted":{"minecraft:mangrove_button":1,"minecraft:oak_planks":96,"spartanshields:iron_basic_shield":1,"minecraft:iron_boots":2,"minecraft:cooked_porkchop":3,"minecraft:crafting_table":14,"minecraft:spruce_planks":216,"minecraft:wooden_pickaxe":1,"minecraft:iron_helmet":1,"simplyswords:iron_scythe":1,"minecraft:wooden_hoe":1,"minecraft:iron_chestplate":2,"minecraft:shield":2,"minecraft:stick":36,"minecraft:iron_pickaxe":1,"minecraft:iron_block":3,"spartanshields:wooden_basic_shield":1,"minecraft:wooden_sword":2,"minecraft:iron_axe":2,"minecraft:dark_oak_planks":4,"minecraft:cooked_beef":1,"minecraft:wheat":729,"minecraft:iron_sword":1,"minecraft:mangrove_planks":144,"minecraft:enchanted_book":1,"minecraft:bread":235,"minecraft:air":0,"minecraft:oak_boat":2,"minecraft:wooden_axe":1,"aquamirae:terrible_chestplate":1,"minecraft:iron_leggings":1,"minecraft:anvil":1,"minecraft:white_bed":2,"minecraft:torch":40}},"DataVersion":3465}