{"stats":{"minecraft:mined":{"minecraft:white_bed":13,"cctvcraft:aluminum_ore":1,"minecraft:granite":31,"minecraft:acacia_log":4,"minecraft:grass_block":3,"minecraft:dead_tube_coral_block":1,"minecraft:spawner":11,"minecraft:magma_block":3,"minecraft:mossy_cobblestone_slab":2,"minecraft:iron_ore":47,"born_in_chaos_v1:black_argillite_brick_stairs":6,"biomesoplenty:lavender":2,"minecraft:orange_bed":6,"biomesoplenty:jacaranda_leaves":2,"minecraft:deepslate_redstone_ore":1,"minecraft:cut_sandstone":1,"minecraft:smoker":2,"minecraft:torch":5,"minecraft:blast_furnace":2,"minecraft:cobblestone":13,"minecraft:oak_planks":25,"minecraft:wall_torch":3,"minecraft:chain":4,"minecraft:wheat":2,"born_in_chaos_v1:black_argillite_brick":1,"minecraft:grass":18,"minecraft:oak_log":70,"minecraft:sand":16,"minecraft:dirt":27,"minecraft:oak_leaves":7,"minecraft:deepslate":3,"biomesoplenty:desert_grass":2,"biomesoplenty:bush":3,"born_in_chaos_v1:black_argillite":1,"minecraft:crimson_roots":1,"born_in_chaos_v1:gnawed_bones":1,"minecraft:hay_block":40,"biomesoplenty:jacaranda_log":3,"minecraft:furnace":5,"minecraft:polished_basalt":2,"minecraft:acacia_wood":3,"minecraft:gold_block":1,"minecraft:deepslate_iron_ore":1,"minecraft:vine":1,"minecraft:stone":42,"minecraft:crafting_table":7,"minecraft:tall_grass":1,"born_in_chaos_v1:chipped_black_argillite_brick":2,"minecraft:lapis_ore":12,"minecraft:deepslate_gold_ore":1,"minecraft:diorite":1,"antlers:sheep_corpse":2,"minecraft:birch_leaves":6,"minecraft:spruce_log":1,"minecraft:coal_ore":90,"minecraft:gravel":6,"minecraft:cobweb":40},"minecraft:dropped":{"minecraft:iron_sword":5,"cctvcraft:raw_aluminum":1,"minecraft:cooked_beef":16,"minecraft:oak_log":3,"minecraft:glass_bottle":1,"minecraft:cooked_porkchop":6,"minecraft:dark_oak_slab":1,"minecraft:leather":5,"sophisticatedbackpacks:gold_backpack":4,"minecraft:emerald":1,"born_in_chaos_v1:monster_flesh":1,"minecraft:dirt":3,"born_in_chaos_v1:spiny_shell_armor_chestplate":1,"minecraft:dark_oak_log":2,"minecraft:crimson_roots":1,"minecraft:chain":1,"minecraft:jungle_sapling":2,"minecraft:writable_book":1,"minecraft:iron_pickaxe":3,"minecraft:white_wool":3,"minecraft:bone":5,"minecraft:gold_ingot":9,"minecraft:stone_axe":1,"born_in_chaos_v1:fire_dust":1,"minecraft:obsidian":1,"minecraft:soul_lantern":1,"minecraft:deepslate_brick_slab":39,"minecraft:rotten_flesh":9,"minecraft:oak_planks":57,"minecraft:cooked_mutton":3,"minecraft:white_bed":3,"minecraft:carrot":2,"born_in_chaos_v1:seedof_chaos":1,"minecraft:gunpowder":2,"minecraft:charcoal":8,"minecraft:jungle_log":8,"born_in_chaos_v1:corpse_maggot":5,"minecraft:ladder":2,"minecraft:leather_leggings":2,"minecraft:arrow":16,"minecraft:beef":3,"minecraft:iron_ingot":54,"minecraft:bread":115,"born_in_chaos_v1:shattered_skull":2,"minecraft:wheat_seeds":2,"minecraft:golden_helmet":2,"minecraft:deepslate_brick_wall":3,"biomesoplenty:lavender":2,"minecraft:iron_helmet":1,"minecraft:book":59,"born_in_chaos_v1:holiday_candy":4,"minecraft:lava_bucket":1,"minecraft:deepslate_brick_stairs":12,"minecraft:mossy_cobblestone_slab":2,"minecraft:golden_carrot":1,"minecraft:fire_charge":1,"minecraft:iron_leggings":2,"minecraft:iron_axe":8,"minecraft:polished_basalt":23,"minecraft:smooth_stone":9,"minecraft:string":7,"minecraft:bucket":1,"minecraft:gray_carpet":11,"minecraft:polished_deepslate":11,"minecraft:polished_diorite":2,"minecraft:furnace":1,"born_in_chaos_v1:black_argillite_brick_stairs":3,"minecraft:smooth_stone_slab":11,"minecraft:iron_boots":2,"sophisticatedbackpacks:backpack":2,"minecraft:name_tag":1,"minecraft:oak_sign":1,"minecraft:flint_and_steel":1,"minecraft:filled_map":2,"minecraft:big_dripleaf":1,"minecraft:shield":4,"minecraft:spruce_planks":1,"minecraft:iron_chestplate":1,"minecraft:diamond_pickaxe":3,"born_in_chaos_v1:spiny_shell":3,"minecraft:golden_leggings":2,"minecraft:oak_sapling":1,"minecraft:spider_eye":5,"minecraft:spruce_log":2,"minecraft:stone_pickaxe":2,"minecraft:wooden_pickaxe":1,"minecraft:calcite":3},"minecraft:crafted":{"minecraft:oak_planks":268,"minecraft:smooth_stone":5,"minecraft:cooked_chicken":8,"minecraft:stone":6,"born_in_chaos_v1:dark_metal_ingot":2,"minecraft:cooked_mutton":13,"minecraft:dark_oak_door":6,"minecraft:iron_boots":2,"minecraft:chest":2,"born_in_chaos_v1:pileof_dark_metal":1,"minecraft:smoker":1,"sophisticatedbackpacks:backpack":2,"biomesoplenty:jacaranda_planks":12,"born_in_chaos_v1:smoked_fish":2,"minecraft:cooked_porkchop":9,"minecraft:crafting_table":7,"minecraft:spruce_planks":4,"minecraft:wooden_pickaxe":1,"minecraft:iron_chestplate":1,"minecraft:shield":2,"minecraft:stick":100,"minecraft:iron_ingot":55,"minecraft:iron_pickaxe":1,"minecraft:gold_ingot":31,"minecraft:golden_carrot":5,"minecraft:wooden_sword":1,"dixtas_armory:pole":4,"minecraft:furnace":1,"minecraft:blast_furnace":1,"minecraft:flint_and_steel":1,"born_in_chaos_v1:spiny_shell_armor_helmet":1,"minecraft:leather":30,"minecraft:iron_hoe":1,"minecraft:stone_pickaxe":1,"minecraft:dark_oak_planks":16,"minecraft:wheat":180,"sophisticatedbackpacks:iron_backpack":2,"minecraft:cooked_beef":14,"minecraft:iron_sword":1,"sophisticatedbackpacks:gold_backpack":2,"minecraft:bucket":1,"minecraft:stone_axe":1,"born_in_chaos_v1:scorched_planks":4,"minecraft:air":0,"minecraft:acacia_boat":1,"minecraft:bread":52,"minecraft:oak_boat":1,"minecraft:gold_nugget":162,"dixtas_armory:iron_twinblade":1,"minecraft:wooden_axe":1,"minecraft:iron_leggings":1,"minecraft:acacia_planks":12,"minecraft:torch":44},"minecraft:killed_by":{"minecraft:pillager":1,"arphex:centipede_evictor":2,"minecraft:player":2,"undead_revamp2:thesomnolence":1,"apollyon:the_damned":1,"antlers:wendigo":1},"minecraft:custom":{"minecraft:interact_with_crafting_table":77,"minecraft:open_barrel":41,"minecraft:leave_game":12,"minecraft:time_since_death":28738,"minecraft:sprint_one_cm":621546,"minecraft:damage_blocked_by_shield":2445,"minecraft:drop":159,"minecraft:talked_to_villager":2,"minecraft:play_time":281545,"minecraft:deaths":11,"minecraft:jump":4816,"minecraft:walk_on_water_one_cm":22327,"minecraft:interact_with_furnace":69,"minecraft:sleep_in_bed":28,"minecraft:damage_dealt":17356,"minecraft:player_kills":2,"minecraft:crouch_one_cm":51990,"minecraft:interact_with_smoker":38,"minecraft:mob_kills":119,"minecraft:damage_dealt_resisted":1650,"minecraft:climb_one_cm":3355,"minecraft:walk_one_cm":500751,"minecraft:damage_dealt_absorbed":35,"minecraft:sneak_time":17947,"minecraft:walk_under_water_one_cm":21891,"minecraft:boat_one_cm":668521,"minecraft:interact_with_blast_furnace":10,"minecraft:total_world_time":281545,"minecraft:time_since_rest":4938,"minecraft:damage_taken":106444,"minecraft:damage_absorbed":80,"minecraft:swim_one_cm":95516,"minecraft:fly_one_cm":1119082,"minecraft:open_chest":58,"minecraft:fall_one_cm":140884},"minecraft:used":{"minecraft:polished_basalt":4,"minecraft:shield":39,"minecraft:iron_sword":219,"minecraft:iron_chestplate":3,"minecraft:milk_bucket":1,"born_in_chaos_v1:smoked_flesh":19,"minecraft:lava_bucket":3,"minecraft:iron_helmet":1,"dixtas_armory:iron_twinblade":110,"minecraft:golden_sword":32,"minecraft:furnace":4,"born_in_chaos_v1:spiny_shell_armor_helmet":1,"minecraft:diorite":1,"minecraft:leather_leggings":1,"minecraft:stone_pickaxe":38,"minecraft:oak_planks":205,"minecraft:wooden_pickaxe":9,"minecraft:golden_apple":2,"minecraft:sand":17,"minecraft:blast_furnace":1,"born_in_chaos_v1:holiday_candy":8,"biomesoplenty:jacaranda_planks":12,"minecraft:dark_oak_log":3,"minecraft:bread":30,"minecraft:gravel":3,"minecraft:wooden_sword":57,"minecraft:chain":2,"minecraft:oak_boat":1,"minecraft:dead_tube_coral_block":1,"minecraft:flint_and_steel":21,"born_in_chaos_v1:ethereal_spirit":3,"minecraft:spruce_planks":4,"born_in_chaos_v1:smoked_fish":2,"minecraft:cooked_chicken":3,"minecraft:orange_bed":6,"minecraft:torch":66,"minecraft:dirt":14,"minecraft:iron_hoe":50,"minecraft:wooden_axe":7,"minecraft:iron_axe":87,"minecraft:oak_stairs":1,"minecraft:iron_boots":1,"minecraft:golden_carrot":8,"minecraft:beef":7,"minecraft:cooked_beef":3,"minecraft:cooked_mutton":9,"minecraft:acacia_boat":2,"born_in_chaos_v1:stimulating_decoction":1,"minecraft:crafting_table":15,"minecraft:white_bed":14,"minecraft:dark_oak_door":1,"minecraft:smoker":2,"minecraft:iron_pickaxe":289,"minecraft:stone_axe":64,"minecraft:cobblestone":83,"minecraft:bucket":4},"minecraft:killed":{"endofherobrine:silverfish":1,"minecraft:cave_spider":6,"born_in_chaos_v1:restless_spirit":1,"born_in_chaos_v1:door_knight_not_despawn":1,"minecraft:spider":7,"born_in_chaos_v1:baby_skeleton_minion":2,"minecraft:chicken":6,"born_in_chaos_v1:supreme_bonescaller_stage_2":1,"born_in_chaos_v1:firelight_not_despawn":2,"born_in_chaos_v1:bonescaller":1,"minecraft:pig":2,"undead_revamp2:thebeartamer":1,"arphex:centipede_evictor_larvae":1,"minecraft:sheep":4,"minecraft:pillager":7,"minecraft:zombie":8,"born_in_chaos_v1:corpse_fly":1,"minecraft:stray":2,"endofherobrine:pigman":1,"minecraft:cow":5,"born_in_chaos_v1:skeleton_thrasher_not_despawn":1,"born_in_chaos_v1:thornshell_crab":1,"born_in_chaos_v1:maggot":4,"born_in_chaos_v1:bone_imp_minion":26,"undead_revamp2:the_moonflower":1,"born_in_chaos_v1:decrepit_skeleton":2,"undead_revamp2:thesomnolence":6,"born_in_chaos_v1:bonescaller_not_despawn":2,"endofherobrine:sheep":6,"minecraft:villager":2,"minecraft:enderman":2},"minecraft:picked_up":{"minecraft:wooden_axe":1,"minecraft:iron_chestplate":8,"minecraft:wheat":11,"minecraft:black_carpet":5,"minecraft:flower_pot":1,"minecraft:oak_stairs":1,"minecraft:potion":1,"minecraft:golden_sword":4,"born_in_chaos_v1:holiday_candy":12,"minecraft:dead_tube_coral_block":1,"minecraft:polished_deepslate":20,"minecraft:string":82,"born_in_chaos_v1:dark_upgrade":1,"minecraft:smooth_stone_slab":11,"minecraft:iron_leggings":6,"minecraft:oak_sign":2,"minecraft:cobbled_deepslate":8,"minecraft:smooth_stone":10,"born_in_chaos_v1:dark_metal_ingot":2,"minecraft:bucket":2,"minecraft:spruce_planks":1,"minecraft:calcite":3,"minecraft:iron_pickaxe":12,"born_in_chaos_v1:stimulating_decoction":2,"born_in_chaos_v1:smoldering_scorched_log":1,"minecraft:furnace":8,"minecraft:iron_boots":7,"minecraft:golden_helmet":3,"minecraft:stick":71,"born_in_chaos_v1:shattered_skull":3,"minecraft:deepslate_brick_wall":3,"minecraft:big_dripleaf":1,"minecraft:torch":87,"minecraft:acacia_log":4,"minecraft:porkchop":4,"minecraft:diorite":1,"born_in_chaos_v1:black_argillite_brick_stairs":3,"dixtas_armory:iron_twinblade":4,"minecraft:orange_bed":6,"minecraft:rotten_flesh":24,"minecraft:polished_basalt":34,"minecraft:blaze_rod":4,"minecraft:deepslate_brick_stairs":12,"minecraft:obsidian":2,"minecraft:cobblestone":312,"biomesoplenty:lavender":2,"born_in_chaos_v1:spiny_shell_armor_helmet":1,"minecraft:mossy_cobblestone_slab":2,"minecraft:cooked_beef":26,"minecraft:feather":17,"minecraft:magma_cream":3,"born_in_chaos_v1:spiritual_dust":5,"minecraft:water_bucket":1,"minecraft:jungle_log":8,"minecraft:golden_leggings":2,"minecraft:smoker":2,"minecraft:flint":1,"minecraft:acacia_boat":1,"minecraft:lapis_lazuli":70,"minecraft:dirt":37,"minecraft:name_tag":2,"born_in_chaos_v1:monster_skin":3,"minecraft:bone":34,"minecraft:acacia_planks":18,"minecraft:wheat_seeds":13,"minecraft:deepslate_brick_slab":39,"minecraft:raw_gold":1,"minecraft:oak_planks":399,"minecraft:cooked_porkchop":17,"minecraft:sand":17,"minecraft:fermented_spider_eye":2,"minecraft:dark_oak_log":5,"minecraft:iron_hoe":2,"born_in_chaos_v1:fire_dust":1,"minecraft:diamond":2,"minecraft:soul_lantern":1,"minecraft:writable_book":3,"minecraft:granite":31,"minecraft:golden_apple":1,"minecraft:emerald":12,"minecraft:bread":549,"minecraft:oak_sapling":1,"born_in_chaos_v1:rotten_fish":5,"minecraft:crimson_roots":1,"minecraft:diamond_pickaxe":3,"sophisticatedbackpacks:gold_backpack":8,"minecraft:charcoal":16,"minecraft:crafting_table":13,"minecraft:chicken":11,"minecraft:ladder":3,"born_in_chaos_v1:seedof_chaos":3,"minecraft:leather_leggings":4,"minecraft:wooden_pickaxe":3,"minecraft:gold_block":3,"minecraft:chain":6,"minecraft:shield":10,"minecraft:iron_axe":13,"minecraft:flint_and_steel":5,"minecraft:wooden_sword":3,"minecraft:beef":41,"born_in_chaos_v1:gnawed_bones":1,"minecraft:jungle_sapling":2,"biomesoplenty:wildflower":1,"minecraft:raw_iron":47,"sophisticatedbackpacks:backpack":2,"minecraft:fire_charge":1,"born_in_chaos_v1:pieceofdarkmetal":10,"minecraft:carrot":7,"minecraft:arrow":55,"biomesoplenty:jacaranda_log":3,"minecraft:hay_block":39,"born_in_chaos_v1:spiny_shell":11,"minecraft:gold_ingot":28,"minecraft:mutton":28,"minecraft:white_wool":14,"born_in_chaos_v1:corpse_maggot":5,"minecraft:golden_carrot":4,"born_in_chaos_v1:monster_flesh":3,"minecraft:leather":29,"minecraft:acacia_wood":6,"minecraft:filled_map":3,"minecraft:crimson_fungus":1,"minecraft:oak_log":70,"minecraft:golden_boots":1,"minecraft:gunpowder":2,"minecraft:white_banner":1,"minecraft:cooked_mutton":30,"minecraft:apple":8,"minecraft:gray_carpet":19,"born_in_chaos_v1:smoked_flesh":24,"minecraft:iron_ingot":57,"minecraft:stone_pickaxe":4,"minecraft:iron_sword":6,"cctvcraft:raw_aluminum":1,"minecraft:book":78,"minecraft:dark_oak_slab":1,"born_in_chaos_v1:orbofthe_summoner":1,"born_in_chaos_v1:ethereal_spirit":2,"minecraft:gravel":3,"minecraft:lava_bucket":1,"minecraft:blast_furnace":2,"minecraft:white_bed":19,"minecraft:spruce_log":3,"minecraft:spruce_door":1,"minecraft:spider_eye":5,"minecraft:polished_diorite":2,"minecraft:stone_axe":3,"minecraft:iron_helmet":6,"born_in_chaos_v1:spiny_shell_armor_chestplate":1,"minecraft:coal":227,"minecraft:ender_pearl":2},"minecraft:broken":{"minecraft:golden_helmet":1,"minecraft:golden_boots":1,"minecraft:leather_leggings":1,"minecraft:golden_sword":1,"minecraft:wooden_sword":1,"minecraft:iron_sword":1,"minecraft:iron_pickaxe":1}},"DataVersion":3465}