{"stats":{"minecraft:mined":{"minecraft:white_bed":17,"cctvcraft:aluminum_ore":1,"minecraft:granite":31,"minecraft:acacia_log":4,"minecraft:grass_block":11,"minecraft:dead_tube_coral_block":1,"minecraft:spawner":21,"minecraft:magma_block":4,"minecraft:mossy_cobblestone_slab":2,"minecraft:iron_ore":47,"minecraft:fire":2,"born_in_chaos_v1:black_argillite_brick_stairs":8,"biomesoplenty:lavender":2,"minecraft:anvil":1,"minecraft:enchanting_table":4,"sasquatch:dead_hunter":1,"minecraft:light_gray_concrete":1,"minecraft:iron_block":5,"minecraft:orange_bed":7,"biomesoplenty:jacaranda_leaves":2,"minecraft:deepslate_redstone_ore":1,"minecraft:cut_sandstone":1,"minecraft:red_bed":9,"sasquatch:hunter_backpack":1,"minecraft:smoker":2,"minecraft:torch":5,"minecraft:blast_furnace":4,"minecraft:cobblestone":38,"minecraft:oak_planks":25,"minecraft:iron_door":1,"minecraft:wall_torch":3,"minecraft:chain":9,"minecraft:wheat":2,"minecraft:jukebox":1,"biomesoplenty:maple_leaves":5,"born_in_chaos_v1:black_argillite_brick":1,"biomesoplenty:umbran_log":13,"biomesoplenty:fir_log":85,"minecraft:grass":21,"minecraft:oak_log":70,"minecraft:dirt":32,"minecraft:sand":16,"minecraft:oak_leaves":7,"minecraft:deepslate":3,"biomesoplenty:desert_grass":2,"biomesoplenty:bush":3,"minecraft:spruce_fence":1,"born_in_chaos_v1:black_argillite":1,"minecraft:crimson_roots":3,"minecraft:spruce_leaves":2,"biomesoplenty:dead_grass":1,"born_in_chaos_v1:gnawed_bones":1,"minecraft:hay_block":40,"biomesoplenty:jacaranda_log":3,"minecraft:furnace":5,"minecraft:polished_basalt":2,"minecraft:acacia_wood":3,"minecraft:gold_block":1,"minecraft:deepslate_iron_ore":1,"minecraft:vine":1,"minecraft:stone":101,"minecraft:crafting_table":10,"minecraft:copper_ore":1,"minecraft:tall_grass":1,"born_in_chaos_v1:chipped_black_argillite_brick":3,"minecraft:deepslate_gold_ore":1,"minecraft:lapis_ore":12,"minecraft:diorite":1,"minecraft:purple_bed":1,"minecraft:coarse_dirt":1,"antlers:sheep_corpse":2,"minecraft:spruce_log":13,"minecraft:birch_leaves":6,"minecraft:coal_ore":96,"biomesoplenty:fir_leaves":3,"minecraft:gravel":6,"minecraft:cobweb":44},"minecraft:dropped":{"minecraft:iron_sword":6,"cctvcraft:raw_aluminum":1,"minecraft:diamond_axe":2,"minecraft:lapis_lazuli":32,"minecraft:cooked_beef":16,"minecraft:oak_log":15,"minecraft:glass_bottle":1,"minecraft:cooked_porkchop":6,"minecraft:dark_oak_slab":1,"minecraft:leather":5,"sophisticatedbackpacks:gold_backpack":5,"minecraft:emerald":1,"born_in_chaos_v1:monster_flesh":1,"minecraft:dirt":7,"born_in_chaos_v1:spiny_shell_armor_chestplate":3,"minecraft:dark_oak_log":2,"born_in_chaos_v1:sharpened_dark_metal_sword":2,"minecraft:mutton":2,"minecraft:crimson_roots":2,"minecraft:chain":3,"minecraft:jungle_sapling":2,"minecraft:writable_book":1,"minecraft:iron_pickaxe":4,"minecraft:white_wool":3,"minecraft:gold_ingot":47,"minecraft:bone":5,"minecraft:stone_axe":1,"born_in_chaos_v1:fire_dust":1,"sasquatch:sasquatch_detector":1,"minecraft:obsidian":1,"minecraft:soul_lantern":1,"minecraft:deepslate_brick_slab":39,"minecraft:rotten_flesh":14,"minecraft:oak_planks":58,"minecraft:cooked_mutton":5,"minecraft:white_bed":3,"minecraft:carrot":2,"sophisticatedbackpacks:diamond_backpack":2,"minecraft:tipped_arrow":2,"born_in_chaos_v1:seedof_chaos":1,"minecraft:gunpowder":2,"minecraft:charcoal":8,"minecraft:jungle_log":8,"born_in_chaos_v1:corpse_maggot":6,"minecraft:ladder":2,"minecraft:leather_leggings":2,"minecraft:arrow":16,"minecraft:beef":3,"born_in_chaos_v1:nightmare_mantleofthe_night_leggings":2,"born_in_chaos_v1:dark_rod":1,"minecraft:enchanted_book":8,"minecraft:iron_ingot":54,"minecraft:bread":172,"born_in_chaos_v1:shattered_skull":2,"minecraft:wheat_seeds":3,"minecraft:golden_helmet":2,"minecraft:deepslate_brick_wall":3,"biomesoplenty:lavender":2,"minecraft:book":66,"minecraft:iron_helmet":2,"born_in_chaos_v1:holiday_candy":4,"antlers:tomahawkitem":78,"minecraft:apple":12,"minecraft:lava_bucket":1,"minecraft:deepslate_brick_stairs":12,"minecraft:mossy_cobblestone_slab":2,"minecraft:golden_carrot":1,"born_in_chaos_v1:staffofthe_summoner":1,"minecraft:fire_charge":1,"minecraft:potion":1,"minecraft:iron_leggings":5,"minecraft:iron_axe":9,"minecraft:polished_basalt":23,"minecraft:smooth_stone":9,"minecraft:string":7,"born_in_chaos_v1:nightmare_mantleofthe_night_boots":1,"minecraft:bucket":1,"minecraft:gray_carpet":11,"minecraft:polished_deepslate":11,"minecraft:polished_diorite":2,"minecraft:furnace":1,"born_in_chaos_v1:black_argillite_brick_stairs":4,"dixtas_armory:pole":4,"minecraft:smooth_stone_slab":11,"born_in_chaos_v1:black_argillite_button":2,"minecraft:iron_boots":3,"sophisticatedbackpacks:backpack":2,"minecraft:name_tag":1,"minecraft:oak_sign":1,"minecraft:pumpkin_seeds":2,"minecraft:flint_and_steel":1,"minecraft:filled_map":2,"minecraft:big_dripleaf":1,"minecraft:shield":8,"minecraft:spruce_planks":1,"minecraft:diamond_pickaxe":4,"minecraft:iron_chestplate":2,"born_in_chaos_v1:spiny_shell":3,"minecraft:golden_leggings":2,"minecraft:oak_sapling":1,"minecraft:spider_eye":10,"minecraft:spruce_log":2,"minecraft:bow":1,"minecraft:stone_pickaxe":2,"minecraft:wooden_pickaxe":1,"minecraft:magma_block":1,"minecraft:calcite":3},"minecraft:crafted":{"minecraft:smooth_stone":5,"minecraft:oak_planks":272,"born_in_chaos_v1:dark_charge":4,"minecraft:cooked_chicken":8,"born_in_chaos_v1:spiny_shell_armor_chestplate":1,"minecraft:stone":6,"born_in_chaos_v1:dark_metal_ingot":4,"minecraft:cooked_mutton":13,"minecraft:dark_oak_door":6,"minecraft:bow":1,"minecraft:iron_boots":2,"minecraft:chest":2,"born_in_chaos_v1:pileof_dark_metal":2,"minecraft:smoker":1,"minecraft:emerald":34,"minecraft:arrow":64,"sophisticatedbackpacks:backpack":2,"biomesoplenty:jacaranda_planks":12,"born_in_chaos_v1:smoked_fish":2,"minecraft:cooked_porkchop":9,"minecraft:crafting_table":15,"minecraft:spruce_planks":140,"minecraft:wooden_pickaxe":1,"biomesoplenty:fir_planks":332,"born_in_chaos_v1:staffofthe_summoner":2,"minecraft:iron_chestplate":1,"minecraft:shield":2,"sophisticatedbackpacks:diamond_backpack":1,"minecraft:stick":1012,"minecraft:iron_ingot":64,"minecraft:iron_pickaxe":1,"minecraft:iron_block":1,"minecraft:gold_ingot":31,"born_in_chaos_v1:sharpened_dark_metal_sword":2,"minecraft:golden_carrot":5,"minecraft:wooden_sword":1,"minecraft:jukebox":1,"dixtas_armory:pole":5,"born_in_chaos_v1:nightmare_mantleofthe_night_leggings":2,"born_in_chaos_v1:nightmare_mantleofthe_night_boots":2,"minecraft:furnace":1,"minecraft:blast_furnace":1,"minecraft:flint_and_steel":1,"born_in_chaos_v1:spiny_shell_armor_helmet":1,"born_in_chaos_v1:bone_handle":4,"minecraft:leather":30,"minecraft:iron_hoe":1,"minecraft:stone_pickaxe":1,"minecraft:spruce_boat":1,"minecraft:dark_oak_planks":16,"sophisticatedbackpacks:iron_backpack":2,"minecraft:wheat":180,"minecraft:cooked_beef":14,"biomesoplenty:umbran_planks":52,"minecraft:enchanting_table":1,"minecraft:iron_sword":1,"sophisticatedbackpacks:gold_backpack":2,"minecraft:bucket":1,"minecraft:stone_axe":1,"born_in_chaos_v1:scorched_planks":4,"minecraft:air":0,"minecraft:acacia_boat":1,"minecraft:bread":52,"minecraft:oak_boat":1,"minecraft:gold_nugget":162,"dixtas_armory:iron_twinblade":1,"minecraft:wooden_axe":1,"minecraft:iron_leggings":1,"minecraft:anvil":1,"minecraft:white_bed":1,"minecraft:acacia_planks":12,"minecraft:torch":104},"minecraft:killed_by":{"minecraft:pillager":1,"arphex:centipede_evictor":2,"undead_revamp2:bomber":1,"minecraft:player":3,"undead_revamp2:thesomnolence":1,"apollyon:the_damned":1,"antlers:wendigo":5},"minecraft:custom":{"minecraft:interact_with_crafting_table":129,"minecraft:open_barrel":82,"minecraft:leave_game":22,"minecraft:time_since_death":54491,"minecraft:sprint_one_cm":965346,"minecraft:damage_blocked_by_shield":3330,"minecraft:drop":234,"minecraft:talked_to_villager":18,"minecraft:play_time":438850,"minecraft:deaths":17,"minecraft:jump":6846,"minecraft:interact_with_brewingstand":1,"minecraft:walk_on_water_one_cm":30950,"minecraft:enchant_item":10,"minecraft:interact_with_furnace":69,"minecraft:play_record":1,"minecraft:traded_with_villager":39,"minecraft:sleep_in_bed":44,"minecraft:damage_dealt":26233,"minecraft:player_kills":3,"minecraft:crouch_one_cm":66347,"minecraft:interact_with_smoker":42,"minecraft:interact_with_anvil":4,"minecraft:mob_kills":184,"minecraft:damage_dealt_resisted":3792,"minecraft:climb_one_cm":9633,"minecraft:walk_one_cm":820570,"minecraft:damage_dealt_absorbed":35,"minecraft:sneak_time":22712,"minecraft:walk_under_water_one_cm":27364,"minecraft:boat_one_cm":927994,"minecraft:interact_with_blast_furnace":29,"minecraft:total_world_time":438850,"minecraft:interact_with_grindstone":1,"minecraft:time_since_rest":5032,"minecraft:damage_taken":111107,"minecraft:damage_absorbed":80,"minecraft:swim_one_cm":120998,"minecraft:fly_one_cm":1531967,"minecraft:open_chest":164,"minecraft:fall_one_cm":187663},"minecraft:used":{"minecraft:polished_basalt":4,"minecraft:shield":55,"minecraft:iron_sword":219,"minecraft:iron_chestplate":3,"born_in_chaos_v1:anluka_doors":1,"minecraft:milk_bucket":1,"minecraft:spruce_boat":1,"born_in_chaos_v1:smoked_flesh":19,"minecraft:lava_bucket":3,"sasquatch:hunter_backpack":1,"born_in_chaos_v1:sharpened_dark_metal_sword":90,"born_in_chaos_v1:spiny_shell_armor_chestplate":1,"minecraft:iron_helmet":1,"dixtas_armory:iron_twinblade":110,"minecraft:golden_sword":32,"minecraft:bow":8,"minecraft:furnace":4,"minecraft:oak_planks":210,"minecraft:leather_leggings":1,"minecraft:diorite":1,"born_in_chaos_v1:spiny_shell_armor_helmet":1,"minecraft:stone_pickaxe":38,"minecraft:wooden_pickaxe":9,"minecraft:golden_apple":2,"minecraft:sand":17,"minecraft:blast_furnace":3,"born_in_chaos_v1:holiday_candy":8,"biomesoplenty:jacaranda_planks":12,"minecraft:dark_oak_log":3,"minecraft:bread":92,"minecraft:gravel":3,"minecraft:wooden_sword":57,"minecraft:chain":2,"minecraft:oak_boat":1,"minecraft:dead_tube_coral_block":1,"minecraft:enchanting_table":4,"minecraft:flint_and_steel":23,"born_in_chaos_v1:ethereal_spirit":3,"minecraft:spruce_planks":4,"born_in_chaos_v1:smoked_fish":2,"minecraft:cooked_chicken":3,"minecraft:orange_bed":7,"minecraft:torch":84,"minecraft:dirt":29,"minecraft:anvil":2,"minecraft:iron_hoe":50,"minecraft:wooden_axe":7,"minecraft:iron_axe":257,"minecraft:oak_stairs":1,"born_in_chaos_v1:nightmare_mantleofthe_night_leggings":1,"minecraft:iron_boots":1,"minecraft:golden_carrot":8,"minecraft:beef":7,"minecraft:cooked_beef":7,"minecraft:iron_leggings":1,"minecraft:cooked_mutton":9,"minecraft:acacia_boat":2,"minecraft:water_bucket":3,"born_in_chaos_v1:stimulating_decoction":1,"minecraft:crafting_table":27,"minecraft:red_bed":6,"minecraft:white_bed":19,"minecraft:dark_oak_door":1,"minecraft:smoker":2,"minecraft:diamond_pickaxe":1,"minecraft:apple":1,"minecraft:iron_pickaxe":428,"born_in_chaos_v1:staffofthe_summoner":19,"minecraft:stone_axe":64,"minecraft:purple_bed":1,"minecraft:cobblestone":178,"minecraft:bucket":7,"minecraft:jukebox":1},"minecraft:killed":{"endofherobrine:silverfish":1,"minecraft:cave_spider":6,"born_in_chaos_v1:restless_spirit":1,"born_in_chaos_v1:door_knight_not_despawn":1,"minecraft:spider":10,"born_in_chaos_v1:baby_skeleton_minion":5,"minecraft:skeleton":1,"minecraft:chicken":6,"born_in_chaos_v1:supreme_bonescaller_stage_2":2,"born_in_chaos_v1:firelight_not_despawn":3,"born_in_chaos_v1:bonescaller":1,"minecraft:pig":2,"undead_revamp2:thebeartamer":1,"arphex:centipede_evictor_larvae":1,"minecraft:sheep":4,"minecraft:pillager":7,"minecraft:zombie":12,"born_in_chaos_v1:corpse_fly":1,"minecraft:stray":6,"endofherobrine:pigman":1,"minecraft:cow":5,"minecraft:vex":6,"undead_revamp2:thehunter":1,"born_in_chaos_v1:skeleton_thrasher_not_despawn":1,"born_in_chaos_v1:thornshell_crab":2,"born_in_chaos_v1:maggot":7,"minecraft:drowned":1,"born_in_chaos_v1:bone_imp_minion":35,"undead_revamp2:the_moonflower":1,"born_in_chaos_v1:decrepit_skeleton":2,"undead_revamp2:thesomnolence":6,"born_in_chaos_v1:bonescaller_not_despawn":4,"endofherobrine:sheep":13,"born_in_chaos_v1:controlled_baby_skeleton":3,"minecraft:villager":2,"minecraft:enderman":2},"minecraft:picked_up":{"minecraft:wooden_axe":1,"minecraft:iron_chestplate":12,"minecraft:wheat":11,"minecraft:black_carpet":5,"minecraft:flower_pot":1,"minecraft:anvil":1,"minecraft:oak_stairs":1,"minecraft:enchanted_book":3,"minecraft:potion":3,"minecraft:golden_sword":4,"born_in_chaos_v1:holiday_candy":12,"minecraft:polished_deepslate":20,"minecraft:string":117,"minecraft:dead_tube_coral_block":1,"minecraft:raw_copper":10,"minecraft:smooth_stone_slab":11,"minecraft:iron_leggings":14,"born_in_chaos_v1:dark_upgrade":1,"minecraft:oak_sign":2,"minecraft:smooth_stone":10,"minecraft:cobbled_deepslate":8,"born_in_chaos_v1:dark_metal_ingot":4,"minecraft:bucket":2,"minecraft:spruce_planks":5,"minecraft:calcite":3,"minecraft:iron_pickaxe":18,"born_in_chaos_v1:stimulating_decoction":2,"born_in_chaos_v1:smoldering_scorched_log":1,"minecraft:iron_boots":13,"minecraft:furnace":8,"minecraft:tipped_arrow":8,"minecraft:golden_helmet":3,"minecraft:stick":89,"born_in_chaos_v1:shattered_skull":5,"minecraft:jukebox":1,"minecraft:deepslate_brick_wall":3,"minecraft:big_dripleaf":1,"minecraft:torch":136,"minecraft:acacia_log":4,"minecraft:porkchop":4,"born_in_chaos_v1:pileof_dark_metal":1,"minecraft:diorite":1,"born_in_chaos_v1:black_argillite_brick_stairs":4,"dixtas_armory:iron_twinblade":4,"minecraft:orange_bed":7,"minecraft:rotten_flesh":33,"minecraft:polished_basalt":34,"minecraft:iron_block":6,"minecraft:blaze_rod":4,"minecraft:deepslate_brick_stairs":12,"minecraft:obsidian":10,"minecraft:cobblestone":516,"biomesoplenty:lavender":2,"minecraft:enchanting_table":4,"born_in_chaos_v1:spiny_shell_armor_helmet":6,"minecraft:magma_block":1,"minecraft:mossy_cobblestone_slab":2,"minecraft:feather":17,"minecraft:cooked_beef":31,"minecraft:magma_cream":3,"born_in_chaos_v1:sharpened_dark_metal_sword":6,"minecraft:iron_door":2,"born_in_chaos_v1:spiritual_dust":26,"minecraft:water_bucket":6,"minecraft:jungle_log":8,"minecraft:golden_leggings":2,"minecraft:smoker":2,"biomesoplenty:fir_log":83,"minecraft:flint":1,"born_in_chaos_v1:anluka_doors":1,"undead_revamp2:huntereye":1,"born_in_chaos_v1:black_argillite_button":2,"minecraft:acacia_boat":1,"minecraft:lapis_lazuli":104,"minecraft:dirt":52,"antlers:tomahawkitem":16,"born_in_chaos_v1:staffofthe_summoner":1,"minecraft:name_tag":2,"born_in_chaos_v1:monster_skin":16,"minecraft:bone":159,"minecraft:acacia_planks":18,"minecraft:bow":2,"minecraft:wheat_seeds":14,"minecraft:deepslate_brick_slab":39,"minecraft:raw_gold":1,"sasquatch:hunter_backpack":1,"minecraft:oak_planks":569,"minecraft:cooked_porkchop":18,"born_in_chaos_v1:nightmare_mantleofthe_night_leggings":1,"minecraft:sand":17,"minecraft:stripped_spruce_log":1,"minecraft:fermented_spider_eye":2,"minecraft:dark_oak_log":5,"minecraft:iron_hoe":3,"minecraft:light_gray_concrete":1,"born_in_chaos_v1:fire_dust":2,"sasquatch:sleep_inducing_arrow":1,"dixtas_armory:pole":3,"minecraft:diamond":12,"minecraft:soul_lantern":1,"minecraft:writable_book":3,"minecraft:granite":31,"minecraft:golden_apple":7,"minecraft:emerald":76,"minecraft:bread":843,"minecraft:oak_sapling":1,"born_in_chaos_v1:rotten_fish":7,"minecraft:crimson_roots":5,"minecraft:diamond_pickaxe":5,"sophisticatedbackpacks:gold_backpack":14,"minecraft:charcoal":16,"minecraft:crafting_table":17,"minecraft:chicken":11,"minecraft:ladder":3,"born_in_chaos_v1:seedof_chaos":21,"minecraft:leather_leggings":4,"minecraft:wooden_pickaxe":3,"minecraft:gold_block":3,"minecraft:chain":17,"minecraft:shield":21,"minecraft:red_bed":6,"minecraft:iron_axe":19,"minecraft:wooden_sword":3,"minecraft:flint_and_steel":10,"minecraft:beef":41,"born_in_chaos_v1:gnawed_bones":1,"minecraft:jungle_sapling":2,"biomesoplenty:wildflower":1,"minecraft:raw_iron":47,"minecraft:spruce_fence":1,"sophisticatedbackpacks:backpack":2,"minecraft:fire_charge":1,"born_in_chaos_v1:dark_charge":9,"born_in_chaos_v1:pieceofdarkmetal":43,"minecraft:carrot":7,"minecraft:arrow":283,"biomesoplenty:jacaranda_log":3,"minecraft:hay_block":43,"born_in_chaos_v1:spiny_shell":28,"minecraft:gold_ingot":100,"minecraft:mutton":30,"minecraft:white_wool":14,"born_in_chaos_v1:corpse_maggot":6,"born_in_chaos_v1:monster_flesh":3,"minecraft:golden_carrot":4,"minecraft:leather":29,"minecraft:acacia_wood":6,"minecraft:filled_map":3,"minecraft:crimson_fungus":1,"minecraft:oak_log":95,"minecraft:golden_boots":1,"minecraft:gunpowder":2,"minecraft:white_banner":1,"minecraft:cooked_mutton":32,"minecraft:apple":59,"minecraft:gray_carpet":19,"born_in_chaos_v1:smoked_flesh":44,"minecraft:iron_ingot":272,"minecraft:stone_pickaxe":4,"cctvcraft:raw_aluminum":1,"minecraft:iron_sword":7,"biomesoplenty:umbran_log":13,"sophisticatedbackpacks:diamond_backpack":3,"minecraft:book":79,"minecraft:dark_oak_slab":1,"sasquatch:sasquatch_detector":4,"born_in_chaos_v1:orbofthe_summoner":4,"born_in_chaos_v1:ethereal_spirit":2,"minecraft:gravel":3,"minecraft:lava_bucket":1,"born_in_chaos_v1:dark_rod":21,"minecraft:blast_furnace":7,"minecraft:white_bed":23,"minecraft:spruce_log":14,"minecraft:spider_eye":12,"minecraft:spruce_door":1,"minecraft:pumpkin_seeds":2,"minecraft:purple_bed":1,"minecraft:stone_axe":3,"minecraft:polished_diorite":2,"minecraft:iron_helmet":9,"minecraft:diamond_axe":3,"born_in_chaos_v1:spiny_shell_armor_chestplate":5,"minecraft:coal":349,"minecraft:ender_pearl":8},"minecraft:broken":{"minecraft:golden_helmet":1,"minecraft:golden_boots":1,"minecraft:leather_leggings":1,"minecraft:golden_sword":1,"minecraft:wooden_sword":1,"minecraft:iron_sword":1,"minecraft:iron_pickaxe":1}},"DataVersion":3465}