{"stats":{"minecraft:custom":{"minecraft:mob_kills":76,"minecraft:interact_with_crafting_table":34,"minecraft:open_barrel":8,"minecraft:damage_dealt_resisted":1009,"minecraft:leave_game":6,"minecraft:time_since_death":1566,"minecraft:climb_one_cm":3355,"minecraft:sprint_one_cm":288979,"minecraft:walk_one_cm":240780,"minecraft:damage_blocked_by_shield":1425,"minecraft:drop":95,"minecraft:play_time":139777,"minecraft:deaths":6,"minecraft:sneak_time":9601,"minecraft:walk_under_water_one_cm":11183,"minecraft:boat_one_cm":360042,"minecraft:jump":2207,"minecraft:walk_on_water_one_cm":12829,"minecraft:total_world_time":139777,"minecraft:interact_with_furnace":46,"minecraft:sleep_in_bed":5,"minecraft:time_since_rest":1120,"minecraft:damage_taken":3708,"minecraft:damage_absorbed":80,"minecraft:damage_dealt":9753,"minecraft:player_kills":2,"minecraft:swim_one_cm":68534,"minecraft:fly_one_cm":569282,"minecraft:open_chest":38,"minecraft:crouch_one_cm":26191,"minecraft:interact_with_smoker":10,"minecraft:fall_one_cm":69082},"minecraft:used":{"minecraft:dead_tube_coral_block":1,"minecraft:flint_and_steel":14,"minecraft:polished_basalt":4,"minecraft:spruce_planks":4,"minecraft:shield":28,"minecraft:iron_sword":191,"minecraft:cooked_chicken":3,"minecraft:iron_chestplate":1,"minecraft:torch":14,"minecraft:dirt":2,"born_in_chaos_v1:smoked_flesh":9,"minecraft:wooden_axe":7,"minecraft:iron_axe":1,"minecraft:oak_stairs":1,"minecraft:iron_boots":1,"minecraft:golden_carrot":8,"minecraft:beef":7,"minecraft:furnace":3,"minecraft:cooked_beef":2,"minecraft:cooked_mutton":7,"minecraft:leather_leggings":1,"minecraft:stone_pickaxe":38,"minecraft:oak_planks":86,"minecraft:wooden_pickaxe":9,"minecraft:golden_apple":2,"minecraft:sand":17,"minecraft:crafting_table":8,"minecraft:white_bed":3,"minecraft:smoker":1,"biomesoplenty:jacaranda_planks":12,"minecraft:bread":5,"minecraft:iron_pickaxe":77,"minecraft:stone_axe":64,"minecraft:cobblestone":4,"minecraft:wooden_sword":57,"minecraft:chain":2,"minecraft:oak_boat":1},"minecraft:killed":{"minecraft:cave_spider":3,"minecraft:spider":5,"born_in_chaos_v1:skeleton_thrasher_not_despawn":1,"born_in_chaos_v1:baby_skeleton_minion":1,"born_in_chaos_v1:maggot":2,"minecraft:chicken":6,"born_in_chaos_v1:supreme_bonescaller_stage_2":1,"born_in_chaos_v1:firelight_not_despawn":2,"minecraft:pig":2,"born_in_chaos_v1:bone_imp_minion":26,"born_in_chaos_v1:decrepit_skeleton":1,"minecraft:sheep":3,"minecraft:pillager":2,"minecraft:zombie":3,"born_in_chaos_v1:bonescaller_not_despawn":2,"minecraft:stray":1,"endofherobrine:sheep":6,"endofherobrine:pigman":1,"minecraft:cow":5},"minecraft:dropped":{"minecraft:iron_ingot":22,"minecraft:iron_sword":3,"born_in_chaos_v1:shattered_skull":1,"cctvcraft:raw_aluminum":1,"minecraft:golden_helmet":2,"minecraft:cooked_beef":16,"minecraft:oak_log":3,"minecraft:deepslate_brick_wall":3,"minecraft:cooked_porkchop":6,"biomesoplenty:lavender":2,"minecraft:dark_oak_slab":1,"minecraft:book":59,"minecraft:leather":5,"minecraft:emerald":1,"sophisticatedbackpacks:gold_backpack":1,"minecraft:deepslate_brick_stairs":12,"minecraft:golden_carrot":1,"minecraft:mossy_cobblestone_slab":2,"minecraft:crimson_roots":1,"minecraft:jungle_sapling":2,"minecraft:writable_book":1,"minecraft:iron_axe":4,"minecraft:polished_basalt":23,"minecraft:iron_pickaxe":2,"minecraft:smooth_stone":9,"minecraft:string":6,"minecraft:white_wool":1,"minecraft:gray_carpet":11,"minecraft:polished_deepslate":11,"minecraft:gold_ingot":9,"minecraft:bone":5,"minecraft:polished_diorite":2,"minecraft:furnace":1,"minecraft:stone_axe":1,"born_in_chaos_v1:black_argillite_brick_stairs":3,"born_in_chaos_v1:fire_dust":1,"minecraft:smooth_stone_slab":11,"minecraft:soul_lantern":1,"minecraft:deepslate_brick_slab":39,"minecraft:rotten_flesh":6,"minecraft:oak_planks":57,"minecraft:iron_boots":1,"sophisticatedbackpacks:backpack":1,"minecraft:cooked_mutton":3,"minecraft:oak_sign":1,"minecraft:flint_and_steel":1,"minecraft:filled_map":2,"minecraft:big_dripleaf":1,"born_in_chaos_v1:seedof_chaos":1,"minecraft:gunpowder":2,"minecraft:spruce_planks":1,"minecraft:charcoal":8,"minecraft:jungle_log":8,"born_in_chaos_v1:corpse_maggot":3,"minecraft:golden_leggings":2,"minecraft:ladder":2,"minecraft:oak_sapling":1,"minecraft:leather_leggings":2,"minecraft:spider_eye":3,"minecraft:spruce_log":2,"minecraft:wooden_pickaxe":1,"minecraft:arrow":16,"minecraft:stone_pickaxe":2,"minecraft:beef":3,"minecraft:calcite":3},"minecraft:mined":{"minecraft:white_bed":3,"minecraft:acacia_log":4,"cctvcraft:aluminum_ore":1,"biomesoplenty:bush":3,"minecraft:grass_block":2,"minecraft:dead_tube_coral_block":1,"born_in_chaos_v1:black_argillite":1,"minecraft:crimson_roots":1,"minecraft:spawner":8,"biomesoplenty:jacaranda_log":3,"minecraft:magma_block":3,"minecraft:mossy_cobblestone_slab":2,"minecraft:furnace":4,"minecraft:polished_basalt":2,"minecraft:iron_ore":10,"born_in_chaos_v1:black_argillite_brick_stairs":6,"biomesoplenty:lavender":2,"minecraft:gold_block":1,"minecraft:vine":1,"minecraft:stone":11,"biomesoplenty:jacaranda_leaves":2,"minecraft:cut_sandstone":1,"minecraft:crafting_table":5,"minecraft:torch":4,"minecraft:tall_grass":1,"born_in_chaos_v1:chipped_black_argillite_brick":2,"minecraft:oak_planks":11,"minecraft:wall_torch":2,"minecraft:chain":4,"minecraft:spruce_log":1,"born_in_chaos_v1:black_argillite_brick":1,"minecraft:grass":12,"minecraft:coal_ore":39,"minecraft:oak_log":36,"minecraft:sand":16,"minecraft:dirt":5,"minecraft:cobweb":40,"minecraft:oak_leaves":6},"minecraft:broken":{"minecraft:golden_helmet":1,"minecraft:golden_boots":1,"minecraft:wooden_sword":1},"minecraft:killed_by":{"minecraft:player":2,"minecraft:pillager":1,"apollyon:the_damned":1,"antlers:wendigo":1},"minecraft:crafted":{"minecraft:golden_carrot":5,"minecraft:wooden_sword":1,"minecraft:oak_planks":140,"minecraft:cooked_chicken":3,"minecraft:cooked_mutton":6,"minecraft:iron_boots":2,"minecraft:leather":30,"minecraft:stone_pickaxe":1,"minecraft:chest":2,"minecraft:smoker":1,"sophisticatedbackpacks:iron_backpack":2,"minecraft:cooked_beef":14,"sophisticatedbackpacks:backpack":2,"biomesoplenty:jacaranda_planks":12,"minecraft:cooked_porkchop":9,"minecraft:crafting_table":2,"minecraft:spruce_planks":4,"minecraft:wooden_pickaxe":1,"minecraft:iron_sword":1,"sophisticatedbackpacks:gold_backpack":2,"minecraft:stone_axe":1,"born_in_chaos_v1:scorched_planks":4,"minecraft:air":0,"minecraft:oak_boat":1,"minecraft:iron_chestplate":1,"minecraft:gold_nugget":162,"minecraft:shield":1,"minecraft:stick":28,"minecraft:iron_ingot":16,"minecraft:iron_pickaxe":1,"minecraft:wooden_axe":1,"minecraft:gold_ingot":31,"minecraft:torch":12},"minecraft:picked_up":{"sophisticatedbackpacks:gold_backpack":1,"minecraft:charcoal":16,"minecraft:black_carpet":5,"minecraft:iron_chestplate":2,"minecraft:crafting_table":9,"minecraft:wheat":11,"minecraft:chicken":8,"minecraft:ladder":3,"minecraft:flower_pot":1,"born_in_chaos_v1:seedof_chaos":3,"minecraft:leather_leggings":4,"minecraft:wooden_pickaxe":3,"minecraft:oak_stairs":1,"minecraft:gold_block":3,"minecraft:potion":1,"minecraft:chain":4,"minecraft:shield":3,"minecraft:dead_tube_coral_block":1,"minecraft:polished_deepslate":20,"minecraft:string":48,"minecraft:iron_axe":4,"minecraft:flint_and_steel":3,"minecraft:wooden_sword":3,"minecraft:smooth_stone_slab":11,"born_in_chaos_v1:dark_upgrade":1,"minecraft:oak_sign":2,"minecraft:smooth_stone":9,"minecraft:spruce_planks":1,"minecraft:beef":41,"minecraft:calcite":3,"minecraft:jungle_sapling":2,"minecraft:iron_pickaxe":6,"born_in_chaos_v1:smoldering_scorched_log":1,"minecraft:iron_boots":1,"minecraft:furnace":7,"minecraft:golden_helmet":3,"minecraft:stick":32,"minecraft:raw_iron":9,"born_in_chaos_v1:shattered_skull":1,"minecraft:deepslate_brick_wall":3,"minecraft:big_dripleaf":1,"minecraft:acacia_log":4,"minecraft:torch":42,"sophisticatedbackpacks:backpack":1,"minecraft:porkchop":4,"born_in_chaos_v1:pieceofdarkmetal":4,"born_in_chaos_v1:black_argillite_brick_stairs":3,"minecraft:carrot":5,"minecraft:arrow":16,"minecraft:rotten_flesh":11,"biomesoplenty:jacaranda_log":3,"minecraft:polished_basalt":34,"born_in_chaos_v1:spiny_shell":4,"minecraft:gold_ingot":28,"minecraft:blaze_rod":4,"minecraft:deepslate_brick_stairs":12,"minecraft:mutton":22,"minecraft:obsidian":1,"minecraft:white_wool":7,"minecraft:cobblestone":28,"minecraft:cooked_beef":16,"biomesoplenty:lavender":2,"born_in_chaos_v1:corpse_maggot":3,"minecraft:mossy_cobblestone_slab":2,"minecraft:feather":17,"born_in_chaos_v1:monster_flesh":3,"minecraft:magma_cream":3,"minecraft:golden_carrot":4,"born_in_chaos_v1:spiritual_dust":3,"minecraft:jungle_log":8,"minecraft:leather":15,"minecraft:golden_leggings":2,"minecraft:filled_map":3,"minecraft:crimson_fungus":1,"minecraft:oak_log":38,"minecraft:golden_boots":1,"minecraft:gunpowder":2,"minecraft:dirt":8,"born_in_chaos_v1:monster_skin":3,"minecraft:cooked_mutton":12,"minecraft:bone":19,"minecraft:apple":4,"minecraft:gray_carpet":19,"minecraft:wheat_seeds":8,"minecraft:deepslate_brick_slab":39,"born_in_chaos_v1:smoked_flesh":8,"minecraft:iron_ingot":14,"minecraft:stone_pickaxe":4,"cctvcraft:raw_aluminum":1,"minecraft:oak_planks":227,"minecraft:iron_sword":4,"minecraft:book":66,"minecraft:dark_oak_slab":1,"minecraft:cooked_porkchop":7,"born_in_chaos_v1:orbofthe_summoner":1,"minecraft:sand":17,"minecraft:white_bed":3,"minecraft:spruce_log":3,"minecraft:spider_eye":3,"minecraft:spruce_door":1,"minecraft:stone_axe":3,"born_in_chaos_v1:fire_dust":1,"minecraft:diamond":2,"minecraft:polished_diorite":2,"minecraft:soul_lantern":1,"minecraft:writable_book":3,"minecraft:golden_apple":1,"minecraft:emerald":12,"minecraft:bread":5,"born_in_chaos_v1:rotten_fish":4,"minecraft:oak_sapling":1,"minecraft:coal":117,"minecraft:crimson_roots":1,"minecraft:wooden_axe":1,"minecraft:ender_pearl":2}},"DataVersion":3465}