{"stats":{"minecraft:mined":{"minecraft:white_bed":7,"cctvcraft:aluminum_ore":1,"minecraft:granite":26,"minecraft:acacia_log":4,"minecraft:grass_block":3,"minecraft:dead_tube_coral_block":1,"minecraft:spawner":8,"minecraft:magma_block":3,"minecraft:mossy_cobblestone_slab":2,"minecraft:iron_ore":47,"born_in_chaos_v1:black_argillite_brick_stairs":6,"biomesoplenty:lavender":2,"biomesoplenty:jacaranda_leaves":2,"minecraft:cut_sandstone":1,"minecraft:smoker":1,"minecraft:torch":5,"minecraft:oak_planks":14,"minecraft:wall_torch":2,"minecraft:chain":4,"minecraft:wheat":2,"born_in_chaos_v1:black_argillite_brick":1,"minecraft:grass":16,"minecraft:oak_log":70,"minecraft:sand":16,"minecraft:dirt":5,"minecraft:oak_leaves":6,"biomesoplenty:desert_grass":2,"biomesoplenty:bush":3,"born_in_chaos_v1:black_argillite":1,"minecraft:crimson_roots":1,"born_in_chaos_v1:gnawed_bones":1,"minecraft:hay_block":20,"biomesoplenty:jacaranda_log":3,"minecraft:furnace":5,"minecraft:polished_basalt":2,"minecraft:gold_block":1,"minecraft:deepslate_iron_ore":1,"minecraft:vine":1,"minecraft:stone":32,"minecraft:crafting_table":6,"minecraft:tall_grass":1,"born_in_chaos_v1:chipped_black_argillite_brick":2,"minecraft:lapis_ore":12,"minecraft:diorite":1,"antlers:sheep_corpse":2,"minecraft:spruce_log":1,"minecraft:coal_ore":79,"minecraft:cobweb":40},"minecraft:dropped":{"minecraft:iron_sword":3,"cctvcraft:raw_aluminum":1,"minecraft:cooked_beef":16,"minecraft:oak_log":3,"minecraft:cooked_porkchop":6,"minecraft:dark_oak_slab":1,"minecraft:leather":5,"sophisticatedbackpacks:gold_backpack":1,"minecraft:emerald":1,"born_in_chaos_v1:monster_flesh":1,"minecraft:dirt":3,"minecraft:crimson_roots":1,"minecraft:jungle_sapling":2,"minecraft:writable_book":1,"minecraft:iron_pickaxe":2,"minecraft:white_wool":1,"minecraft:gold_ingot":9,"minecraft:bone":5,"minecraft:stone_axe":1,"born_in_chaos_v1:fire_dust":1,"minecraft:soul_lantern":1,"minecraft:deepslate_brick_slab":39,"minecraft:rotten_flesh":6,"minecraft:oak_planks":57,"minecraft:cooked_mutton":3,"minecraft:white_bed":1,"born_in_chaos_v1:seedof_chaos":1,"minecraft:gunpowder":2,"minecraft:charcoal":8,"minecraft:jungle_log":8,"born_in_chaos_v1:corpse_maggot":5,"minecraft:ladder":2,"minecraft:leather_leggings":2,"minecraft:arrow":16,"minecraft:beef":3,"minecraft:iron_ingot":22,"born_in_chaos_v1:shattered_skull":1,"minecraft:wheat_seeds":2,"minecraft:golden_helmet":2,"minecraft:deepslate_brick_wall":3,"biomesoplenty:lavender":2,"born_in_chaos_v1:holiday_candy":4,"minecraft:book":59,"minecraft:deepslate_brick_stairs":12,"minecraft:mossy_cobblestone_slab":2,"minecraft:golden_carrot":1,"minecraft:fire_charge":1,"minecraft:iron_axe":4,"minecraft:polished_basalt":23,"minecraft:smooth_stone":9,"minecraft:string":6,"minecraft:gray_carpet":11,"minecraft:polished_deepslate":11,"minecraft:polished_diorite":2,"minecraft:furnace":1,"born_in_chaos_v1:black_argillite_brick_stairs":3,"minecraft:smooth_stone_slab":11,"minecraft:iron_boots":1,"sophisticatedbackpacks:backpack":2,"minecraft:oak_sign":1,"minecraft:flint_and_steel":1,"minecraft:filled_map":2,"minecraft:big_dripleaf":1,"minecraft:spruce_planks":1,"minecraft:golden_leggings":2,"minecraft:oak_sapling":1,"minecraft:spider_eye":3,"minecraft:spruce_log":2,"minecraft:stone_pickaxe":2,"minecraft:wooden_pickaxe":1,"minecraft:calcite":3},"minecraft:crafted":{"minecraft:oak_planks":268,"minecraft:smooth_stone":5,"minecraft:cooked_chicken":8,"minecraft:stone":6,"born_in_chaos_v1:dark_metal_ingot":2,"minecraft:cooked_mutton":13,"minecraft:dark_oak_door":6,"minecraft:iron_boots":2,"minecraft:chest":2,"born_in_chaos_v1:pileof_dark_metal":1,"minecraft:smoker":1,"sophisticatedbackpacks:backpack":2,"biomesoplenty:jacaranda_planks":12,"born_in_chaos_v1:smoked_fish":2,"minecraft:cooked_porkchop":9,"minecraft:crafting_table":4,"minecraft:spruce_planks":4,"minecraft:wooden_pickaxe":1,"minecraft:iron_chestplate":1,"minecraft:shield":1,"minecraft:stick":100,"minecraft:iron_pickaxe":1,"minecraft:iron_ingot":38,"minecraft:gold_ingot":31,"minecraft:golden_carrot":5,"minecraft:wooden_sword":1,"dixtas_armory:pole":4,"minecraft:furnace":1,"minecraft:blast_furnace":1,"minecraft:leather":30,"minecraft:iron_hoe":1,"minecraft:stone_pickaxe":1,"minecraft:dark_oak_planks":16,"minecraft:wheat":180,"sophisticatedbackpacks:iron_backpack":2,"minecraft:cooked_beef":14,"minecraft:iron_sword":1,"sophisticatedbackpacks:gold_backpack":2,"minecraft:bucket":1,"minecraft:stone_axe":1,"born_in_chaos_v1:scorched_planks":4,"minecraft:air":0,"minecraft:bread":52,"minecraft:oak_boat":1,"minecraft:gold_nugget":162,"dixtas_armory:iron_twinblade":1,"minecraft:wooden_axe":1,"minecraft:iron_leggings":1,"minecraft:torch":44},"minecraft:killed_by":{"minecraft:pillager":1,"minecraft:player":2,"apollyon:the_damned":1,"antlers:wendigo":1},"minecraft:custom":{"minecraft:interact_with_crafting_table":64,"minecraft:open_barrel":36,"minecraft:leave_game":8,"minecraft:time_since_death":2989,"minecraft:sprint_one_cm":422816,"minecraft:damage_blocked_by_shield":2415,"minecraft:drop":106,"minecraft:play_time":200709,"minecraft:deaths":7,"minecraft:jump":3205,"minecraft:walk_on_water_one_cm":17460,"minecraft:interact_with_furnace":69,"minecraft:sleep_in_bed":12,"minecraft:damage_dealt":13759,"minecraft:player_kills":2,"minecraft:crouch_one_cm":40825,"minecraft:interact_with_smoker":35,"minecraft:mob_kills":99,"minecraft:damage_dealt_resisted":1327,"minecraft:climb_one_cm":3355,"minecraft:walk_one_cm":348472,"minecraft:damage_dealt_absorbed":35,"minecraft:sneak_time":14661,"minecraft:walk_under_water_one_cm":14453,"minecraft:boat_one_cm":360042,"minecraft:interact_with_blast_furnace":7,"minecraft:total_world_time":200709,"minecraft:time_since_rest":3021,"minecraft:damage_taken":104485,"minecraft:damage_absorbed":80,"minecraft:swim_one_cm":77965,"minecraft:fly_one_cm":766141,"minecraft:open_chest":52,"minecraft:fall_one_cm":100187},"minecraft:used":{"minecraft:polished_basalt":4,"minecraft:shield":38,"minecraft:iron_sword":216,"minecraft:iron_chestplate":1,"minecraft:milk_bucket":1,"born_in_chaos_v1:smoked_flesh":18,"minecraft:lava_bucket":2,"dixtas_armory:iron_twinblade":49,"minecraft:golden_sword":7,"minecraft:furnace":4,"minecraft:diorite":1,"minecraft:leather_leggings":1,"minecraft:stone_pickaxe":38,"minecraft:oak_planks":100,"minecraft:wooden_pickaxe":9,"minecraft:golden_apple":2,"minecraft:sand":17,"minecraft:blast_furnace":1,"born_in_chaos_v1:holiday_candy":2,"biomesoplenty:jacaranda_planks":12,"minecraft:bread":9,"minecraft:wooden_sword":57,"minecraft:chain":2,"minecraft:oak_boat":1,"minecraft:dead_tube_coral_block":1,"minecraft:flint_and_steel":14,"born_in_chaos_v1:ethereal_spirit":3,"minecraft:spruce_planks":4,"born_in_chaos_v1:smoked_fish":2,"minecraft:cooked_chicken":3,"minecraft:torch":51,"minecraft:dirt":2,"minecraft:iron_hoe":24,"minecraft:wooden_axe":7,"minecraft:iron_axe":47,"minecraft:oak_stairs":1,"minecraft:iron_boots":1,"minecraft:golden_carrot":8,"minecraft:beef":7,"minecraft:cooked_beef":3,"minecraft:cooked_mutton":9,"minecraft:crafting_table":10,"minecraft:white_bed":8,"minecraft:dark_oak_door":1,"minecraft:smoker":2,"minecraft:iron_pickaxe":222,"minecraft:stone_axe":64,"minecraft:cobblestone":6,"minecraft:bucket":3},"minecraft:killed":{"minecraft:cave_spider":3,"born_in_chaos_v1:restless_spirit":1,"born_in_chaos_v1:door_knight_not_despawn":1,"minecraft:spider":5,"born_in_chaos_v1:baby_skeleton_minion":1,"minecraft:chicken":6,"born_in_chaos_v1:supreme_bonescaller_stage_2":1,"born_in_chaos_v1:firelight_not_despawn":2,"minecraft:pig":2,"minecraft:sheep":3,"minecraft:pillager":7,"minecraft:zombie":6,"born_in_chaos_v1:corpse_fly":1,"minecraft:stray":1,"endofherobrine:pigman":1,"minecraft:cow":5,"born_in_chaos_v1:skeleton_thrasher_not_despawn":1,"born_in_chaos_v1:maggot":4,"born_in_chaos_v1:bone_imp_minion":26,"undead_revamp2:the_moonflower":1,"born_in_chaos_v1:decrepit_skeleton":2,"undead_revamp2:thesomnolence":5,"born_in_chaos_v1:bonescaller_not_despawn":2,"endofherobrine:sheep":6,"minecraft:enderman":2},"minecraft:picked_up":{"minecraft:wooden_axe":1,"minecraft:iron_chestplate":3,"minecraft:wheat":11,"minecraft:black_carpet":5,"minecraft:flower_pot":1,"minecraft:oak_stairs":1,"minecraft:potion":1,"minecraft:golden_sword":1,"born_in_chaos_v1:holiday_candy":9,"minecraft:dead_tube_coral_block":1,"minecraft:polished_deepslate":20,"minecraft:string":51,"minecraft:iron_leggings":1,"minecraft:smooth_stone_slab":11,"born_in_chaos_v1:dark_upgrade":1,"minecraft:oak_sign":2,"minecraft:cobbled_deepslate":1,"born_in_chaos_v1:dark_metal_ingot":2,"minecraft:smooth_stone":10,"minecraft:bucket":1,"minecraft:spruce_planks":1,"minecraft:calcite":3,"minecraft:iron_pickaxe":7,"born_in_chaos_v1:stimulating_decoction":1,"born_in_chaos_v1:smoldering_scorched_log":1,"minecraft:furnace":8,"minecraft:iron_boots":2,"minecraft:golden_helmet":3,"minecraft:stick":33,"born_in_chaos_v1:shattered_skull":1,"minecraft:deepslate_brick_wall":3,"minecraft:big_dripleaf":1,"minecraft:torch":58,"minecraft:acacia_log":4,"minecraft:porkchop":4,"minecraft:diorite":1,"born_in_chaos_v1:black_argillite_brick_stairs":3,"dixtas_armory:iron_twinblade":1,"minecraft:rotten_flesh":18,"minecraft:polished_basalt":34,"minecraft:blaze_rod":4,"minecraft:deepslate_brick_stairs":12,"minecraft:obsidian":1,"minecraft:cobblestone":56,"biomesoplenty:lavender":2,"minecraft:mossy_cobblestone_slab":2,"minecraft:cooked_beef":21,"minecraft:feather":17,"minecraft:magma_cream":3,"born_in_chaos_v1:spiritual_dust":3,"minecraft:jungle_log":8,"minecraft:golden_leggings":2,"minecraft:smoker":1,"minecraft:lapis_lazuli":70,"minecraft:dirt":8,"born_in_chaos_v1:monster_skin":3,"minecraft:bone":23,"minecraft:wheat_seeds":10,"minecraft:deepslate_brick_slab":39,"minecraft:oak_planks":283,"minecraft:cooked_porkchop":12,"minecraft:sand":17,"born_in_chaos_v1:fire_dust":1,"minecraft:diamond":2,"minecraft:soul_lantern":1,"minecraft:writable_book":3,"minecraft:granite":31,"minecraft:golden_apple":1,"minecraft:emerald":12,"minecraft:bread":57,"minecraft:oak_sapling":1,"born_in_chaos_v1:rotten_fish":4,"minecraft:crimson_roots":1,"sophisticatedbackpacks:gold_backpack":2,"minecraft:charcoal":16,"minecraft:crafting_table":11,"minecraft:chicken":11,"minecraft:ladder":3,"minecraft:leather_leggings":4,"born_in_chaos_v1:seedof_chaos":3,"minecraft:wooden_pickaxe":3,"minecraft:gold_block":3,"minecraft:chain":5,"minecraft:shield":4,"minecraft:flint_and_steel":3,"minecraft:iron_axe":6,"minecraft:wooden_sword":3,"minecraft:beef":41,"born_in_chaos_v1:gnawed_bones":1,"minecraft:jungle_sapling":2,"minecraft:raw_iron":46,"sophisticatedbackpacks:backpack":2,"minecraft:fire_charge":1,"born_in_chaos_v1:pieceofdarkmetal":4,"minecraft:carrot":5,"minecraft:arrow":16,"biomesoplenty:jacaranda_log":3,"minecraft:hay_block":20,"born_in_chaos_v1:spiny_shell":4,"minecraft:gold_ingot":28,"minecraft:mutton":27,"minecraft:white_wool":7,"born_in_chaos_v1:corpse_maggot":5,"minecraft:golden_carrot":4,"born_in_chaos_v1:monster_flesh":3,"minecraft:leather":15,"minecraft:filled_map":3,"minecraft:crimson_fungus":1,"minecraft:oak_log":70,"minecraft:golden_boots":1,"minecraft:gunpowder":2,"minecraft:white_banner":1,"minecraft:cooked_mutton":21,"minecraft:apple":8,"minecraft:gray_carpet":19,"born_in_chaos_v1:smoked_flesh":16,"minecraft:iron_ingot":26,"minecraft:stone_pickaxe":4,"minecraft:iron_sword":4,"cctvcraft:raw_aluminum":1,"minecraft:book":66,"minecraft:dark_oak_slab":1,"born_in_chaos_v1:orbofthe_summoner":1,"born_in_chaos_v1:ethereal_spirit":2,"minecraft:white_bed":9,"minecraft:spruce_log":3,"minecraft:spruce_door":1,"minecraft:spider_eye":3,"minecraft:polished_diorite":2,"minecraft:stone_axe":3,"minecraft:iron_helmet":2,"minecraft:coal":167,"minecraft:ender_pearl":2},"minecraft:broken":{"minecraft:golden_helmet":1,"minecraft:golden_boots":1,"minecraft:leather_leggings":1,"minecraft:wooden_sword":1,"minecraft:iron_sword":1}},"DataVersion":3465}