{"stats":{"minecraft:killed":{"minecraft:vindicator":24,"minecraft:skeleton":5,"alexsmobs:tusklin":1,"minecraft:husk":20,"alexsmobs:seal":1,"minecraft:sheep":3,"minecraft:pillager":41,"minecraft:zombie":2,"aquamirae:anglerfish":5,"minecraft:cow":3},"minecraft:used":{"simplyswords:stormbringer":169,"minecraft:armor_stand":1,"minecraft:spruce_slab":1,"minecraft:spruce_planks":141,"minecraft:shield":36,"minecraft:iron_sword":219,"minecraft:torch":10,"minecraft:nether_brick_slab":1,"minecraft:dark_oak_planks":4,"minecraft:wooden_axe":5,"aquamirae:esca":4,"minecraft:iron_axe":90,"simplyswords:iron_scythe":99,"spartanshields:iron_basic_shield":11,"minecraft:goat_horn":2,"minecraft:iron_leggings":1,"minecraft:calcite":1,"epicfight:skillbook":9,"minecraft:damaged_anvil":1,"minecraft:mangrove_planks":81,"minecraft:oak_planks":58,"minecraft:white_wool":1,"minecraft:golden_apple":1,"minecraft:golden_hoe":32,"minecraft:crafting_table":11,"minecraft:crossbow":9,"minecraft:white_bed":26,"minecraft:cake":2,"minecraft:wooden_hoe":26,"sophisticatedbackpacks:backpack":2,"minecraft:apple":4,"minecraft:iron_pickaxe":229,"minecraft:bread":110,"minecraft:stone_axe":49,"minecraft:wooden_sword":13,"minecraft:white_banner":1,"minecraft:pumpkin_pie":4,"minecraft:oak_boat":1},"minecraft:dropped":{"minecraft:enchanted_book":3,"minecraft:iron_ingot":4,"minecraft:bread":1,"minecraft:iron_sword":1,"minecraft:wheat_seeds":5,"aquamirae:shell_horn":1,"minecraft:dark_oak_slab":2,"minecraft:iron_helmet":1,"minecraft:cobblestone":11,"minecraft:mangrove_planks":31,"minecraft:cracked_stone_bricks":2,"minecraft:spruce_stairs":1,"minecraft:leather_helmet":7,"minecraft:diorite":1,"minecraft:wooden_axe":1,"minecraft:iron_door":1,"minecraft:potion":2,"minecraft:wooden_sword":2,"minecraft:iron_axe":3,"minecraft:iron_pickaxe":1,"minecraft:chainmail_leggings":2,"minecraft:dark_oak_planks":2,"minecraft:pink_petals":1,"minecraft:armor_stand":3,"minecraft:nether_brick_slab":1,"minecraft:stone_axe":1,"simplyswords:runic_tablet":2,"minecraft:player_head":1,"alexsmobs:animal_dictionary":4,"minecraft:dark_oak_sign":3,"minecraft:mangrove_button":1,"minecraft:rotten_flesh":6,"minecraft:damaged_anvil":1,"minecraft:white_bed":2,"minecraft:mangrove_sign":6,"minecraft:chainmail_chestplate":2,"minecraft:oak_fence_gate":1,"minecraft:leather_chestplate":7,"minecraft:potato":6,"simplyswords:iron_scythe":2,"minecraft:spruce_trapdoor":1,"minecraft:spruce_planks":7,"minecraft:iron_chestplate":1,"aquamirae:spinefish":2,"minecraft:leather_boots":4,"minecraft:oak_sapling":1,"minecraft:leather_leggings":5,"minecraft:red_nether_bricks":4,"minecraft:iron_bars":2,"minecraft:raw_gold":1,"minecraft:stone_pickaxe":1,"minecraft:wooden_pickaxe":1,"minecraft:calcite":17,"epicfight:skillbook":2},"minecraft:custom":{"minecraft:interact_with_smithing_table":1,"minecraft:interact_with_anvil":2,"minecraft:mob_kills":106,"minecraft:interact_with_crafting_table":22,"minecraft:open_barrel":229,"minecraft:eat_cake_slice":7,"minecraft:leave_game":13,"minecraft:time_since_death":36545,"minecraft:climb_one_cm":52904,"minecraft:sprint_one_cm":1406645,"minecraft:walk_one_cm":1114897,"minecraft:damage_blocked_by_shield":5460,"minecraft:drop":106,"minecraft:play_noteblock":1,"minecraft:damage_dealt_absorbed":40,"minecraft:talked_to_villager":3,"minecraft:play_time":250962,"minecraft:deaths":39,"minecraft:sneak_time":15114,"minecraft:walk_under_water_one_cm":20558,"minecraft:interact_with_lectern":4,"minecraft:boat_one_cm":30753,"minecraft:jump":5780,"minecraft:interact_with_blast_furnace":5,"minecraft:walk_on_water_one_cm":40941,"minecraft:total_world_time":250962,"spartanshields:shield_bash_hits":6,"minecraft:tune_noteblock":6,"minecraft:raid_trigger":1,"minecraft:sleep_in_bed":20,"minecraft:waystone_activated":1,"minecraft:time_since_rest":496,"minecraft:damage_absorbed":870,"minecraft:damage_taken":17265,"minecraft:damage_dealt":30606,"minecraft:player_kills":3,"minecraft:swim_one_cm":116205,"minecraft:fly_one_cm":2331286,"minecraft:open_chest":125,"minecraft:crouch_one_cm":94522,"minecraft:fall_one_cm":159445},"minecraft:killed_by":{"minecraft:husk":13,"minecraft:player":2,"minecraft:pillager":2,"minecraft:enderman":1,"minecraft:vindicator":3,"minecraft:skeleton":1,"minecraft:zombie":2,"mowziesmobs:frostmaw":10,"alexsmobs:moose":1},"minecraft:broken":{"minecraft:golden_hoe":1,"minecraft:iron_leggings":1,"minecraft:shield":2,"minecraft:iron_helmet":1},"minecraft:picked_up":{"minecraft:crafting_table":1,"minecraft:azure_bluet":2,"minecraft:leather_leggings":1,"minecraft:smithing_table":2,"minecraft:wooden_pickaxe":1,"minecraft:potion":2,"minecraft:enchanted_book":2,"minecraft:brewing_stand":1,"minecraft:string":2,"aquamirae:pirate_pouch":1,"minecraft:iron_axe":4,"minecraft:red_nether_bricks":3,"minecraft:iron_leggings":1,"minecraft:armor_stand":5,"minecraft:cyan_carpet":2,"minecraft:cracked_stone_bricks":2,"minecraft:spruce_planks":13,"minecraft:beef":4,"minecraft:player_head":2,"minecraft:calcite":22,"minecraft:iron_pickaxe":1,"minecraft:spruce_slab":1,"minecraft:spruce_trapdoor":1,"minecraft:stripped_mangrove_wood":38,"aquamirae:shell_horn":2,"minecraft:torch":15,"minecraft:spruce_stairs":3,"sophisticatedbackpacks:backpack":3,"epicfight:skillbook":3,"minecraft:porkchop":3,"minecraft:cherry_log":7,"minecraft:diorite":2,"minecraft:mangrove_sign":6,"aquamirae:esca":2,"minecraft:dark_oak_planks":2,"minecraft:arrow":8,"minecraft:rotten_flesh":11,"simplyswords:iron_scythe":2,"minecraft:hay_block":112,"mowziesmobs:ice_crystal":1,"aquamirae:treasure_pouch":1,"minecraft:gold_ingot":16,"minecraft:obsidian":2,"minecraft:mutton":4,"minecraft:iron_bars":3,"minecraft:snowball":1,"minecraft:white_wool":3,"minecraft:cobblestone":12,"minecraft:oxeye_daisy":1,"minecraft:stripped_oak_log":4,"minecraft:pink_petals":1,"minecraft:leather_chestplate":6,"minecraft:iron_door":1,"minecraft:leather":4,"aquamirae:spinefish":1,"minecraft:potato":1,"minecraft:oak_log":20,"minecraft:chainmail_chestplate":2,"minecraft:white_banner":2,"aquamirae:fin":2,"minecraft:coast_armor_trim_smithing_template":2,"minecraft:bone":7,"minecraft:apple":1,"minecraft:gray_carpet":1,"minecraft:wheat_seeds":6,"minecraft:raw_gold":2,"minecraft:spruce_wood":8,"minecraft:oak_fence_gate":1,"minecraft:stone_pickaxe":2,"minecraft:dark_oak_sign":3,"minecraft:oak_planks":7,"minecraft:book":9,"minecraft:dark_oak_slab":2,"aquamirae:anglers_fang":1,"minecraft:amethyst_shard":3,"minecraft:white_bed":26,"minecraft:blast_furnace":4,"minecraft:nether_brick_slab":2,"minecraft:spruce_log":25,"minecraft:loom":2,"alexsmobs:animal_dictionary":4,"minecraft:leather_helmet":5,"minecraft:stone_axe":1,"waystones:waystone":3,"minecraft:chainmail_leggings":2,"minecraft:iron_helmet":1,"minecraft:crossbow":3,"minecraft:bread":32,"minecraft:emerald":42,"minecraft:oak_sapling":1,"minecraft:damaged_anvil":6,"minecraft:dark_oak_fence":1,"minecraft:stripped_dark_oak_log":1,"minecraft:coal":29},"minecraft:mined":{"minecraft:dark_oak_planks":3,"minecraft:spruce_planks":15,"minecraft:white_bed":23,"minecraft:cherry_log":7,"minecraft:red_nether_bricks":4,"minecraft:brewing_stand":1,"minecraft:spruce_trapdoor":1,"minecraft:dark_oak_fence":1,"minecraft:spruce_leaves":2,"minecraft:spawner":5,"minecraft:hay_block":83,"minecraft:oak_trapdoor":1,"minecraft:waxed_oxidized_cut_copper_slab":2,"minecraft:stripped_dark_oak_wood":1,"minecraft:bookshelf":4,"minecraft:iron_bars":8,"minecraft:stripped_oak_log":4,"minecraft:packed_ice":105,"minecraft:spruce_wood":11,"minecraft:stripped_mangrove_wood":29,"minecraft:stone":6,"sophisticatedbackpacks:backpack":2,"minecraft:player_head":1,"minecraft:spruce_slab":1,"minecraft:smithing_table":1,"minecraft:oak_slab":1,"minecraft:polished_deepslate_stairs":1,"minecraft:stripped_dark_oak_log":1,"minecraft:powder_snow":1,"minecraft:crafting_table":1,"minecraft:blast_furnace":2,"minecraft:calcite":12,"minecraft:nether_brick_slab":3,"minecraft:tall_grass":1,"minecraft:cobblestone":1,"minecraft:oak_planks":9,"minecraft:damaged_anvil":4,"minecraft:diorite":2,"minecraft:iron_door":1,"minecraft:pink_petals":1,"minecraft:spruce_stairs":3,"minecraft:purple_bed":1,"minecraft:black_stained_glass":2,"minecraft:dark_oak_slab":1,"minecraft:ice":4,"minecraft:spruce_log":28,"minecraft:grass":4,"minecraft:coal_ore":27,"minecraft:oak_log":20,"minecraft:oak_fence_gate":1,"minecraft:loom":1,"minecraft:gray_carpet":1,"minecraft:cobweb":4,"minecraft:cracked_stone_bricks":2,"minecraft:tripwire_hook":1,"minecraft:gold_ore":1,"minecraft:oak_leaves":3},"minecraft:crafted":{"minecraft:wooden_sword":2,"minecraft:oak_planks":96,"minecraft:mangrove_button":1,"spartanshields:iron_basic_shield":1,"minecraft:iron_boots":1,"minecraft:iron_axe":1,"minecraft:dark_oak_planks":4,"minecraft:wheat":729,"minecraft:crafting_table":11,"minecraft:spruce_planks":160,"minecraft:wooden_pickaxe":1,"minecraft:iron_helmet":1,"minecraft:iron_sword":1,"minecraft:mangrove_planks":144,"minecraft:bread":235,"simplyswords:iron_scythe":1,"minecraft:oak_boat":1,"minecraft:iron_chestplate":1,"minecraft:wooden_hoe":1,"minecraft:shield":2,"minecraft:stick":24,"minecraft:iron_pickaxe":1,"minecraft:wooden_axe":1,"minecraft:iron_leggings":1,"spartanshields:wooden_basic_shield":1,"minecraft:white_bed":2,"minecraft:torch":8}},"DataVersion":3465}