{"stats":{"minecraft:killed":{"minecraft:vindicator":29,"minecraft:skeleton":5,"alexsmobs:tusklin":1,"minecraft:husk":20,"alexsmobs:seal":1,"aquamirae:captain_cornelia":1,"minecraft:sheep":3,"minecraft:pillager":46,"minecraft:zombie":2,"aquamirae:anglerfish":6,"minecraft:cow":3},"minecraft:used":{"simplyswords:stormbringer":266,"minecraft:armor_stand":1,"minecraft:spruce_slab":1,"minecraft:spruce_planks":145,"minecraft:shield":36,"minecraft:iron_sword":219,"minecraft:torch":11,"immersive_armors:warrior_helmet":1,"minecraft:nether_brick_slab":1,"minecraft:dark_oak_planks":4,"minecraft:wooden_axe":5,"aquamirae:esca":4,"minecraft:iron_axe":95,"simplyswords:iron_scythe":99,"spartanshields:iron_basic_shield":19,"minecraft:goat_horn":2,"minecraft:iron_leggings":1,"minecraft:calcite":1,"epicfight:skillbook":9,"minecraft:damaged_anvil":1,"minecraft:mangrove_planks":81,"minecraft:oak_planks":58,"minecraft:white_wool":1,"minecraft:golden_apple":1,"minecraft:golden_hoe":32,"minecraft:crafting_table":11,"minecraft:crossbow":12,"minecraft:white_bed":26,"minecraft:cake":2,"minecraft:wooden_hoe":26,"sophisticatedbackpacks:backpack":2,"minecraft:apple":4,"minecraft:string":1,"minecraft:iron_pickaxe":341,"minecraft:bread":124,"minecraft:leather_helmet":1,"minecraft:stone_axe":49,"minecraft:wooden_sword":13,"minecraft:white_banner":1,"minecraft:pumpkin_pie":4,"minecraft:oak_boat":1},"minecraft:dropped":{"minecraft:enchanted_book":4,"minecraft:iron_ingot":41,"minecraft:bread":16,"aquamirae:ship_graveyard_echo":1,"minecraft:iron_sword":1,"minecraft:wheat_seeds":5,"immersive_armors:warrior_helmet":1,"aquamirae:shell_horn":1,"minecraft:dark_oak_slab":2,"minecraft:iron_helmet":1,"minecraft:cobblestone":11,"minecraft:mangrove_planks":31,"minecraft:cracked_stone_bricks":2,"minecraft:spruce_stairs":1,"minecraft:leather_helmet":10,"sophisticatedbackpacks:gold_backpack":2,"minecraft:diorite":1,"minecraft:wooden_axe":1,"minecraft:iron_door":1,"minecraft:potion":2,"minecraft:wooden_sword":2,"minecraft:iron_axe":4,"minecraft:iron_pickaxe":1,"minecraft:chainmail_leggings":2,"minecraft:dark_oak_planks":2,"minecraft:pink_petals":1,"minecraft:armor_stand":3,"minecraft:nether_brick_slab":1,"minecraft:stone_axe":1,"simplyswords:runic_tablet":2,"minecraft:player_head":1,"alexsmobs:animal_dictionary":4,"minecraft:dark_oak_sign":3,"minecraft:mangrove_button":1,"minecraft:rotten_flesh":6,"minecraft:damaged_anvil":1,"minecraft:white_bed":2,"minecraft:mangrove_sign":6,"aquamirae:anglers_fang":1,"minecraft:chainmail_chestplate":2,"minecraft:oak_fence_gate":1,"minecraft:leather_chestplate":8,"minecraft:potato":6,"simplyswords:iron_scythe":2,"minecraft:spruce_trapdoor":1,"minecraft:spruce_planks":23,"aquamirae:esca":1,"minecraft:iron_chestplate":1,"minecraft:leather_boots":5,"aquamirae:spinefish":2,"minecraft:oak_sapling":1,"minecraft:leather_leggings":7,"minecraft:spruce_log":1,"minecraft:red_nether_bricks":4,"minecraft:iron_bars":2,"sophisticatedbackpacks:copper_backpack":2,"minecraft:raw_gold":1,"minecraft:stone_pickaxe":1,"minecraft:wooden_pickaxe":1,"minecraft:calcite":17,"epicfight:skillbook":2},"minecraft:custom":{"minecraft:interact_with_smithing_table":1,"minecraft:interact_with_anvil":2,"minecraft:mob_kills":119,"minecraft:interact_with_crafting_table":23,"minecraft:open_barrel":283,"minecraft:eat_cake_slice":7,"minecraft:leave_game":14,"minecraft:time_since_death":1049,"minecraft:climb_one_cm":52904,"minecraft:sprint_one_cm":1547312,"minecraft:walk_one_cm":1301848,"minecraft:damage_blocked_by_shield":6100,"minecraft:drop":141,"minecraft:play_noteblock":1,"minecraft:damage_dealt_absorbed":201,"minecraft:talked_to_villager":3,"minecraft:play_time":292854,"minecraft:deaths":46,"minecraft:sneak_time":17471,"minecraft:walk_under_water_one_cm":21138,"minecraft:interact_with_lectern":4,"minecraft:boat_one_cm":30753,"minecraft:jump":6551,"minecraft:interact_with_blast_furnace":5,"minecraft:walk_on_water_one_cm":49272,"minecraft:total_world_time":292854,"spartanshields:shield_bash_hits":7,"minecraft:tune_noteblock":6,"minecraft:raid_trigger":1,"minecraft:sleep_in_bed":21,"minecraft:waystone_activated":1,"minecraft:time_since_rest":1075,"minecraft:damage_absorbed":1287,"minecraft:damage_taken":20050,"minecraft:damage_dealt":39688,"minecraft:player_kills":3,"minecraft:swim_one_cm":117701,"minecraft:fly_one_cm":2665656,"minecraft:open_chest":131,"minecraft:crouch_one_cm":115109,"minecraft:fall_one_cm":171307},"minecraft:killed_by":{"minecraft:husk":13,"minecraft:player":2,"minecraft:pillager":2,"minecraft:enderman":1,"minecraft:vindicator":4,"aquamirae:captain_cornelia":6,"minecraft:skeleton":1,"minecraft:zombie":2,"mowziesmobs:frostmaw":10,"alexsmobs:moose":1},"minecraft:broken":{"minecraft:golden_hoe":1,"minecraft:iron_leggings":1,"minecraft:shield":2,"minecraft:iron_helmet":1},"minecraft:picked_up":{"sophisticatedbackpacks:gold_backpack":1,"minecraft:crafting_table":1,"minecraft:azure_bluet":2,"minecraft:leather_leggings":1,"minecraft:smithing_table":2,"minecraft:wooden_pickaxe":1,"minecraft:potion":2,"minecraft:enchanted_book":3,"minecraft:brewing_stand":1,"minecraft:string":3,"aquamirae:pirate_pouch":1,"minecraft:iron_axe":4,"minecraft:red_nether_bricks":3,"minecraft:iron_leggings":1,"minecraft:armor_stand":5,"minecraft:cyan_carpet":2,"minecraft:cracked_stone_bricks":2,"minecraft:spruce_planks":17,"minecraft:beef":4,"minecraft:player_head":2,"minecraft:calcite":22,"minecraft:iron_pickaxe":1,"minecraft:spruce_slab":1,"minecraft:spruce_trapdoor":1,"aquamirae:frozen_key":1,"minecraft:stripped_mangrove_wood":38,"aquamirae:shell_horn":2,"minecraft:torch":21,"minecraft:spruce_stairs":3,"sophisticatedbackpacks:backpack":3,"epicfight:skillbook":3,"minecraft:porkchop":3,"minecraft:cherry_log":7,"minecraft:diorite":2,"minecraft:mangrove_sign":6,"aquamirae:esca":3,"minecraft:dark_oak_planks":2,"minecraft:arrow":8,"minecraft:rotten_flesh":11,"simplyswords:iron_scythe":2,"minecraft:hay_block":112,"mowziesmobs:ice_crystal":1,"minecraft:gold_ingot":16,"aquamirae:treasure_pouch":1,"sophisticatedbackpacks:copper_backpack":1,"minecraft:obsidian":2,"minecraft:mutton":4,"minecraft:white_wool":3,"minecraft:iron_bars":3,"minecraft:snowball":1,"minecraft:cobblestone":12,"minecraft:oxeye_daisy":1,"minecraft:stripped_oak_log":4,"minecraft:pink_petals":1,"minecraft:leather_chestplate":6,"minecraft:iron_door":1,"minecraft:leather":4,"aquamirae:spinefish":1,"minecraft:potato":1,"minecraft:filled_map":1,"aquamirae:three_bolt_helmet":1,"minecraft:oak_log":20,"minecraft:chainmail_chestplate":2,"minecraft:white_banner":2,"aquamirae:fin":3,"minecraft:coast_armor_trim_smithing_template":2,"minecraft:bone":7,"minecraft:apple":1,"minecraft:gray_carpet":1,"minecraft:wheat_seeds":6,"minecraft:raw_gold":2,"minecraft:spruce_wood":8,"minecraft:oak_fence_gate":1,"minecraft:stone_pickaxe":2,"minecraft:dark_oak_sign":3,"minecraft:oak_planks":7,"minecraft:book":9,"minecraft:dark_oak_slab":2,"aquamirae:ship_graveyard_echo":1,"aquamirae:oxygen_tank":1,"aquamirae:anglers_fang":2,"minecraft:amethyst_shard":3,"minecraft:white_bed":26,"minecraft:spruce_log":30,"minecraft:blast_furnace":4,"minecraft:nether_brick_slab":2,"minecraft:loom":2,"alexsmobs:animal_dictionary":4,"minecraft:leather_helmet":6,"minecraft:stone_axe":1,"waystones:waystone":3,"minecraft:chainmail_leggings":2,"minecraft:iron_helmet":1,"minecraft:crossbow":4,"minecraft:bread":32,"minecraft:emerald":52,"minecraft:oak_sapling":1,"minecraft:damaged_anvil":6,"minecraft:dark_oak_fence":1,"minecraft:stripped_dark_oak_log":1,"minecraft:coal":29},"minecraft:mined":{"minecraft:dark_oak_planks":3,"minecraft:spruce_planks":19,"minecraft:white_bed":23,"minecraft:cherry_log":7,"minecraft:red_nether_bricks":4,"minecraft:brewing_stand":1,"minecraft:spruce_trapdoor":1,"minecraft:dark_oak_fence":1,"minecraft:spruce_leaves":2,"minecraft:spawner":5,"minecraft:hay_block":83,"minecraft:oak_trapdoor":1,"minecraft:waxed_oxidized_cut_copper_slab":2,"minecraft:stripped_dark_oak_wood":1,"minecraft:bookshelf":4,"minecraft:iron_bars":8,"minecraft:stripped_oak_log":4,"minecraft:packed_ice":185,"minecraft:spruce_wood":11,"minecraft:stripped_mangrove_wood":29,"minecraft:stone":6,"sophisticatedbackpacks:backpack":2,"minecraft:player_head":1,"minecraft:spruce_slab":1,"minecraft:smithing_table":1,"minecraft:oak_slab":1,"minecraft:polished_deepslate_stairs":1,"minecraft:stripped_dark_oak_log":1,"minecraft:powder_snow":1,"minecraft:crafting_table":1,"minecraft:blast_furnace":2,"minecraft:calcite":12,"minecraft:nether_brick_slab":3,"minecraft:tall_grass":1,"minecraft:cobblestone":1,"minecraft:oak_planks":9,"minecraft:damaged_anvil":4,"minecraft:diorite":2,"minecraft:iron_door":1,"minecraft:pink_petals":1,"minecraft:spruce_stairs":3,"minecraft:purple_bed":1,"minecraft:black_stained_glass":2,"minecraft:dark_oak_slab":1,"minecraft:ice":4,"minecraft:spruce_log":34,"minecraft:grass":4,"minecraft:coal_ore":27,"minecraft:oak_log":20,"minecraft:oak_fence_gate":1,"minecraft:loom":1,"minecraft:gray_carpet":1,"minecraft:cobweb":6,"minecraft:cracked_stone_bricks":2,"minecraft:tripwire_hook":1,"minecraft:gold_ore":1,"minecraft:oak_leaves":3},"minecraft:crafted":{"minecraft:wooden_sword":2,"minecraft:oak_planks":96,"minecraft:mangrove_button":1,"spartanshields:iron_basic_shield":1,"minecraft:iron_boots":1,"minecraft:iron_axe":1,"minecraft:dark_oak_planks":4,"minecraft:wheat":729,"minecraft:crafting_table":11,"minecraft:spruce_planks":176,"minecraft:wooden_pickaxe":1,"minecraft:iron_helmet":1,"minecraft:iron_sword":1,"minecraft:mangrove_planks":144,"minecraft:bread":235,"simplyswords:iron_scythe":1,"minecraft:oak_boat":1,"minecraft:iron_chestplate":1,"minecraft:wooden_hoe":1,"minecraft:shield":2,"minecraft:stick":24,"minecraft:iron_pickaxe":1,"minecraft:wooden_axe":1,"minecraft:iron_leggings":1,"spartanshields:wooden_basic_shield":1,"minecraft:white_bed":2,"minecraft:torch":8}},"DataVersion":3465}