{"stats":{"minecraft:used":{"minecraft:spruce_slab":1,"minecraft:shield":27,"minecraft:iron_sword":122,"minecraft:torch":3,"minecraft:nether_brick_slab":1,"minecraft:dark_oak_planks":4,"minecraft:iron_axe":24,"minecraft:calcite":1,"epicfight:skillbook":1,"minecraft:mangrove_planks":10,"minecraft:oak_planks":58,"minecraft:golden_hoe":32,"minecraft:crafting_table":5,"minecraft:white_bed":6,"minecraft:cake":2,"minecraft:wooden_hoe":26,"minecraft:apple":4,"minecraft:bread":22,"minecraft:iron_pickaxe":36,"minecraft:stone_axe":49,"minecraft:wooden_sword":8,"minecraft:pumpkin_pie":2,"minecraft:oak_boat":1},"minecraft:custom":{"minecraft:interact_with_smithing_table":1,"minecraft:mob_kills":20,"minecraft:interact_with_crafting_table":7,"minecraft:open_barrel":17,"minecraft:eat_cake_slice":7,"minecraft:leave_game":3,"minecraft:time_since_death":13379,"minecraft:climb_one_cm":46139,"minecraft:sprint_one_cm":427907,"minecraft:walk_one_cm":281802,"minecraft:damage_blocked_by_shield":3300,"minecraft:drop":45,"minecraft:play_time":60135,"minecraft:deaths":5,"minecraft:sneak_time":4678,"minecraft:walk_under_water_one_cm":4003,"minecraft:boat_one_cm":30753,"minecraft:jump":1452,"minecraft:interact_with_blast_furnace":3,"minecraft:walk_on_water_one_cm":4206,"minecraft:total_world_time":60135,"spartanshields:shield_bash_hits":1,"minecraft:tune_noteblock":6,"minecraft:sleep_in_bed":6,"minecraft:time_since_rest":5802,"minecraft:damage_taken":3750,"minecraft:damage_dealt":7096,"minecraft:swim_one_cm":6514,"minecraft:fly_one_cm":557491,"minecraft:player_kills":2,"minecraft:open_chest":26,"minecraft:crouch_one_cm":29330,"minecraft:fall_one_cm":60315},"minecraft:broken":{"minecraft:golden_hoe":1,"minecraft:shield":1},"minecraft:mined":{"minecraft:dark_oak_planks":3,"minecraft:spruce_planks":5,"minecraft:white_bed":6,"minecraft:cherry_log":7,"minecraft:red_nether_bricks":1,"minecraft:spruce_trapdoor":1,"minecraft:spawner":2,"minecraft:hay_block":52,"minecraft:waxed_oxidized_cut_copper_slab":2,"minecraft:stripped_dark_oak_wood":1,"minecraft:bookshelf":1,"minecraft:stripped_oak_log":4,"minecraft:stone":3,"minecraft:stripped_mangrove_wood":4,"minecraft:player_head":1,"minecraft:spruce_slab":1,"minecraft:smithing_table":1,"minecraft:polished_deepslate_stairs":1,"minecraft:stripped_dark_oak_log":1,"minecraft:powder_snow":1,"minecraft:crafting_table":1,"minecraft:calcite":11,"minecraft:nether_brick_slab":3,"minecraft:tall_grass":1,"minecraft:oak_planks":9,"minecraft:damaged_anvil":1,"minecraft:diorite":1,"minecraft:pink_petals":1,"minecraft:spruce_stairs":1,"minecraft:black_stained_glass":2,"minecraft:purple_bed":1,"minecraft:dark_oak_slab":1,"minecraft:grass":4,"minecraft:oak_log":20,"minecraft:coal_ore":6,"minecraft:loom":1,"minecraft:cracked_stone_bricks":2,"minecraft:tripwire_hook":1,"minecraft:gold_ore":1,"minecraft:oak_leaves":3},"minecraft:killed_by":{"minecraft:husk":2,"minecraft:player":2},"minecraft:crafted":{"minecraft:wooden_sword":1,"minecraft:oak_planks":96,"minecraft:iron_axe":1,"minecraft:dark_oak_planks":4,"minecraft:wheat":180,"minecraft:crafting_table":5,"minecraft:wooden_pickaxe":1,"minecraft:iron_sword":1,"minecraft:mangrove_planks":52,"minecraft:bread":52,"minecraft:oak_boat":1,"minecraft:wooden_hoe":1,"minecraft:shield":2,"minecraft:stick":16,"minecraft:iron_pickaxe":1,"minecraft:torch":8},"minecraft:dropped":{"minecraft:iron_ingot":4,"minecraft:wheat_seeds":5,"minecraft:dark_oak_slab":2,"minecraft:cobblestone":3,"minecraft:cracked_stone_bricks":2,"minecraft:spruce_stairs":1,"minecraft:diorite":1,"minecraft:potion":2,"minecraft:wooden_sword":1,"minecraft:iron_pickaxe":1,"minecraft:dark_oak_planks":2,"minecraft:pink_petals":1,"minecraft:armor_stand":2,"minecraft:nether_brick_slab":1,"minecraft:stone_axe":1,"minecraft:player_head":1,"alexsmobs:animal_dictionary":4,"minecraft:dark_oak_sign":3,"minecraft:rotten_flesh":5,"minecraft:white_bed":1,"minecraft:leather_chestplate":2,"minecraft:potato":6,"minecraft:spruce_trapdoor":1,"minecraft:spruce_planks":5,"minecraft:oak_sapling":1,"minecraft:red_nether_bricks":1,"minecraft:stone_pickaxe":1,"minecraft:wooden_pickaxe":1,"minecraft:raw_gold":1,"minecraft:calcite":17},"minecraft:killed":{"minecraft:skeleton":3,"minecraft:husk":12,"minecraft:sheep":2,"minecraft:cow":3},"minecraft:picked_up":{"minecraft:crafting_table":1,"minecraft:azure_bluet":2,"minecraft:smithing_table":1,"minecraft:wooden_pickaxe":1,"minecraft:potion":2,"minecraft:red_nether_bricks":1,"minecraft:iron_leggings":1,"minecraft:armor_stand":2,"minecraft:cracked_stone_bricks":2,"minecraft:spruce_planks":5,"minecraft:beef":4,"minecraft:calcite":22,"minecraft:player_head":2,"minecraft:iron_pickaxe":1,"minecraft:spruce_slab":1,"minecraft:spruce_trapdoor":1,"minecraft:stripped_mangrove_wood":13,"minecraft:spruce_stairs":1,"epicfight:skillbook":1,"minecraft:cherry_log":7,"minecraft:diorite":2,"minecraft:dark_oak_planks":2,"minecraft:arrow":6,"minecraft:rotten_flesh":10,"minecraft:hay_block":51,"minecraft:mutton":2,"minecraft:cobblestone":4,"minecraft:white_wool":2,"minecraft:oxeye_daisy":1,"minecraft:stripped_oak_log":4,"minecraft:pink_petals":1,"minecraft:leather_chestplate":3,"minecraft:leather":4,"minecraft:potato":1,"minecraft:oak_log":20,"minecraft:bone":6,"minecraft:apple":1,"minecraft:wheat_seeds":6,"minecraft:raw_gold":2,"minecraft:stone_pickaxe":2,"minecraft:dark_oak_sign":3,"minecraft:oak_planks":7,"minecraft:dark_oak_slab":2,"minecraft:loom":1,"minecraft:white_bed":8,"minecraft:nether_brick_slab":2,"alexsmobs:animal_dictionary":4,"minecraft:leather_helmet":1,"minecraft:stone_axe":1,"minecraft:bread":32,"minecraft:oak_sapling":1,"minecraft:damaged_anvil":1,"minecraft:stripped_dark_oak_log":1,"minecraft:coal":4}},"DataVersion":3465}