{"stats":{"minecraft:mined":{"minecraft:spruce_planks":1,"minecraft:white_bed":20,"minecraft:cobbled_deepslate_stairs":1,"cctvcraft:aluminum_ore":2,"minecraft:acacia_log":4,"minecraft:granite":31,"minecraft:grass_block":16,"minecraft:dead_tube_coral_block":1,"minecraft:spawner":32,"minecraft:magma_block":4,"minecraft:mossy_cobblestone_slab":2,"minecraft:iron_ore":47,"minecraft:fire":17,"born_in_chaos_v1:black_argillite_brick_stairs":23,"biomesoplenty:lavender":6,"graveyard:ossuary":1,"minecraft:anvil":5,"minecraft:enchanting_table":9,"minecraft:oak_stairs":10,"sasquatch:dead_hunter":1,"minecraft:light_gray_concrete":1,"minecraft:deepslate_brick_stairs":1,"minecraft:iron_block":7,"minecraft:orange_bed":7,"minecraft:deepslate_redstone_ore":1,"biomesoplenty:jacaranda_leaves":2,"minecraft:cut_sandstone":1,"sasquatch:hunter_backpack":1,"minecraft:red_bed":12,"minecraft:smoker":2,"minecraft:torch":8,"minecraft:blast_furnace":5,"minecraft:mushroom_stem":3,"minecraft:smooth_quartz_slab":1,"minecraft:cobblestone":48,"minecraft:grindstone":2,"minecraft:oak_planks":36,"minecraft:iron_door":1,"minecraft:wall_torch":5,"minecraft:skeleton_skull":1,"minecraft:seagrass":1,"minecraft:chain":15,"minecraft:birch_log":72,"minecraft:wheat":2,"biomesoplenty:maple_leaves":5,"minecraft:jukebox":1,"born_in_chaos_v1:black_argillite_brick":1,"biomesoplenty:umbran_log":13,"biomesoplenty:fir_log":85,"minecraft:grass":30,"minecraft:oak_log":70,"minecraft:dirt":50,"minecraft:sand":16,"born_in_chaos_v1:black_argillite_wall":1,"minecraft:oak_leaves":8,"minecraft:deepslate":3,"the_knocker:deadcow":1,"minecraft:mossy_cobblestone":5,"biomesoplenty:desert_grass":2,"minecraft:cobbled_deepslate_slab":1,"biomesoplenty:bush":3,"born_in_chaos_v1:black_argillite":1,"minecraft:spruce_fence":1,"minecraft:jungle_planks":1,"minecraft:crimson_roots":8,"minecraft:spruce_leaves":2,"biomesoplenty:dead_grass":1,"born_in_chaos_v1:gnawed_bones":1,"minecraft:hay_block":40,"minecraft:deepslate_brick_slab":1,"biomesoplenty:jacaranda_log":3,"minecraft:furnace":6,"minecraft:polished_basalt":2,"minecraft:acacia_wood":3,"minecraft:gold_block":3,"minecraft:bookshelf":36,"minecraft:deepslate_iron_ore":1,"minecraft:vine":2,"minecraft:bamboo":1,"minecraft:stone":203,"biomesoplenty:black_sand":1,"minecraft:crafting_table":11,"minecraft:copper_ore":1,"minecraft:tall_grass":5,"born_in_chaos_v1:chipped_black_argillite_brick":6,"minecraft:lapis_ore":12,"minecraft:deepslate_gold_ore":1,"minecraft:diorite":1,"minecraft:purple_bed":1,"minecraft:birch_planks":17,"minecraft:coarse_dirt":6,"antlers:sheep_corpse":2,"minecraft:birch_leaves":12,"minecraft:spruce_log":13,"minecraft:coal_ore":116,"biomesoplenty:fir_leaves":3,"minecraft:gravel":7,"minecraft:cobweb":46,"minecraft:stone_bricks":1,"minecraft:mossy_stone_bricks":1,"minecraft:infested_stone":1,"minecraft:birch_fence":3,"minecraft:fern":2,"undead_revamp2:arapholia":1},"minecraft:dropped":{"minecraft:iron_sword":7,"cctvcraft:raw_aluminum":1,"minecraft:diamond_axe":2,"minecraft:lapis_lazuli":32,"minecraft:cooked_beef":16,"minecraft:oak_log":15,"minecraft:glass_bottle":1,"minecraft:cooked_porkchop":6,"minecraft:dark_oak_slab":1,"biomesoplenty:black_sand":1,"minecraft:leather":41,"minecraft:jungle_planks":3,"minecraft:red_carpet":2,"sophisticatedbackpacks:gold_backpack":5,"minecraft:emerald":1,"born_in_chaos_v1:monster_flesh":9,"minecraft:dirt":37,"born_in_chaos_v1:spiny_shell_armor_chestplate":4,"minecraft:dark_oak_log":2,"born_in_chaos_v1:sharpened_dark_metal_sword":2,"minecraft:dark_oak_wood":3,"minecraft:mutton":4,"minecraft:crimson_roots":7,"minecraft:stripped_dark_oak_wood":1,"minecraft:jungle_sapling":2,"minecraft:chain":4,"minecraft:writable_book":1,"minecraft:iron_pickaxe":4,"minecraft:white_wool":5,"minecraft:gold_ingot":47,"minecraft:bone":25,"minecraft:gravel":1,"minecraft:dark_oak_door":5,"minecraft:note_block":2,"minecraft:stone_axe":1,"sasquatch:sasquatch_detector":1,"born_in_chaos_v1:fire_dust":3,"minecraft:wheat":48,"minecraft:obsidian":1,"minecraft:soul_lantern":1,"minecraft:deepslate_brick_slab":40,"minecraft:rotten_flesh":74,"minecraft:oak_planks":195,"minecraft:cooked_mutton":5,"minecraft:white_bed":3,"born_in_chaos_v1:black_argillite_wall":1,"minecraft:carrot":2,"sophisticatedbackpacks:diamond_backpack":3,"minecraft:tipped_arrow":6,"born_in_chaos_v1:seedof_chaos":1,"minecraft:gunpowder":2,"born_in_chaos_v1:chipped_black_argillite_brick":2,"minecraft:charcoal":8,"born_in_chaos_v1:corpse_maggot":6,"minecraft:jungle_log":8,"biomesoplenty:wildflower":2,"minecraft:ladder":2,"minecraft:leather_leggings":2,"minecraft:arrow":17,"minecraft:beef":3,"born_in_chaos_v1:nightmare_mantleofthe_night_leggings":2,"biomesoplenty:tall_lavender":7,"minecraft:enchanting_table":2,"born_in_chaos_v1:dark_rod":1,"minecraft:enchanted_book":12,"born_in_chaos_v1:black_argillitepressureplate":1,"minecraft:iron_ingot":54,"minecraft:bread":219,"born_in_chaos_v1:shattered_skull":4,"minecraft:wheat_seeds":20,"minecraft:golden_helmet":2,"minecraft:deepslate_brick_wall":3,"biomesoplenty:lavender":62,"born_in_chaos_v1:holiday_candy":4,"minecraft:iron_helmet":4,"minecraft:cobblestone":16,"minecraft:book":66,"born_in_chaos_v1:orbofthe_summoner":1,"antlers:tomahawkitem":78,"dixtas_armory:iron_twinblade":1,"minecraft:apple":76,"minecraft:granite":31,"minecraft:copper_ingot":9,"minecraft:lava_bucket":1,"minecraft:deepslate_brick_stairs":12,"minecraft:mossy_cobblestone_slab":2,"minecraft:golden_carrot":1,"minecraft:torch":14,"born_in_chaos_v1:staffofthe_summoner":2,"minecraft:melon_slice":4,"minecraft:cooked_salmon":14,"minecraft:fire_charge":1,"minecraft:potion":3,"minecraft:iron_leggings":6,"minecraft:smooth_quartz_slab":2,"minecraft:iron_axe":9,"minecraft:polished_basalt":23,"minecraft:smooth_stone":15,"minecraft:string":11,"born_in_chaos_v1:nightmare_mantleofthe_night_boots":1,"minecraft:bucket":1,"minecraft:gray_carpet":11,"minecraft:polished_deepslate":11,"minecraft:polished_diorite":2,"minecraft:furnace":1,"born_in_chaos_v1:black_argillite_brick_stairs":12,"minecraft:raw_copper":10,"dixtas_armory:pole":4,"minecraft:smooth_stone_slab":11,"born_in_chaos_v1:rotten_fish":7,"born_in_chaos_v1:black_argillite_button":4,"minecraft:iron_boots":4,"sophisticatedbackpacks:backpack":2,"minecraft:stone_slab":10,"minecraft:name_tag":1,"minecraft:light_gray_concrete":2,"minecraft:spruce_fence":2,"minecraft:oak_sign":1,"minecraft:pumpkin_seeds":2,"minecraft:flint_and_steel":1,"minecraft:filled_map":2,"minecraft:big_dripleaf":1,"minecraft:potato":3,"minecraft:stone":20,"minecraft:shield":8,"minecraft:spruce_planks":2,"minecraft:diamond_pickaxe":5,"minecraft:iron_chestplate":3,"born_in_chaos_v1:spiny_shell":7,"minecraft:golden_leggings":2,"minecraft:oak_sapling":1,"minecraft:spider_eye":15,"minecraft:spruce_log":2,"minecraft:bow":1,"minecraft:stone_pickaxe":2,"minecraft:wooden_pickaxe":1,"minecraft:magma_block":1,"minecraft:magma_cream":6,"minecraft:calcite":3},"minecraft:crafted":{"minecraft:grindstone":1,"minecraft:smooth_stone":5,"minecraft:oak_planks":272,"born_in_chaos_v1:dark_charge":4,"minecraft:cooked_chicken":8,"man:cassetteplayer":1,"born_in_chaos_v1:spiny_shell_armor_chestplate":1,"minecraft:stone":20,"born_in_chaos_v1:dark_metal_ingot":4,"minecraft:cooked_mutton":13,"minecraft:dark_oak_door":6,"minecraft:bow":1,"minecraft:iron_boots":2,"minecraft:chest":2,"born_in_chaos_v1:pileof_dark_metal":2,"minecraft:smoker":1,"born_in_chaos_v1:smoked_fish":2,"minecraft:emerald":34,"minecraft:arrow":64,"sophisticatedbackpacks:backpack":2,"biomesoplenty:jacaranda_planks":12,"minecraft:cooked_porkchop":9,"minecraft:crafting_table":19,"minecraft:spruce_planks":140,"minecraft:wooden_pickaxe":1,"minecraft:birch_planks":476,"biomesoplenty:fir_planks":332,"born_in_chaos_v1:staffofthe_summoner":2,"minecraft:iron_chestplate":1,"minecraft:shield":2,"minecraft:stone_slab":6,"minecraft:birch_fence":162,"sophisticatedbackpacks:diamond_backpack":1,"minecraft:stick":1236,"minecraft:iron_ingot":69,"minecraft:iron_pickaxe":1,"minecraft:iron_block":1,"minecraft:gold_ingot":50,"born_in_chaos_v1:sharpened_dark_metal_sword":2,"minecraft:golden_carrot":5,"minecraft:wooden_sword":1,"minecraft:coal":9,"minecraft:jukebox":1,"dixtas_armory:pole":5,"born_in_chaos_v1:nightmare_mantleofthe_night_leggings":2,"born_in_chaos_v1:nightmare_mantleofthe_night_boots":2,"minecraft:furnace":2,"minecraft:blast_furnace":1,"minecraft:flint_and_steel":1,"born_in_chaos_v1:spiny_shell_armor_helmet":1,"born_in_chaos_v1:bone_handle":4,"minecraft:leather":30,"minecraft:ladder":24,"minecraft:iron_hoe":1,"minecraft:stone_pickaxe":1,"minecraft:spruce_boat":3,"minecraft:dark_oak_planks":16,"sophisticatedbackpacks:iron_backpack":2,"minecraft:wheat":180,"minecraft:cooked_beef":14,"biomesoplenty:umbran_planks":52,"minecraft:enchanting_table":1,"minecraft:iron_sword":1,"sophisticatedbackpacks:gold_backpack":2,"minecraft:bucket":1,"minecraft:stone_axe":1,"born_in_chaos_v1:scorched_planks":4,"minecraft:jungle_planks":4,"minecraft:acacia_boat":1,"minecraft:bread":52,"minecraft:air":0,"minecraft:oak_boat":1,"minecraft:golden_apple":4,"minecraft:gold_nugget":162,"dixtas_armory:iron_twinblade":1,"minecraft:oak_stairs":128,"minecraft:wooden_axe":1,"minecraft:iron_leggings":1,"minecraft:anvil":1,"minecraft:white_bed":1,"minecraft:acacia_planks":12,"minecraft:torch":104},"minecraft:killed_by":{"minecraft:pillager":1,"arphex:centipede_evictor":2,"undead_revamp2:bomber":1,"antlers:wendigomad":1,"minecraft:player":3,"undead_revamp2:thesomnolence":1,"apollyon:the_damned":1,"antlers:wendigo":5},"minecraft:custom":{"minecraft:interact_with_crafting_table":153,"minecraft:open_barrel":91,"minecraft:leave_game":27,"minecraft:time_since_death":56952,"minecraft:sprint_one_cm":1338274,"minecraft:damage_blocked_by_shield":3975,"minecraft:drop":369,"minecraft:talked_to_villager":20,"minecraft:play_time":599487,"minecraft:deaths":19,"minecraft:jump":9832,"minecraft:interact_with_brewingstand":1,"minecraft:walk_on_water_one_cm":70715,"minecraft:enchant_item":27,"minecraft:interact_with_furnace":77,"minecraft:play_record":1,"minecraft:traded_with_villager":40,"minecraft:sleep_in_bed":58,"minecraft:damage_dealt":38719,"minecraft:player_kills":3,"minecraft:crouch_one_cm":119223,"minecraft:interact_with_smoker":42,"minecraft:horse_one_cm":9650,"minecraft:interact_with_anvil":23,"minecraft:mob_kills":257,"minecraft:damage_dealt_resisted":6487,"minecraft:climb_one_cm":11570,"minecraft:walk_one_cm":1120581,"minecraft:damage_dealt_absorbed":35,"minecraft:sneak_time":35878,"minecraft:walk_under_water_one_cm":60999,"minecraft:boat_one_cm":1013546,"minecraft:interact_with_blast_furnace":43,"minecraft:total_world_time":599487,"minecraft:interact_with_grindstone":5,"minecraft:time_since_rest":2315,"minecraft:damage_absorbed":120,"minecraft:damage_taken":113082,"minecraft:swim_one_cm":198431,"minecraft:fly_one_cm":2164076,"minecraft:open_chest":197,"minecraft:fall_one_cm":261379},"minecraft:used":{"minecraft:ladder":5,"minecraft:polished_basalt":4,"minecraft:iron_sword":219,"minecraft:shield":72,"minecraft:stone":1,"minecraft:iron_chestplate":3,"born_in_chaos_v1:anluka_doors":1,"minecraft:jungle_planks":1,"minecraft:milk_bucket":1,"born_in_chaos_v1:smoked_flesh":19,"minecraft:spruce_boat":3,"minecraft:lava_bucket":3,"sasquatch:hunter_backpack":1,"born_in_chaos_v1:sharpened_dark_metal_sword":252,"born_in_chaos_v1:spiny_shell_armor_chestplate":1,"minecraft:iron_helmet":1,"dixtas_armory:iron_twinblade":110,"minecraft:golden_sword":32,"minecraft:bow":32,"minecraft:furnace":5,"born_in_chaos_v1:nightmare_mantleofthe_night_boots":1,"minecraft:oak_planks":224,"minecraft:leather_leggings":1,"minecraft:diorite":1,"born_in_chaos_v1:spiny_shell_armor_helmet":2,"minecraft:stone_pickaxe":38,"minecraft:wooden_pickaxe":9,"minecraft:golden_apple":3,"minecraft:sand":17,"minecraft:blast_furnace":4,"born_in_chaos_v1:holiday_candy":8,"biomesoplenty:jacaranda_planks":12,"minecraft:birch_fence":119,"minecraft:dark_oak_log":3,"graveyard:gravestone":1,"minecraft:gravel":3,"minecraft:bread":138,"minecraft:wooden_sword":57,"minecraft:grindstone":2,"minecraft:chain":2,"minecraft:birch_log":2,"minecraft:oak_boat":1,"minecraft:coarse_dirt":3,"minecraft:experience_bottle":1,"minecraft:dead_tube_coral_block":1,"minecraft:enchanting_table":9,"minecraft:flint_and_steel":41,"born_in_chaos_v1:ethereal_spirit":3,"minecraft:spruce_planks":36,"born_in_chaos_v1:smoked_fish":2,"minecraft:orange_bed":7,"minecraft:cooked_chicken":3,"minecraft:dirt":30,"minecraft:torch":134,"minecraft:anvil":5,"minecraft:iron_hoe":50,"minecraft:wooden_axe":7,"minecraft:iron_axe":426,"minecraft:oak_stairs":69,"born_in_chaos_v1:nightmare_mantleofthe_night_leggings":3,"minecraft:iron_boots":1,"minecraft:golden_carrot":8,"minecraft:beef":7,"minecraft:cooked_beef":7,"minecraft:iron_leggings":1,"minecraft:cooked_mutton":9,"minecraft:acacia_boat":2,"minecraft:water_bucket":21,"minecraft:birch_planks":351,"minecraft:glass_bottle":1,"born_in_chaos_v1:stimulating_decoction":1,"minecraft:crafting_table":32,"minecraft:red_bed":11,"minecraft:white_bed":22,"minecraft:dark_oak_door":1,"minecraft:smoker":2,"minecraft:diamond_pickaxe":1,"minecraft:apple":1,"minecraft:iron_pickaxe":659,"born_in_chaos_v1:staffofthe_summoner":73,"minecraft:stone_axe":64,"minecraft:purple_bed":1,"minecraft:potion":1,"minecraft:cobblestone":258,"minecraft:bucket":25,"minecraft:jukebox":1},"minecraft:killed":{"endofherobrine:silverfish":1,"minecraft:cave_spider":9,"minecraft:witch":1,"born_in_chaos_v1:restless_spirit":1,"born_in_chaos_v1:door_knight_not_despawn":1,"minecraft:spider":11,"born_in_chaos_v1:baby_skeleton_minion":5,"minecraft:skeleton":1,"undead_revamp2:deadclogger":1,"minecraft:chicken":6,"minecraft:silverfish":1,"born_in_chaos_v1:supreme_bonescaller_stage_2":2,"born_in_chaos_v1:firelight_not_despawn":4,"born_in_chaos_v1:bonescaller":1,"minecraft:pig":2,"minecraft:salmon":17,"undead_revamp2:thebeartamer":1,"arphex:centipede_evictor_larvae":1,"minecraft:sheep":4,"minecraft:pillager":7,"antlers:wendigomad":1,"minecraft:zombie":13,"born_in_chaos_v1:dread_hound":1,"born_in_chaos_v1:corpse_fly":1,"minecraft:stray":6,"endofherobrine:pigman":1,"minecraft:cow":5,"minecraft:vex":8,"undead_revamp2:thehunter":1,"born_in_chaos_v1:skeleton_thrasher_not_despawn":2,"born_in_chaos_v1:thornshell_crab":5,"born_in_chaos_v1:maggot":7,"born_in_chaos_v1:dire_hound_leader":1,"minecraft:drowned":1,"born_in_chaos_v1:bone_imp_minion":35,"undead_revamp2:the_moonflower":1,"born_in_chaos_v1:decrepit_skeleton":4,"undead_revamp2:thesomnolence":6,"born_in_chaos_v1:bonescaller_not_despawn":4,"endofherobrine:sheep":13,"born_in_chaos_v1:controlled_baby_skeleton":4,"minecraft:villager":2,"minecraft:enderman":2},"minecraft:picked_up":{"minecraft:wooden_axe":1,"minecraft:iron_chestplate":12,"minecraft:black_carpet":5,"minecraft:wheat":35,"minecraft:anvil":5,"minecraft:flower_pot":1,"minecraft:stone_slab":5,"minecraft:oak_stairs":5,"minecraft:enchanted_book":3,"minecraft:potion":6,"born_in_chaos_v1:black_argillite_wall":1,"minecraft:golden_sword":4,"born_in_chaos_v1:holiday_candy":12,"minecraft:polished_deepslate":20,"minecraft:string":122,"minecraft:dead_tube_coral_block":1,"minecraft:cooked_salmon":14,"minecraft:raw_copper":15,"born_in_chaos_v1:dark_upgrade":1,"minecraft:smooth_stone_slab":11,"minecraft:iron_leggings":14,"biomesoplenty:tall_lavender":7,"minecraft:oak_sign":2,"minecraft:cobbled_deepslate":8,"minecraft:smooth_stone":13,"born_in_chaos_v1:dark_metal_ingot":4,"minecraft:bucket":3,"minecraft:spruce_planks":7,"minecraft:calcite":3,"minecraft:iron_pickaxe":20,"minecraft:melon_slice":2,"born_in_chaos_v1:stimulating_decoction":2,"born_in_chaos_v1:smoldering_scorched_log":1,"minecraft:furnace":9,"minecraft:iron_boots":13,"minecraft:golden_helmet":3,"minecraft:tipped_arrow":9,"minecraft:stick":93,"born_in_chaos_v1:shattered_skull":6,"minecraft:jukebox":1,"minecraft:deepslate_brick_wall":3,"minecraft:big_dripleaf":1,"minecraft:torch":238,"minecraft:acacia_log":4,"born_in_chaos_v1:pileof_dark_metal":1,"minecraft:porkchop":4,"minecraft:diorite":1,"born_in_chaos_v1:black_argillite_brick_stairs":12,"dixtas_armory:iron_twinblade":4,"undead_revamp2:cloogerribs":33,"minecraft:orange_bed":7,"minecraft:rotten_flesh":83,"minecraft:polished_basalt":34,"minecraft:iron_block":8,"man:cassetteplayer":1,"minecraft:blaze_rod":4,"minecraft:deepslate_brick_stairs":12,"minecraft:obsidian":10,"undead_revamp2:arapholia":1,"minecraft:cobblestone":643,"minecraft:blaze_powder":7,"biomesoplenty:lavender":62,"minecraft:birch_log":121,"minecraft:enchanting_table":11,"born_in_chaos_v1:spiny_shell_armor_helmet":8,"minecraft:magma_block":1,"minecraft:mossy_cobblestone_slab":2,"minecraft:feather":19,"minecraft:cooked_beef":31,"minecraft:magma_cream":6,"born_in_chaos_v1:sharpened_dark_metal_sword":8,"minecraft:iron_door":2,"born_in_chaos_v1:spiritual_dust":30,"minecraft:water_bucket":7,"minecraft:jungle_log":9,"minecraft:smoker":2,"minecraft:golden_leggings":2,"biomesoplenty:fir_log":83,"minecraft:flint":1,"born_in_chaos_v1:anluka_doors":1,"born_in_chaos_v1:black_argillite_button":4,"undead_revamp2:huntereye":1,"minecraft:acacia_boat":1,"minecraft:lapis_lazuli":104,"minecraft:dirt":88,"antlers:tomahawkitem":55,"born_in_chaos_v1:staffofthe_summoner":4,"minecraft:name_tag":2,"born_in_chaos_v1:monster_skin":20,"minecraft:bone":179,"minecraft:acacia_planks":18,"minecraft:bow":4,"minecraft:wheat_seeds":29,"minecraft:deepslate_brick_slab":40,"minecraft:raw_gold":1,"minecraft:grindstone":2,"sasquatch:hunter_backpack":1,"minecraft:bamboo":13,"minecraft:oak_planks":572,"minecraft:cooked_porkchop":18,"born_in_chaos_v1:nightmare_mantleofthe_night_leggings":3,"minecraft:sand":17,"minecraft:fermented_spider_eye":2,"minecraft:stripped_spruce_log":1,"minecraft:dark_oak_log":5,"minecraft:iron_hoe":3,"minecraft:light_gray_concrete":2,"born_in_chaos_v1:fire_dust":4,"sasquatch:sleep_inducing_arrow":5,"dixtas_armory:pole":3,"minecraft:diamond":14,"minecraft:soul_lantern":1,"minecraft:writable_book":3,"minecraft:granite":31,"minecraft:golden_apple":16,"minecraft:bread":924,"minecraft:emerald":76,"born_in_chaos_v1:rotten_fish":11,"minecraft:oak_sapling":1,"minecraft:crimson_roots":10,"minecraft:charcoal":16,"minecraft:diamond_pickaxe":6,"sophisticatedbackpacks:gold_backpack":14,"minecraft:coarse_dirt":3,"minecraft:crafting_table":19,"minecraft:chicken":11,"minecraft:ladder":22,"born_in_chaos_v1:seedof_chaos":25,"minecraft:leather_leggings":4,"minecraft:wooden_pickaxe":3,"minecraft:gold_block":5,"minecraft:chain":22,"minecraft:shield":23,"minecraft:wooden_sword":3,"minecraft:red_bed":11,"minecraft:flint_and_steel":11,"minecraft:iron_axe":21,"minecraft:iron_shovel":1,"minecraft:birch_fence":3,"biomesoplenty:black_sand":1,"graveyard:gravestone":1,"minecraft:beef":48,"born_in_chaos_v1:gnawed_bones":1,"minecraft:jungle_sapling":2,"biomesoplenty:wildflower":2,"minecraft:birch_sapling":3,"minecraft:raw_iron":47,"minecraft:stone":10,"minecraft:spruce_fence":2,"minecraft:note_block":2,"sophisticatedbackpacks:backpack":2,"minecraft:fire_charge":1,"born_in_chaos_v1:dark_charge":9,"born_in_chaos_v1:pieceofdarkmetal":45,"minecraft:carrot":7,"minecraft:arrow":415,"biomesoplenty:jacaranda_log":3,"minecraft:hay_block":43,"minecraft:stripped_dark_oak_wood":1,"born_in_chaos_v1:spiny_shell":37,"minecraft:gold_ingot":100,"minecraft:mutton":31,"minecraft:skeleton_skull":1,"minecraft:white_wool":15,"born_in_chaos_v1:corpse_maggot":6,"born_in_chaos_v1:nightmare_mantleofthe_night_boots":2,"born_in_chaos_v1:monster_flesh":11,"minecraft:golden_carrot":4,"minecraft:leather":123,"minecraft:acacia_wood":6,"minecraft:birch_planks":67,"minecraft:filled_map":3,"minecraft:crimson_fungus":1,"minecraft:oak_log":95,"minecraft:golden_boots":1,"minecraft:gunpowder":2,"minecraft:white_banner":1,"minecraft:cooked_mutton":32,"minecraft:red_carpet":2,"minecraft:apple":116,"minecraft:gray_carpet":19,"minecraft:iron_ingot":272,"born_in_chaos_v1:smoked_flesh":44,"minecraft:stone_pickaxe":4,"born_in_chaos_v1:chipped_black_argillite_brick":2,"cctvcraft:raw_aluminum":3,"biomesoplenty:umbran_log":13,"minecraft:iron_sword":7,"sophisticatedbackpacks:diamond_backpack":6,"minecraft:book":222,"minecraft:dark_oak_slab":1,"sasquatch:sasquatch_detector":4,"born_in_chaos_v1:orbofthe_summoner":6,"born_in_chaos_v1:black_argillitepressureplate":1,"born_in_chaos_v1:ethereal_spirit":2,"graveyard:ossuary":1,"minecraft:gravel":4,"minecraft:lava_bucket":1,"born_in_chaos_v1:dark_rod":24,"minecraft:blast_furnace":8,"born_in_chaos_v1:fangofthe_hound_leader":1,"minecraft:white_bed":26,"minecraft:spruce_log":14,"minecraft:spider_eye":17,"minecraft:spruce_door":1,"minecraft:pumpkin_seeds":2,"minecraft:purple_bed":1,"minecraft:polished_diorite":2,"minecraft:stone_axe":3,"minecraft:iron_helmet":9,"minecraft:diamond_axe":3,"born_in_chaos_v1:spiny_shell_armor_chestplate":8,"minecraft:dark_oak_wood":3,"minecraft:smooth_quartz_slab":2,"minecraft:coal":386,"minecraft:ender_pearl":8},"minecraft:broken":{"minecraft:golden_helmet":1,"minecraft:golden_boots":1,"minecraft:leather_leggings":1,"minecraft:golden_sword":1,"minecraft:wooden_sword":1,"minecraft:iron_sword":1,"minecraft:iron_pickaxe":1}},"DataVersion":3465}