{"stats":{"minecraft:used":{"minecraft:iron_bars":1,"minecraft:chest":1,"minecraft:shield":18,"minecraft:iron_sword":225,"minecraft:torch":13,"minecraft:dirt":1,"minecraft:spruce_stairs":6,"minecraft:dark_oak_planks":5,"minecraft:wooden_axe":9,"minecraft:bricks":1,"minecraft:iron_axe":105,"minecraft:iron_helmet":2,"minecraft:stone_brick_stairs":1,"minecraft:stone_bricks":1,"minecraft:oak_sapling":1,"minecraft:furnace":2,"minecraft:mangrove_slab":2,"minecraft:iron_leggings":1,"minecraft:wheat_seeds":1,"minecraft:water_bucket":29,"epicfight:skillbook":4,"minecraft:mangrove_planks":65,"minecraft:oak_planks":74,"minecraft:stone_pickaxe":19,"minecraft:wooden_pickaxe":8,"minecraft:white_wool":6,"minecraft:crafting_table":6,"minecraft:blast_furnace":1,"minecraft:white_bed":12,"minecraft:bread":43,"minecraft:iron_pickaxe":212,"minecraft:stone_axe":128,"minecraft:wooden_sword":1,"minecraft:cobblestone":7,"minecraft:bucket":30,"minecraft:chainmail_leggings":1},"minecraft:custom":{"minecraft:interact_with_smithing_table":1,"minecraft:mob_kills":36,"minecraft:interact_with_crafting_table":18,"minecraft:open_barrel":27,"minecraft:damage_dealt_resisted":32,"minecraft:leave_game":3,"minecraft:time_since_death":661,"minecraft:climb_one_cm":12369,"minecraft:sprint_one_cm":731487,"minecraft:walk_one_cm":808861,"minecraft:damage_blocked_by_shield":915,"minecraft:drop":236,"minecraft:damage_dealt_absorbed":24,"minecraft:play_time":127358,"minecraft:deaths":26,"minecraft:sneak_time":1693,"minecraft:walk_under_water_one_cm":11013,"minecraft:boat_one_cm":30934,"minecraft:jump":2830,"minecraft:interact_with_blast_furnace":10,"minecraft:walk_on_water_one_cm":32587,"minecraft:total_world_time":127358,"minecraft:interact_with_furnace":9,"minecraft:sleep_in_bed":11,"minecraft:time_since_rest":933,"minecraft:damage_taken":8787,"minecraft:damage_dealt":18420,"minecraft:player_kills":2,"minecraft:swim_one_cm":14023,"minecraft:fly_one_cm":874876,"minecraft:open_chest":25,"minecraft:crouch_one_cm":11796,"minecraft:fall_one_cm":60935,"minecraft:interact_with_smoker":1,"minecraft:use_cauldron":1},"minecraft:broken":{"minecraft:leather_helmet":1,"minecraft:stone_axe":1},"minecraft:mined":{"minecraft:dark_oak_planks":4,"minecraft:red_nether_brick_slab":1,"minecraft:spruce_planks":1,"minecraft:white_bed":14,"minecraft:deepslate_diamond_ore":1,"minecraft:red_nether_bricks":4,"minecraft:dark_oak_fence":1,"minecraft:stone_brick_wall":1,"minecraft:grass_block":2,"minecraft:spruce_leaves":5,"minecraft:oxeye_daisy":1,"minecraft:spawner":3,"minecraft:hay_block":44,"minecraft:raw_iron_block":1,"minecraft:furnace":3,"minecraft:iron_ore":47,"minecraft:waxed_oxidized_cut_copper_slab":3,"minecraft:deepslate_lapis_ore":3,"minecraft:stripped_dark_oak_wood":1,"minecraft:gold_block":2,"minecraft:bookshelf":29,"minecraft:potatoes":1,"minecraft:deepslate_iron_ore":13,"minecraft:iron_bars":2,"minecraft:stripped_oak_log":3,"minecraft:stripped_mangrove_wood":25,"minecraft:stone":6,"minecraft:deepslate_redstone_ore":2,"minecraft:stripped_dark_oak_log":2,"minecraft:stone_brick_slab":1,"minecraft:powder_snow":4,"minecraft:crafting_table":8,"minecraft:blast_furnace":3,"minecraft:emerald_ore":1,"minecraft:calcite":36,"minecraft:chest":1,"minecraft:rose_bush":1,"minecraft:nether_brick_slab":6,"minecraft:tall_grass":6,"minecraft:cobblestone":17,"minecraft:oak_planks":14,"minecraft:bricks":1,"minecraft:diorite":2,"minecraft:spruce_stairs":6,"minecraft:black_stained_glass":4,"minecraft:dark_oak_slab":1,"minecraft:ice":1,"minecraft:red_wall_banner":1,"minecraft:stone_brick_stairs":1,"minecraft:grass":24,"minecraft:mangrove_slab":4,"minecraft:oak_log":73,"minecraft:coal_ore":63,"minecraft:dirt":1,"minecraft:cobweb":1,"minecraft:tripwire_hook":1,"minecraft:stone_bricks":1,"minecraft:oak_leaves":1,"minecraft:deepslate":5},"minecraft:crafted":{"minecraft:oak_planks":284,"minecraft:iron_boots":1,"minecraft:iron_axe":1,"minecraft:stone_pickaxe":2,"minecraft:chest":1,"minecraft:dark_oak_planks":4,"minecraft:wheat":243,"minecraft:iron_helmet":1,"minecraft:iron_sword":1,"minecraft:mangrove_planks":60,"minecraft:bucket":1,"minecraft:stone_axe":2,"minecraft:bread":89,"minecraft:air":0,"minecraft:iron_chestplate":1,"minecraft:shield":1,"minecraft:stick":28,"minecraft:iron_ingot":53,"minecraft:iron_pickaxe":1,"minecraft:wooden_axe":1,"minecraft:torch":36},"minecraft:killed_by":{"minecraft:husk":6,"minecraft:player":2,"minecraft:creeper":1,"minecraft:skeleton":1,"minecraft:zombie":2,"mowziesmobs:frostmaw":10},"minecraft:dropped":{"minecraft:bread":32,"minecraft:stripped_mangrove_wood":2,"minecraft:wheat_seeds":6,"minecraft:loom":1,"minecraft:smithing_table":1,"mowziesmobs:ice_crystal":1,"minecraft:dark_oak_slab":1,"minecraft:red_nether_brick_slab":2,"minecraft:oak_fence":2,"minecraft:cobblestone":2,"minecraft:apple":1,"minecraft:coal":4,"minecraft:mushroom_stew":3,"minecraft:flint":3,"minecraft:stick":8,"minecraft:emerald":5,"minecraft:oxeye_daisy":4,"minecraft:dirt":1,"minecraft:wooden_hoe":1,"minecraft:wooden_axe":3,"minecraft:coast_armor_trim_smithing_template":2,"minecraft:stripped_dark_oak_wood":1,"minecraft:potion":6,"minecraft:wooden_sword":2,"minecraft:amethyst_shard":3,"minecraft:chainmail_leggings":2,"minecraft:string":4,"minecraft:tripwire_hook":1,"minecraft:armor_stand":3,"minecraft:gold_ingot":16,"minecraft:stone_brick_slab":1,"minecraft:bone":6,"minecraft:stone_axe":1,"minecraft:cobbled_deepslate":1,"alexsmobs:animal_dictionary":4,"minecraft:obsidian":2,"minecraft:soul_lantern":2,"minecraft:beetroot":10,"minecraft:rotten_flesh":21,"minecraft:oak_planks":5,"sophisticatedbackpacks:backpack":1,"minecraft:damaged_anvil":2,"minecraft:chainmail_chestplate":2,"minecraft:blast_furnace":2,"minecraft:filled_map":2,"minecraft:poppy":2,"minecraft:leather_chestplate":1,"minecraft:hay_block":31,"minecraft:spruce_planks":1,"minecraft:cake":1,"minecraft:red_nether_bricks":2,"minecraft:iron_bars":1,"minecraft:wooden_pickaxe":3,"minecraft:stone_pickaxe":4,"minecraft:calcite":11},"minecraft:killed":{"minecraft:spider":2,"mowziesmobs:frostmaw":2,"alexsmobs:froststalker":2,"minecraft:skeleton":8,"minecraft:husk":10,"minecraft:iron_golem":1,"minecraft:pillager":2,"minecraft:zombie":8,"minecraft:enderman":1},"minecraft:picked_up":{"minecraft:wooden_axe":2,"minecraft:crafting_table":8,"minecraft:wooden_pickaxe":2,"minecraft:stone_brick_wall":1,"minecraft:gold_block":2,"minecraft:potion":1,"minecraft:stone_brick_stairs":1,"alexsmobs:froststalker_horn":1,"minecraft:string":2,"minecraft:wooden_sword":2,"minecraft:red_nether_bricks":3,"minecraft:armor_stand":2,"minecraft:beetroot":5,"minecraft:cobbled_deepslate":1,"minecraft:spruce_planks":1,"minecraft:calcite":20,"minecraft:poppy":2,"minecraft:chest":1,"minecraft:furnace":3,"minecraft:stick":2,"minecraft:raw_iron":60,"minecraft:stripped_mangrove_wood":15,"minecraft:oak_fence":2,"minecraft:torch":1,"minecraft:spruce_stairs":6,"sophisticatedbackpacks:backpack":1,"minecraft:cake":1,"minecraft:redstone":9,"minecraft:dark_oak_planks":1,"minecraft:arrow":4,"minecraft:rotten_flesh":31,"minecraft:hay_block":44,"mowziesmobs:ice_crystal":2,"minecraft:stripped_dark_oak_wood":1,"minecraft:iron_bars":2,"minecraft:cod":1,"minecraft:cobblestone":23,"minecraft:oxeye_daisy":4,"minecraft:stripped_oak_log":3,"minecraft:leather_chestplate":1,"minecraft:tripwire_hook":1,"minecraft:filled_map":1,"minecraft:mushroom_stew":1,"minecraft:oak_log":68,"minecraft:chainmail_chestplate":2,"minecraft:lapis_lazuli":22,"minecraft:mangrove_slab":5,"minecraft:dirt":3,"minecraft:bone":6,"minecraft:stone_bricks":1,"minecraft:wheat_seeds":7,"minecraft:iron_ingot":8,"minecraft:stone_pickaxe":2,"minecraft:mangrove_planks":31,"minecraft:oak_planks":35,"minecraft:book":90,"minecraft:dark_oak_slab":1,"minecraft:stone_brick_slab":1,"minecraft:raw_iron_block":1,"minecraft:red_banner":1,"minecraft:spruce_sapling":1,"minecraft:blast_furnace":3,"minecraft:white_bed":13,"alexsmobs:animal_dictionary":2,"minecraft:diamond":1,"minecraft:soul_lantern":2,"minecraft:chainmail_leggings":3,"minecraft:iron_helmet":1,"minecraft:emerald":1,"minecraft:red_nether_brick_slab":2,"minecraft:oak_sapling":1,"minecraft:dark_oak_fence":1,"minecraft:stripped_dark_oak_log":2,"minecraft:bricks":1,"minecraft:coal":65}},"DataVersion":3465}