{"stats":{"minecraft:crafted":{"minecraft:oak_planks":284,"minecraft:iron_boots":1,"minecraft:iron_axe":2,"minecraft:stone_pickaxe":2,"minecraft:chest":2,"minecraft:dark_oak_planks":4,"minecraft:wheat":324,"minecraft:crafting_table":1,"minecraft:spruce_planks":104,"minecraft:iron_helmet":1,"minecraft:iron_sword":2,"minecraft:mangrove_planks":60,"minecraft:bucket":1,"minecraft:stone_axe":2,"minecraft:bread":116,"minecraft:air":0,"minecraft:iron_chestplate":1,"minecraft:shield":1,"minecraft:stick":32,"minecraft:iron_ingot":53,"minecraft:iron_pickaxe":1,"minecraft:wooden_axe":1,"minecraft:torch":36},"minecraft:used":{"minecraft:iron_bars":1,"minecraft:chest":2,"minecraft:spruce_planks":94,"minecraft:shield":28,"minecraft:iron_sword":279,"minecraft:torch":13,"minecraft:dirt":1,"minecraft:spruce_stairs":6,"minecraft:dark_oak_planks":5,"minecraft:wooden_axe":9,"minecraft:bricks":1,"minecraft:iron_axe":168,"minecraft:iron_helmet":2,"minecraft:stone_brick_stairs":1,"minecraft:stone_bricks":1,"minecraft:oak_sapling":1,"minecraft:furnace":2,"minecraft:mangrove_slab":2,"minecraft:iron_leggings":1,"minecraft:wheat_seeds":1,"minecraft:water_bucket":59,"epicfight:skillbook":7,"minecraft:mangrove_planks":65,"minecraft:oak_planks":91,"minecraft:stone_pickaxe":19,"minecraft:wooden_pickaxe":8,"minecraft:white_wool":6,"minecraft:crafting_table":10,"minecraft:blast_furnace":1,"minecraft:white_bed":23,"minecraft:spruce_log":5,"minecraft:iron_pickaxe":233,"minecraft:bread":93,"minecraft:stone_axe":128,"minecraft:cobblestone":14,"minecraft:wooden_sword":1,"minecraft:bucket":60,"aquamirae:dagger_of_greed":17,"minecraft:chainmail_leggings":1},"minecraft:custom":{"minecraft:mob_kills":53,"minecraft:interact_with_crafting_table":23,"minecraft:open_barrel":160,"minecraft:damage_dealt_resisted":32,"minecraft:leave_game":8,"minecraft:time_since_death":23598,"minecraft:climb_one_cm":13239,"minecraft:sprint_one_cm":1098904,"minecraft:walk_one_cm":1186745,"minecraft:damage_blocked_by_shield":1335,"minecraft:drop":277,"minecraft:damage_dealt_absorbed":24,"minecraft:talked_to_villager":2,"minecraft:play_time":202463,"minecraft:deaths":28,"minecraft:sneak_time":4753,"minecraft:walk_under_water_one_cm":29289,"minecraft:boat_one_cm":30934,"minecraft:jump":4244,"minecraft:interact_with_blast_furnace":10,"minecraft:walk_on_water_one_cm":58178,"minecraft:total_world_time":202463,"minecraft:interact_with_furnace":9,"minecraft:sleep_in_bed":17,"minecraft:time_since_rest":2148,"minecraft:damage_taken":11265,"minecraft:damage_dealt":22193,"minecraft:player_kills":2,"minecraft:swim_one_cm":47345,"minecraft:fly_one_cm":1531464,"minecraft:open_chest":136,"minecraft:crouch_one_cm":27337,"minecraft:fall_one_cm":81022,"minecraft:interact_with_smoker":1,"minecraft:use_cauldron":1,"minecraft:interact_with_smithing_table":1},"minecraft:killed_by":{"minecraft:husk":6,"minecraft:player":2,"minecraft:creeper":1,"aquamirae:anglerfish":1,"minecraft:vindicator":1,"minecraft:skeleton":1,"minecraft:zombie":2,"mowziesmobs:frostmaw":10},"minecraft:picked_up":{"minecraft:wooden_axe":2,"sophisticatedbackpacks:gold_backpack":1,"minecraft:crafting_table":12,"minecraft:wooden_pickaxe":2,"minecraft:stone_brick_wall":1,"minecraft:enchanted_book":1,"minecraft:gold_block":2,"minecraft:potion":1,"aquamirae:oxygelium":1,"minecraft:stone_brick_stairs":1,"alexsmobs:froststalker_horn":1,"minecraft:chain":4,"aquamirae:sharp_bones":1,"minecraft:string":2,"minecraft:iron_axe":1,"minecraft:wooden_sword":2,"minecraft:red_nether_bricks":3,"minecraft:armor_stand":2,"minecraft:birch_fence":5,"minecraft:beetroot":5,"simplyswords:runic_tablet":2,"minecraft:cobbled_deepslate":1,"minecraft:spruce_planks":8,"minecraft:calcite":20,"minecraft:poppy":2,"minecraft:spruce_slab":1,"minecraft:chest":2,"minecraft:sugar_cane":11,"minecraft:furnace":3,"minecraft:raw_iron":60,"minecraft:stick":2,"minecraft:stripped_mangrove_wood":15,"minecraft:oak_fence":2,"aquamirae:shell_horn":3,"minecraft:torch":1,"minecraft:spruce_stairs":6,"sophisticatedbackpacks:backpack":1,"epicfight:skillbook":1,"minecraft:cake":1,"minecraft:redstone":9,"minecraft:dark_oak_planks":1,"minecraft:arrow":4,"minecraft:rotten_flesh":31,"minecraft:pumpkin_pie":1,"minecraft:hay_block":61,"mowziesmobs:ice_crystal":2,"minecraft:stripped_dark_oak_wood":1,"sophisticatedbackpacks:copper_backpack":1,"minecraft:iron_bars":2,"minecraft:cod":1,"minecraft:cobblestone":37,"minecraft:oxeye_daisy":4,"minecraft:stripped_oak_log":3,"minecraft:leather_chestplate":1,"minecraft:tripwire_hook":1,"minecraft:filled_map":1,"minecraft:mushroom_stew":1,"minecraft:oak_log":68,"minecraft:chainmail_chestplate":2,"minecraft:lapis_lazuli":22,"minecraft:mangrove_slab":5,"minecraft:dirt":3,"aquamirae:fin":2,"minecraft:bone":6,"minecraft:stone_bricks":1,"minecraft:wheat_seeds":7,"aquamirae:wisteria_niveis":1,"minecraft:bell":1,"minecraft:iron_ingot":8,"minecraft:oak_fence_gate":2,"minecraft:stone_pickaxe":2,"minecraft:mangrove_planks":31,"minecraft:oak_planks":35,"minecraft:book":90,"minecraft:dark_oak_slab":1,"minecraft:stone_brick_slab":1,"minecraft:raw_iron_block":1,"minecraft:red_banner":1,"minecraft:spruce_sapling":1,"minecraft:white_bed":24,"minecraft:blast_furnace":3,"minecraft:spruce_log":31,"alexsmobs:animal_dictionary":2,"aquamirae:music_disc_horizon":1,"minecraft:diamond":1,"minecraft:soul_lantern":2,"minecraft:chainmail_leggings":3,"minecraft:iron_helmet":1,"minecraft:crossbow":2,"minecraft:emerald":18,"minecraft:red_nether_brick_slab":2,"minecraft:oak_sapling":1,"minecraft:dark_oak_fence":1,"minecraft:stripped_dark_oak_log":2,"minecraft:bricks":1,"minecraft:coal":65},"minecraft:killed":{"minecraft:vindicator":9,"minecraft:spider":2,"mowziesmobs:frostmaw":2,"alexsmobs:froststalker":2,"minecraft:skeleton":8,"minecraft:husk":10,"minecraft:iron_golem":1,"minecraft:pillager":9,"minecraft:zombie":8,"aquamirae:anglerfish":1,"minecraft:enderman":1},"minecraft:dropped":{"minecraft:enchanted_book":2,"minecraft:bread":32,"minecraft:stripped_mangrove_wood":2,"minecraft:wheat_seeds":6,"minecraft:loom":1,"minecraft:smithing_table":1,"minecraft:dark_oak_slab":1,"mowziesmobs:ice_crystal":1,"minecraft:red_nether_brick_slab":2,"minecraft:oak_fence":2,"minecraft:cobblestone":9,"minecraft:apple":1,"minecraft:coal":4,"minecraft:mushroom_stew":3,"minecraft:cod":1,"minecraft:flint":3,"minecraft:stick":11,"minecraft:emerald":5,"minecraft:oxeye_daisy":4,"minecraft:dirt":1,"minecraft:birch_fence":5,"minecraft:dark_oak_fence":1,"minecraft:wooden_hoe":1,"minecraft:wooden_axe":3,"minecraft:coast_armor_trim_smithing_template":2,"minecraft:stripped_dark_oak_wood":1,"minecraft:potion":6,"minecraft:chain":4,"minecraft:wooden_sword":2,"minecraft:amethyst_shard":3,"minecraft:iron_axe":2,"minecraft:iron_pickaxe":1,"minecraft:chainmail_leggings":2,"minecraft:string":4,"minecraft:tripwire_hook":1,"aquamirae:music_disc_horizon":1,"minecraft:armor_stand":3,"minecraft:gold_ingot":16,"minecraft:spruce_sapling":1,"minecraft:stone_brick_slab":1,"minecraft:bone":6,"minecraft:stone_axe":1,"minecraft:iron_nugget":2,"minecraft:cobbled_deepslate":1,"alexsmobs:animal_dictionary":4,"minecraft:obsidian":2,"minecraft:soul_lantern":2,"minecraft:beetroot":10,"minecraft:rotten_flesh":21,"minecraft:oak_planks":5,"sophisticatedbackpacks:backpack":1,"minecraft:damaged_anvil":2,"minecraft:chainmail_chestplate":2,"minecraft:blast_furnace":2,"minecraft:filled_map":2,"minecraft:poppy":2,"minecraft:oak_fence_gate":2,"minecraft:leather_chestplate":3,"minecraft:hay_block":31,"minecraft:spruce_planks":4,"minecraft:cake":1,"minecraft:stone_brick_wall":1,"aquamirae:spinefish":1,"minecraft:spruce_slab":1,"minecraft:red_nether_bricks":2,"minecraft:iron_bars":1,"minecraft:wooden_pickaxe":3,"minecraft:stone_pickaxe":4,"minecraft:calcite":11,"aquamirae:sharp_bones":1,"epicfight:skillbook":1},"minecraft:broken":{"minecraft:leather_helmet":1,"minecraft:stone_axe":1,"minecraft:iron_sword":1},"minecraft:mined":{"minecraft:dark_oak_planks":4,"minecraft:spruce_planks":9,"minecraft:white_bed":24,"minecraft:deepslate_diamond_ore":1,"minecraft:red_nether_bricks":4,"minecraft:dark_oak_fence":1,"minecraft:stone_brick_wall":1,"minecraft:grass_block":2,"minecraft:spruce_leaves":5,"minecraft:oxeye_daisy":1,"minecraft:spawner":3,"minecraft:hay_block":62,"minecraft:raw_iron_block":1,"minecraft:furnace":3,"minecraft:iron_ore":47,"minecraft:waxed_oxidized_cut_copper_slab":3,"minecraft:deepslate_lapis_ore":3,"minecraft:stripped_dark_oak_wood":1,"minecraft:gold_block":2,"minecraft:bookshelf":29,"minecraft:potatoes":1,"minecraft:deepslate_iron_ore":13,"minecraft:iron_bars":2,"minecraft:stripped_oak_log":3,"minecraft:packed_ice":4,"minecraft:stripped_mangrove_wood":25,"minecraft:stone":22,"minecraft:spruce_slab":1,"minecraft:deepslate_redstone_ore":2,"minecraft:stripped_dark_oak_log":2,"minecraft:stone_brick_slab":1,"minecraft:powder_snow":4,"minecraft:oak_fence":1,"minecraft:crafting_table":12,"minecraft:blast_furnace":3,"minecraft:emerald_ore":1,"minecraft:calcite":36,"minecraft:chest":2,"minecraft:rose_bush":1,"minecraft:nether_brick_slab":6,"minecraft:tall_grass":6,"minecraft:cobblestone":18,"minecraft:oak_planks":14,"minecraft:bricks":1,"minecraft:diorite":2,"minecraft:spruce_stairs":6,"minecraft:chain":2,"minecraft:black_stained_glass":4,"minecraft:dark_oak_slab":1,"minecraft:ice":1,"minecraft:blue_ice":1,"aquamirae:wisteria_niveis":1,"minecraft:spruce_log":37,"minecraft:red_wall_banner":1,"minecraft:stone_brick_stairs":1,"minecraft:grass":24,"minecraft:mangrove_slab":4,"minecraft:coal_ore":63,"minecraft:oak_log":73,"minecraft:oak_fence_gate":1,"minecraft:dirt":1,"minecraft:cobweb":1,"minecraft:tripwire_hook":1,"minecraft:stone_bricks":1,"minecraft:deepslate":5,"minecraft:oak_leaves":1,"minecraft:birch_fence":2,"minecraft:red_nether_brick_slab":1}},"DataVersion":3465}