{"stats":{"minecraft:killed":{"hordes:zombie_player":5,"minecraft:zombie_horse":2,"minecraft:chicken":1,"minecraft:drowned":7,"minecraft:zombie_villager":1,"hordes:drowned_player":2,"minecraft:trader_llama":1,"minecraft:zombie":43,"alexsmobs:gazelle":1},"minecraft:used":{"minecraft:iron_sword":192,"ecologics:coconut_planks":4,"minecraft:rotten_flesh":13,"minecraft:iron_chestplate":1,"minecraft:oak_door":1,"minecraft:orange_bed":3,"minecraft:torch":90,"minecraft:iron_hoe":29,"minecraft:iron_boots":1,"marbledsarsenal:police_baton":27,"minecraft:furnace":1,"marbledsarsenal:cm6m_gas_mask":1,"minecraft:cooked_beef":4,"minecraft:acacia_planks":25,"minecraft:cobbled_deepslate":5,"minecraft:golden_axe":32,"projectvibrantjourneys:rocks":1,"minecraft:acacia_boat":1,"minecraft:leather_leggings":1,"minecraft:stone_pickaxe":83,"minecraft:oak_planks":7,"minecraft:birch_boat":1,"minecraft:glow_berries":26,"minecraft:crafting_table":7,"minecraft:red_bed":3,"minecraft:flower_pot":1,"minecraft:chicken":2,"minecraft:bread":41,"minecraft:iron_pickaxe":150,"minecraft:suspicious_stew":1,"minecraft:leather_helmet":4,"ecologics:coconut_slice":1,"minecraft:wooden_sword":62,"minecraft:cobblestone":29,"minecraft:oak_boat":1,"minecraft:golden_pickaxe":1},"minecraft:custom":{"minecraft:mob_kills":67,"minecraft:interact_with_crafting_table":14,"minecraft:open_barrel":3,"minecraft:damage_dealt_resisted":111,"minecraft:leave_game":1,"minecraft:time_since_death":11375,"minecraft:climb_one_cm":2434,"minecraft:sprint_one_cm":265938,"minecraft:walk_one_cm":229520,"minecraft:drop":62,"minecraft:damage_dealt_absorbed":54,"minecraft:talked_to_villager":7,"minecraft:play_time":125230,"minecraft:deaths":3,"minecraft:sneak_time":9604,"minecraft:walk_under_water_one_cm":35153,"minecraft:boat_one_cm":613723,"minecraft:jump":1974,"minecraft:walk_on_water_one_cm":24795,"minecraft:total_world_time":125230,"minecraft:interact_with_furnace":21,"minecraft:sleep_in_bed":5,"minecraft:time_since_rest":11402,"minecraft:damage_taken":2370,"minecraft:damage_dealt":11972,"minecraft:fly_one_cm":353371,"minecraft:swim_one_cm":43605,"minecraft:open_chest":5,"minecraft:crouch_one_cm":25258,"minecraft:fall_one_cm":47137},"minecraft:crafted":{"minecraft:wooden_sword":2,"minecraft:oak_planks":8,"ecologics:coconut_planks":12,"minecraft:iron_hoe":1,"minecraft:wheat":207,"minecraft:cooked_beef":4,"minecraft:golden_axe":1,"minecraft:crafting_table":5,"minecraft:mangrove_planks":36,"minecraft:birch_planks":28,"minecraft:bread":69,"minecraft:acacia_boat":1,"minecraft:air":0,"minecraft:oak_boat":1,"minecraft:iron_chestplate":1,"minecraft:stick":80,"minecraft:iron_ingot":22,"minecraft:iron_pickaxe":1,"minecraft:gold_ingot":9,"minecraft:acacia_planks":40,"minecraft:torch":240},"minecraft:broken":{"minecraft:golden_axe":1,"minecraft:iron_pickaxe":1},"minecraft:picked_up":{"minecraft:iron_chestplate":1,"minecraft:crafting_table":3,"minecraft:wheat":21,"minecraft:chicken":2,"minecraft:flower_pot":1,"minecraft:suspicious_stew":1,"minecraft:leather_leggings":2,"minecraft:brown_mushroom":1,"minecraft:lead":4,"minecraft:oak_stairs":2,"minecraft:gold_block":1,"minecraft:red_bed":4,"minecraft:string":9,"minecraft:cobbled_deepslate":5,"minecraft:beef":4,"minecraft:oak_boat":2,"minecraft:iron_pickaxe":3,"minecraft:sugar_cane":15,"minecraft:birch_sapling":1,"pointblank:workstation":2,"minecraft:mangrove_log":9,"minecraft:iron_boots":2,"minecraft:furnace":3,"minecraft:stick":3,"minecraft:raw_iron":94,"marbledsarsenal:police_baton":2,"minecraft:oak_door":1,"ecologics:coconut_slice":3,"minecraft:copper_ingot":13,"minecraft:torch":170,"minecraft:acacia_log":7,"pointblank:gunmetal_nugget":51,"minecraft:golden_axe":1,"minecraft:pointed_dripstone":3,"minecraft:carrot":6,"minecraft:redstone":68,"pointblank:ammo45acp":53,"pointblank:m1911a1":2,"minecraft:orange_bed":3,"minecraft:rotten_flesh":67,"ecologics:coconut_log":3,"k_turrets:raw_titanium":3,"minecraft:hay_block":39,"farmersdelight:rope":18,"minecraft:mangrove_roots":4,"minecraft:white_terracotta":1,"minecraft:mutton":1,"minecraft:cobblestone":30,"minecraft:birch_log":12,"minecraft:feather":1,"projectvibrantjourneys:fallen_leaves":1,"minecraft:leather":1,"minecraft:acacia_wood":3,"minecraft:filled_map":2,"minecraft:tuff":4,"create:raw_zinc":1,"minecraft:oak_log":2,"minecraft:lily_pad":1,"projectvibrantjourneys:rocks":2,"minecraft:gunpowder":16,"projectvibrantjourneys:sea_oats":1,"marbledsarsenal:cm6m_gas_mask":2,"minecraft:lapis_lazuli":106,"minecraft:leather_boots":1,"minecraft:bone":9,"minecraft:acacia_planks":20,"minecraft:wheat_seeds":3,"minecraft:raw_gold":14,"minecraft:iron_ingot":4,"minecraft:stone_pickaxe":2,"minecraft:iron_sword":2,"minecraft:oak_planks":7,"minecraft:birch_boat":1,"minecraft:spider_eye":3,"alexsmobs:animal_dictionary":1,"minecraft:leather_helmet":2,"minecraft:iron_hoe":1,"minecraft:diamond":2,"minecraft:bread":10,"minecraft:emerald":14,"minecraft:oak_sapling":2,"minecraft:brown_banner":1,"minecraft:coal":290,"minecraft:ender_pearl":1},"minecraft:mined":{"create:deepslate_zinc_ore":1,"minecraft:tuff":4,"minecraft:deepslate_diamond_ore":2,"minecraft:mangrove_roots":2,"projectvibrantjourneys:rocks":1,"minecraft:glow_lichen":1,"minecraft:acacia_log":7,"minecraft:grass_block":1,"ecologics:coconut_log":3,"minecraft:large_fern":1,"minecraft:hay_block":23,"minecraft:furnace":2,"minecraft:carrots":2,"minecraft:iron_ore":46,"minecraft:acacia_wood":3,"minecraft:deepslate_lapis_ore":8,"minecraft:gold_block":1,"minecraft:pointed_dripstone":1,"minecraft:cave_vines":4,"minecraft:oak_stairs":1,"minecraft:stone":24,"minecraft:orange_bed":4,"minecraft:deepslate_redstone_ore":9,"minecraft:glass_pane":1,"minecraft:potted_brown_mushroom":1,"projectvibrantjourneys:sea_oats":1,"minecraft:red_bed":3,"minecraft:crafting_table":2,"minecraft:torch":2,"minecraft:tall_grass":1,"minecraft:cobblestone":9,"minecraft:oak_planks":5,"minecraft:wall_torch":1,"minecraft:white_terracotta":1,"minecraft:birch_log":7,"minecraft:wheat":2,"minecraft:birch_leaves":14,"k_turrets:titanium_ore":3,"minecraft:coal_ore":114,"minecraft:oak_log":4,"projectvibrantjourneys:short_grass":5,"pointblank:workstation":1,"minecraft:mangrove_log":10,"minecraft:oak_leaves":32,"minecraft:deepslate":5,"minecraft:fern":2},"minecraft:killed_by":{"hordes:zombie_player":1,"minecraft:drowned":1,"alexsmobs:crocodile":1},"minecraft:dropped":{"minecraft:iron_ingot":7,"minecraft:bread":1,"minecraft:iron_sword":1,"minecraft:brown_mushroom":1,"minecraft:wheat_seeds":3,"minecraft:golden_pickaxe":1,"marbledsarsenal:police_baton":2,"minecraft:feather":1,"minecraft:golden_axe":1,"minecraft:cobblestone":1,"minecraft:leather":1,"minecraft:copper_ingot":12,"minecraft:brown_banner":1,"projectvibrantjourneys:rocks":1,"minecraft:stick":9,"minecraft:torch":4,"minecraft:mutton":1,"projectvibrantjourneys:fallen_leaves":1,"minecraft:oak_stairs":2,"minecraft:wooden_sword":1,"minecraft:string":1,"minecraft:lily_pad":1,"create:raw_zinc":1,"minecraft:gold_ingot":6,"minecraft:bone":7,"marbledsarsenal:cm6m_gas_mask":2,"minecraft:furnace":1,"minecraft:sugar_cane":15,"minecraft:mangrove_roots":4,"alexsmobs:animal_dictionary":1,"minecraft:bowl":1,"minecraft:tuff":4,"minecraft:wheat":21,"minecraft:birch_sapling":1,"minecraft:pointed_dripstone":3,"minecraft:rotten_flesh":47,"minecraft:oak_planks":1,"minecraft:white_terracotta":1,"minecraft:leather_boots":1,"minecraft:oak_sapling":2,"k_turrets:raw_titanium":3,"minecraft:spider_eye":3,"minecraft:stone_pickaxe":1,"minecraft:raw_gold":17}},"DataVersion":3465}