{"stats":{"minecraft:mined":{"create:deepslate_zinc_ore":1,"minecraft:white_bed":2,"minecraft:cherry_log":14,"minecraft:acacia_log":7,"minecraft:grass_block":2,"minecraft:red_stained_glass_pane":1,"minecraft:chiseled_stone_bricks":1,"minecraft:iron_ore":46,"minecraft:fire":1,"projectvibrantjourneys:bark_mushroom":1,"minecraft:deepslate_lapis_ore":8,"minecraft:pointed_dripstone":1,"minecraft:cave_vines":4,"minecraft:oak_stairs":2,"minecraft:orange_bed":4,"minecraft:deepslate_redstone_ore":9,"minecraft:potted_brown_mushroom":1,"projectvibrantjourneys:sea_oats":1,"minecraft:red_bed":9,"minecraft:powder_snow":5,"minecraft:torch":2,"minecraft:cobblestone":9,"minecraft:oak_planks":5,"minecraft:wall_torch":2,"minecraft:white_terracotta":1,"projectvibrantjourneys:light_brown_bark_mushroom":1,"minecraft:birch_log":7,"minecraft:wheat":2,"minecraft:stone_brick_stairs":1,"minecraft:grass":4,"minecraft:oak_log":7,"projectvibrantjourneys:short_grass":10,"minecraft:dirt":3,"minecraft:mangrove_log":10,"minecraft:oak_leaves":39,"minecraft:deepslate":5,"minecraft:tuff":4,"ecologics:coconut_planks":3,"minecraft:deepslate_diamond_ore":2,"minecraft:dark_oak_log":2,"minecraft:mangrove_roots":2,"projectvibrantjourneys:rocks":1,"minecraft:glow_lichen":1,"minecraft:ladder":1,"ecologics:coconut_log":61,"minecraft:spruce_leaves":3,"minecraft:large_fern":2,"minecraft:hay_block":45,"minecraft:carrots":2,"minecraft:furnace":2,"minecraft:acacia_wood":3,"minecraft:gold_block":1,"minecraft:bell":1,"minecraft:vine":3,"projectvibrantjourneys:seashells":1,"minecraft:stone":24,"minecraft:glass_pane":1,"minecraft:cherry_planks":1,"minecraft:hanging_roots":1,"minecraft:infested_stone_bricks":1,"minecraft:crafting_table":4,"minecraft:tall_grass":5,"minecraft:birch_leaves":14,"minecraft:yellow_bed":1,"k_turrets:titanium_ore":3,"projectvibrantjourneys:sandy_sprouts":1,"minecraft:coal_ore":114,"pointblank:workstation":2,"minecraft:cobweb":3,"minecraft:fern":2},"minecraft:dropped":{"minecraft:iron_sword":2,"minecraft:brown_mushroom":1,"minecraft:golden_pickaxe":1,"minecraft:leather":1,"minecraft:brown_banner":1,"projectvibrantjourneys:orange_bark_mushroom":1,"minecraft:leather_helmet":1,"minecraft:red_mushroom":1,"minecraft:mutton":1,"projectvibrantjourneys:fallen_leaves":1,"minecraft:wooden_sword":3,"pointblank:m1911a1":1,"minecraft:gold_ingot":23,"minecraft:bone":10,"minecraft:sugar_cane":15,"minecraft:mangrove_roots":4,"alexsmobs:animal_dictionary":1,"minecraft:birch_sapling":1,"minecraft:wheat":21,"minecraft:pointed_dripstone":3,"minecraft:rotten_flesh":55,"minecraft:oak_planks":1,"projectvibrantjourneys:sea_oats":1,"minecraft:chiseled_stone_bricks":1,"projectvibrantjourneys:light_brown_bark_mushroom":4,"minecraft:leather_boots":1,"ecologics:coconut_husk":15,"minecraft:ladder":1,"k_turrets:raw_titanium":3,"minecraft:leather_leggings":1,"minecraft:painting":1,"minecraft:stone_brick_stairs":1,"minecraft:bread":1,"minecraft:iron_ingot":9,"minecraft:wheat_seeds":3,"marbledsarsenal:police_baton":2,"minecraft:golden_axe":1,"minecraft:feather":1,"minecraft:cobblestone":1,"minecraft:copper_ingot":12,"projectvibrantjourneys:rocks":1,"minecraft:stick":9,"minecraft:torch":4,"minecraft:cherry_planks":5,"minecraft:oak_stairs":2,"minecraft:string":8,"minecraft:lily_pad":2,"minecraft:acacia_planks":4,"create:raw_zinc":1,"marbledsarsenal:cm6m_gas_mask":2,"minecraft:furnace":1,"minecraft:moss_carpet":7,"ecologics:coconut_planks":8,"minecraft:bowl":1,"minecraft:tuff":4,"minecraft:white_terracotta":1,"minecraft:filled_map":1,"minecraft:shield":2,"minecraft:iron_chestplate":2,"minecraft:oak_sapling":2,"minecraft:spider_eye":3,"minecraft:stone_pickaxe":1,"minecraft:raw_gold":17},"minecraft:picked_up":{"minecraft:iron_chestplate":4,"minecraft:wheat":21,"minecraft:flower_pot":1,"minecraft:suspicious_stew":1,"minecraft:lead":6,"minecraft:oak_stairs":3,"minecraft:enchanted_book":8,"minecraft:stone_brick_stairs":1,"minecraft:string":25,"minecraft:raw_copper":21,"minecraft:iron_leggings":1,"minecraft:gold_nugget":18,"minecraft:cobbled_deepslate":32,"minecraft:iron_pickaxe":8,"pointblank:workstation":7,"minecraft:mangrove_log":9,"minecraft:iron_boots":8,"minecraft:furnace":5,"pointblank:gunmetal_ingot":6,"minecraft:stick":51,"marbledsarsenal:police_baton":3,"minecraft:torch":505,"minecraft:acacia_log":7,"minecraft:porkchop":16,"minecraft:golden_axe":1,"minecraft:cherry_log":14,"minecraft:pointed_dripstone":3,"pointblank:ammo45acp":66,"pointblank:m1911a1":3,"minecraft:orange_bed":4,"minecraft:rotten_flesh":88,"ecologics:coconut_log":60,"minecraft:bookshelf":2,"farmersdelight:rope":54,"projectvibrantjourneys:cattail":1,"minecraft:mangrove_roots":4,"minecraft:white_terracotta":1,"minecraft:cobblestone":54,"minecraft:birch_log":12,"minecraft:feather":1,"minecraft:cherry_planks":34,"projectvibrantjourneys:fallen_leaves":1,"ecologics:coconut_planks":93,"minecraft:potato":1,"minecraft:tuff":4,"create:raw_zinc":3,"max_armory:diamond_katana":4,"projectvibrantjourneys:rocks":2,"minecraft:lapis_lazuli":318,"minecraft:dirt":3,"minecraft:leather_boots":1,"minecraft:bone":13,"minecraft:acacia_planks":24,"minecraft:wheat_seeds":6,"minecraft:raw_gold":42,"minecraft:bell":1,"minecraft:oak_planks":7,"ecologics:coconut_husk":5,"alexsmobs:animal_dictionary":1,"minecraft:dark_oak_log":2,"minecraft:iron_hoe":6,"minecraft:diamond":8,"minecraft:crossbow":4,"minecraft:golden_apple":1,"minecraft:bread":143,"minecraft:emerald":49,"minecraft:oak_sapling":2,"minecraft:diamond_pickaxe":1,"minecraft:crafting_table":5,"minecraft:chicken":2,"minecraft:ladder":1,"minecraft:leather_leggings":4,"minecraft:brown_mushroom":1,"minecraft:gold_block":2,"minecraft:shield":5,"minecraft:iron_axe":5,"minecraft:red_bed":12,"minecraft:moss_carpet":7,"minecraft:wooden_sword":3,"minecraft:beef":4,"minecraft:oak_boat":3,"minecraft:lectern":1,"minecraft:sugar_cane":15,"minecraft:birch_sapling":1,"minecraft:phantom_membrane":1,"minecraft:raw_iron":135,"minecraft:oak_door":1,"ecologics:coconut_slice":15,"minecraft:copper_ingot":65,"projectvibrantjourneys:bark_mushroom":1,"pointblank:gunmetal_nugget":386,"minecraft:carrot":13,"minecraft:redstone":236,"minecraft:arrow":53,"k_turrets:raw_titanium":3,"minecraft:hay_block":61,"minecraft:gold_ingot":91,"minecraft:mutton":11,"minecraft:white_wool":5,"minecraft:golden_carrot":2,"minecraft:leather":5,"minecraft:acacia_wood":3,"minecraft:red_mushroom":1,"minecraft:filled_map":3,"minecraft:birch_planks":24,"minecraft:lily_pad":2,"minecraft:oak_log":8,"minecraft:yellow_bed":2,"minecraft:gunpowder":32,"projectvibrantjourneys:sea_oats":2,"marbledsarsenal:cm6m_gas_mask":3,"minecraft:apple":31,"minecraft:stone_bricks":2,"minecraft:iron_ingot":29,"minecraft:stone_pickaxe":2,"minecraft:iron_sword":2,"minecraft:book":28,"projectvibrantjourneys:light_brown_bark_mushroom":4,"minecraft:birch_boat":1,"minecraft:chiseled_stone_bricks":1,"minecraft:lava_bucket":4,"minecraft:white_bed":4,"minecraft:spider_eye":3,"minecraft:leather_helmet":4,"minecraft:painting":1,"projectvibrantjourneys:orange_bark_mushroom":2,"minecraft:brown_banner":1,"minecraft:coal":602,"minecraft:ender_pearl":4},"minecraft:used":{"minecraft:chest":3,"minecraft:shield":15,"minecraft:iron_sword":192,"minecraft:bell":1,"ecologics:coconut_planks":89,"minecraft:rotten_flesh":13,"minecraft:iron_chestplate":2,"minecraft:carrot":1,"minecraft:lava_bucket":4,"marbledsarsenal:police_baton":34,"minecraft:stone_bricks":1,"minecraft:furnace":1,"marbledsarsenal:cm6m_gas_mask":1,"projectvibrantjourneys:rocks":1,"minecraft:leather_leggings":1,"minecraft:stone_pickaxe":83,"minecraft:oak_planks":7,"minecraft:ender_pearl":1,"minecraft:glow_berries":26,"minecraft:bread":66,"ecologics:coconut_slice":13,"minecraft:wooden_sword":161,"minecraft:oak_boat":2,"minecraft:golden_pickaxe":1,"minecraft:netherite_sword":16,"minecraft:oak_door":1,"minecraft:orange_bed":3,"minecraft:torch":104,"minecraft:iron_hoe":58,"minecraft:wooden_axe":43,"minecraft:iron_axe":48,"minecraft:iron_boots":3,"minecraft:golden_carrot":6,"ecologics:coconut_boat":1,"minecraft:cooked_beef":4,"minecraft:acacia_planks":25,"minecraft:cobbled_deepslate":5,"minecraft:golden_axe":32,"minecraft:iron_leggings":1,"minecraft:cooked_mutton":1,"minecraft:acacia_boat":1,"minecraft:birch_planks":10,"minecraft:birch_boat":1,"minecraft:cherry_planks":35,"minecraft:crafting_table":17,"minecraft:red_bed":10,"minecraft:white_bed":2,"minecraft:flower_pot":1,"minecraft:chicken":2,"minecraft:suspicious_stew":1,"minecraft:iron_pickaxe":159,"minecraft:leather_helmet":5,"minecraft:cobblestone":29,"max_armory:diamond_katana":56,"minecraft:bucket":5,"minecraft:yellow_bed":1},"minecraft:broken":{"minecraft:leather_leggings":1,"minecraft:wooden_axe":1,"minecraft:leather_helmet":1,"minecraft:golden_axe":1,"minecraft:iron_pickaxe":1},"minecraft:custom":{"minecraft:interact_with_crafting_table":43,"minecraft:open_barrel":3,"minecraft:bell_ring":26,"minecraft:eat_cake_slice":5,"minecraft:leave_game":3,"minecraft:time_since_death":5499,"minecraft:sprint_one_cm":627475,"minecraft:damage_blocked_by_shield":1329,"minecraft:drop":104,"minecraft:talked_to_villager":16,"minecraft:play_time":234124,"minecraft:deaths":18,"minecraft:jump":4784,"minecraft:walk_on_water_one_cm":43967,"minecraft:interact_with_furnace":21,"minecraft:sleep_in_bed":14,"minecraft:damage_dealt":20580,"minecraft:crouch_one_cm":49291,"minecraft:inspect_dispenser":2,"minecraft:inspect_dropper":2,"minecraft:interact_with_anvil":2,"minecraft:mob_kills":112,"minecraft:damage_dealt_resisted":266,"minecraft:climb_one_cm":10083,"minecraft:walk_one_cm":418195,"minecraft:damage_dealt_absorbed":54,"minecraft:sneak_time":18257,"minecraft:walk_under_water_one_cm":44080,"minecraft:boat_one_cm":850524,"minecraft:total_world_time":234124,"minecraft:time_since_rest":5530,"minecraft:damage_taken":7905,"minecraft:swim_one_cm":81863,"minecraft:fly_one_cm":1019147,"minecraft:open_chest":78,"minecraft:fall_one_cm":133067},"minecraft:killed_by":{"mutantmonsters:mutant_zombie":2,"minecraft:pillager":5,"minecraft:drowned":1,"hordes:drowned_player":1,"alexsmobs:crocodile":1,"minecraft:zombie":3,"hordes:zombie_player":4,"alexsmobs:gelada_monkey":1},"minecraft:crafted":{"minecraft:oak_planks":8,"minecraft:chest":3,"minecraft:golden_axe":1,"minecraft:crafting_table":13,"minecraft:gold_block":1,"minecraft:birch_planks":28,"max_armory:diamond_katana":1,"minecraft:iron_chestplate":2,"minecraft:shield":2,"minecraft:stick":92,"minecraft:iron_ingot":22,"minecraft:iron_pickaxe":1,"minecraft:gold_ingot":25,"minecraft:golden_carrot":6,"minecraft:cherry_planks":56,"minecraft:wooden_sword":4,"ecologics:coconut_planks":240,"minecraft:iron_axe":1,"minecraft:iron_hoe":1,"minecraft:dark_oak_planks":4,"ecologics:coconut_boat":1,"minecraft:wheat":207,"minecraft:cooked_beef":4,"max_armory:handle":1,"pointblank:gunmetal_ingot":2,"minecraft:iron_sword":1,"minecraft:mangrove_planks":36,"minecraft:bucket":1,"minecraft:acacia_boat":1,"minecraft:bread":69,"minecraft:air":0,"minecraft:oak_boat":1,"minecraft:gold_nugget":117,"minecraft:wooden_axe":1,"minecraft:acacia_planks":40,"minecraft:torch":240},"minecraft:killed":{"minecraft:zombie_horse":2,"minecraft:chicken":1,"ecologics:coconut_crab":2,"minecraft:pig":2,"minecraft:zombie_villager":2,"hordes:drowned_player":11,"minecraft:sheep":6,"minecraft:trader_llama":1,"minecraft:zombie":56,"hordes:zombie_player":15,"minecraft:drowned":8,"alexsmobs:gelada_monkey":1,"alexsmobs:gazelle":1}},"DataVersion":3465}