{"stats":{"minecraft:crafted":{"minecraft:smooth_stone":5,"minecraft:oak_planks":8,"minecraft:cooked_chicken":21,"minecraft:stone":13,"minecraft:cooked_mutton":12,"minecraft:chest":4,"minecraft:golden_axe":1,"pointblank:ammo45acp":100,"minecraft:emerald":133,"minecraft:cooked_porkchop":4,"minecraft:crafting_table":14,"minecraft:smithing_table":1,"minecraft:copper_ingot":11,"minecraft:gold_block":1,"minecraft:birch_planks":28,"max_armory:diamond_katana":1,"minecraft:iron_chestplate":2,"minecraft:shield":2,"minecraft:stick":3938,"minecraft:iron_pickaxe":4,"minecraft:iron_ingot":131,"minecraft:iron_block":1,"minecraft:gold_ingot":53,"pointblank:ammo357":310,"minecraft:golden_carrot":6,"minecraft:cherry_planks":1956,"minecraft:wooden_sword":4,"minecraft:iron_nugget":9,"ecologics:coconut_planks":360,"minecraft:furnace":3,"pointblank:rhino":2,"minecraft:iron_axe":5,"minecraft:iron_hoe":1,"minecraft:stone_pickaxe":12,"minecraft:dark_oak_planks":4,"ecologics:coconut_boat":1,"minecraft:wheat":405,"minecraft:cooked_beef":13,"max_armory:handle":1,"pointblank:gunmetal_ingot":2,"minecraft:iron_sword":1,"tacz:gun_smith_table":1,"minecraft:mangrove_planks":36,"minecraft:bucket":6,"minecraft:acacia_boat":1,"minecraft:bread":133,"minecraft:air":0,"minecraft:oak_boat":1,"minecraft:golden_apple":4,"minecraft:gold_nugget":117,"minecraft:flint":30,"minecraft:wooden_axe":1,"minecraft:acacia_planks":40,"minecraft:torch":400},"minecraft:used":{"minecraft:chest":4,"minecraft:shield":23,"minecraft:stone":8,"minecraft:iron_sword":192,"minecraft:bell":1,"ecologics:coconut_planks":89,"minecraft:rotten_flesh":13,"minecraft:iron_chestplate":2,"minecraft:mutton":2,"minecraft:carrot":1,"minecraft:lava_bucket":20,"marbledsarsenal:police_baton":34,"minecraft:stone_bricks":1,"pointblank:workstation":10,"minecraft:furnace":7,"marbledsarsenal:cm6m_gas_mask":1,"minecraft:egg":1,"projectvibrantjourneys:rocks":1,"minecraft:leather_leggings":2,"minecraft:oak_planks":10,"minecraft:stone_pickaxe":83,"minecraft:ender_pearl":1,"minecraft:cookie":6,"minecraft:golden_apple":3,"minecraft:white_wool":1,"minecraft:glow_berries":26,"minecraft:crossbow":1,"minecraft:bread":140,"minecraft:lectern":1,"minecraft:gravel":6,"ecologics:coconut_slice":13,"minecraft:wooden_sword":161,"minecraft:smithing_table":2,"minecraft:oak_boat":2,"minecraft:golden_pickaxe":1,"minecraft:netherite_sword":16,"tacz:gun_smith_table":2,"minecraft:oak_door":1,"minecraft:orange_bed":3,"minecraft:torch":294,"create:ochrum":1,"minecraft:iron_hoe":71,"minecraft:wooden_axe":43,"minecraft:iron_axe":739,"minecraft:iron_boots":4,"minecraft:golden_carrot":6,"ecologics:coconut_boat":1,"minecraft:cooked_beef":8,"minecraft:cobbled_deepslate":5,"minecraft:acacia_planks":25,"minecraft:golden_axe":32,"minecraft:iron_leggings":1,"minecraft:cooked_mutton":3,"minecraft:acacia_boat":1,"minecraft:birch_planks":10,"minecraft:baked_potato":1,"minecraft:birch_boat":1,"minecraft:cherry_planks":132,"minecraft:cracked_stone_bricks":1,"farmersdelight:onion":1,"minecraft:red_bed":10,"minecraft:crafting_table":18,"minecraft:red_mushroom":1,"minecraft:white_bed":2,"minecraft:flower_pot":1,"minecraft:chicken":2,"minecraft:iron_pickaxe":840,"minecraft:suspicious_stew":1,"minecraft:leather_helmet":5,"minecraft:cobblestone":113,"minecraft:cooked_porkchop":4,"max_armory:diamond_katana":209,"minecraft:bucket":24,"minecraft:yellow_bed":1},"minecraft:broken":{"minecraft:leather_leggings":1,"minecraft:wooden_axe":1,"minecraft:leather_helmet":1,"minecraft:golden_axe":1,"minecraft:iron_axe":2,"minecraft:iron_pickaxe":4},"minecraft:killed":{"minecraft:zombie_horse":2,"minecraft:chicken":1,"ecologics:coconut_crab":2,"minecraft:pig":2,"minecraft:zombie_villager":3,"minecraft:iron_golem":2,"hordes:drowned_player":11,"minecraft:sheep":8,"minecraft:trader_llama":1,"minecraft:zombie":96,"alexsmobs:fly":1,"minecraft:cow":3,"hordes:zombie_player":21,"alexsmobs:tiger":2,"minecraft:drowned":9,"alexsmobs:gelada_monkey":1,"alexsmobs:gazelle":1,"minecraft:villager":1},"minecraft:mined":{"create:deepslate_zinc_ore":5,"minecraft:spruce_planks":3,"minecraft:white_bed":2,"minecraft:cherry_log":541,"minecraft:cobblestone_stairs":2,"minecraft:spruce_trapdoor":3,"minecraft:acacia_log":7,"minecraft:grass_block":2,"minecraft:stone_brick_wall":4,"tacz:gun_smith_table":1,"minecraft:chiseled_stone_bricks":1,"minecraft:red_stained_glass_pane":1,"minecraft:iron_ore":96,"minecraft:fire":5,"projectvibrantjourneys:bark_mushroom":1,"minecraft:deepslate_lapis_ore":8,"minecraft:pointed_dripstone":1,"minecraft:cave_vines":4,"minecraft:oak_stairs":2,"minecraft:iron_bars":3,"minecraft:spruce_slab":10,"minecraft:orange_bed":4,"minecraft:deepslate_redstone_ore":9,"minecraft:potted_brown_mushroom":1,"projectvibrantjourneys:sea_oats":1,"minecraft:red_bed":9,"minecraft:powder_snow":5,"minecraft:torch":5,"minecraft:cobblestone":34,"minecraft:oak_planks":10,"minecraft:wall_torch":4,"minecraft:pink_petals":6,"minecraft:white_terracotta":1,"projectvibrantjourneys:light_brown_bark_mushroom":2,"minecraft:mossy_stone_brick_wall":4,"minecraft:birch_log":12,"minecraft:wheat":2,"minecraft:stone_brick_stairs":5,"minecraft:grass":17,"minecraft:oak_log":8,"projectvibrantjourneys:short_grass":19,"minecraft:dirt":11,"minecraft:mangrove_log":10,"minecraft:smooth_basalt":1,"minecraft:red_mushroom_block":1,"minecraft:oak_leaves":54,"minecraft:deepslate":12,"minecraft:tuff":11,"ecologics:coconut_planks":5,"minecraft:mossy_cobblestone":1,"minecraft:deepslate_diamond_ore":3,"minecraft:dark_oak_log":2,"minecraft:mangrove_roots":2,"projectvibrantjourneys:rocks":2,"psg:sulphur_ore":4,"minecraft:glow_lichen":1,"minecraft:ladder":1,"minecraft:spruce_fence":9,"create:ochrum":5,"ecologics:coconut_log":91,"minecraft:spruce_leaves":3,"minecraft:large_fern":2,"minecraft:hay_block":45,"minecraft:carrots":2,"minecraft:furnace":4,"minecraft:acacia_wood":3,"minecraft:gold_block":1,"minecraft:bell":1,"minecraft:mossy_stone_brick_stairs":3,"minecraft:deepslate_iron_ore":21,"minecraft:vine":5,"projectvibrantjourneys:seashells":1,"minecraft:stone":311,"minecraft:smithing_table":1,"minecraft:scaffolding":2,"minecraft:glass_pane":2,"minecraft:cherry_planks":19,"minecraft:hanging_roots":1,"minecraft:infested_stone_bricks":1,"minecraft:crafting_table":5,"minecraft:lectern":1,"minecraft:andesite_wall":11,"minecraft:stone_slab":1,"minecraft:tall_grass":10,"minecraft:deepslate_coal_ore":4,"minecraft:deepslate_gold_ore":5,"minecraft:coarse_dirt":1,"minecraft:cobblestone_wall":4,"minecraft:birch_leaves":19,"minecraft:yellow_bed":1,"k_turrets:titanium_ore":3,"projectvibrantjourneys:sandy_sprouts":1,"minecraft:coal_ore":232,"minecraft:cherry_leaves":3,"pointblank:workstation":10,"minecraft:gravel":25,"minecraft:cobweb":6,"minecraft:cracked_stone_bricks":10,"minecraft:stone_bricks":47,"minecraft:mossy_stone_bricks":8,"minecraft:fern":2},"minecraft:dropped":{"minecraft:iron_sword":2,"minecraft:brown_mushroom":1,"minecraft:oak_log":1,"minecraft:golden_pickaxe":1,"minecraft:crafting_table":2,"minecraft:cookie":5,"minecraft:lantern":1,"minecraft:leather":2,"minecraft:mossy_stone_brick_stairs":4,"minecraft:cracked_stone_bricks":8,"minecraft:brown_banner":1,"projectvibrantjourneys:orange_bark_mushroom":15,"minecraft:leather_helmet":1,"minecraft:red_mushroom":2,"minecraft:cobblestone_stairs":2,"minecraft:dirt":7,"minecraft:red_bed":1,"minecraft:mutton":1,"projectvibrantjourneys:fallen_leaves":2,"minecraft:wooden_sword":3,"projectvibrantjourneys:bark_mushroom":12,"pointblank:m1911a1":1,"minecraft:gold_ingot":23,"minecraft:bone":12,"minecraft:gravel":4,"minecraft:sugar_cane":15,"minecraft:mangrove_roots":4,"alexsmobs:animal_dictionary":1,"minecraft:cobbled_deepslate":6,"minecraft:birch_sapling":8,"minecraft:wheat":21,"minecraft:pointed_dripstone":3,"minecraft:cherry_sapling":160,"minecraft:rotten_flesh":77,"minecraft:oak_planks":2,"minecraft:cooked_mutton":2,"minecraft:carrot":3,"projectvibrantjourneys:sea_oats":1,"psg:sulphur":19,"minecraft:chiseled_stone_bricks":3,"projectvibrantjourneys:light_brown_bark_mushroom":12,"pointblank:ammo357":79,"minecraft:gunpowder":43,"minecraft:mossy_stone_brick_wall":4,"minecraft:stone_brick_wall":3,"minecraft:leather_boots":1,"ecologics:coconut_husk":15,"k_turrets:raw_titanium":3,"minecraft:ladder":1,"farmersdelight:rope":20,"minecraft:leather_leggings":2,"minecraft:painting":1,"minecraft:spruce_slab":17,"minecraft:iron_bars":3,"minecraft:scaffolding":7,"minecraft:stone_brick_stairs":7,"minecraft:bread":40,"minecraft:enchanted_book":1,"minecraft:iron_ingot":9,"minecraft:wheat_seeds":7,"minecraft:mossy_cobblestone":1,"marbledsarsenal:police_baton":2,"minecraft:iron_helmet":1,"minecraft:golden_axe":1,"minecraft:feather":1,"minecraft:cobblestone":53,"minecraft:andesite_wall":9,"minecraft:apple":27,"minecraft:copper_ingot":21,"minecraft:spruce_door":1,"minecraft:coal":8,"minecraft:golden_apple":1,"projectvibrantjourneys:rocks":1,"minecraft:stick":42,"minecraft:torch":4,"minecraft:cherry_planks":12,"minecraft:oak_stairs":2,"minecraft:string":14,"minecraft:pink_petals":7,"minecraft:lily_pad":2,"minecraft:bucket":1,"minecraft:acacia_planks":4,"create:raw_zinc":1,"minecraft:spruce_sapling":1,"marbledsarsenal:cm6m_gas_mask":2,"minecraft:smooth_basalt":1,"minecraft:furnace":1,"minecraft:moss_carpet":7,"ecologics:coconut_planks":9,"create:ochrum":4,"minecraft:cobblestone_wall":4,"minecraft:bowl":1,"minecraft:tuff":11,"minecraft:iron_boots":1,"minecraft:iron_hoe":1,"minecraft:stone_slab":1,"minecraft:white_terracotta":1,"minecraft:oak_sign":1,"minecraft:spruce_fence":9,"pointblank:gunmetal_nugget":8,"minecraft:filled_map":1,"minecraft:shield":3,"minecraft:spruce_planks":9,"minecraft:spruce_trapdoor":3,"minecraft:iron_chestplate":2,"minecraft:diamond_pickaxe":1,"minecraft:mossy_stone_bricks":3,"minecraft:oak_sapling":4,"minecraft:spider_eye":3,"minecraft:stone_bricks":49,"tacz:ammo":10,"minecraft:bow":1,"minecraft:stone_pickaxe":14,"minecraft:raw_gold":17},"minecraft:picked_up":{"minecraft:iron_chestplate":8,"minecraft:wheat":21,"minecraft:flower_pot":1,"minecraft:suspicious_stew":1,"minecraft:stone_slab":1,"minecraft:smithing_table":1,"minecraft:lead":6,"minecraft:oak_stairs":3,"pointblank:ammo357":201,"minecraft:enchanted_book":11,"minecraft:stone_brick_stairs":7,"minecraft:string":32,"minecraft:raw_copper":21,"minecraft:iron_leggings":5,"minecraft:oak_sign":1,"minecraft:gold_nugget":18,"minecraft:cobbled_deepslate":38,"minecraft:bucket":1,"minecraft:spruce_planks":11,"minecraft:iron_pickaxe":13,"pointblank:workstation":15,"minecraft:mangrove_log":9,"minecraft:iron_boots":15,"minecraft:furnace":8,"pointblank:gunmetal_ingot":6,"minecraft:stick":245,"marbledsarsenal:police_baton":3,"minecraft:torch":691,"minecraft:acacia_log":7,"minecraft:porkchop":16,"psg:sulphur":38,"minecraft:golden_axe":1,"minecraft:cherry_log":690,"minecraft:pointed_dripstone":3,"pointblank:ammo45acp":66,"pointblank:m1911a1":3,"minecraft:orange_bed":4,"minecraft:andesite_wall":12,"minecraft:rotten_flesh":135,"create:ochrum":5,"ecologics:coconut_log":90,"farmersdelight:rope":114,"projectvibrantjourneys:cattail":1,"minecraft:bookshelf":2,"minecraft:mangrove_roots":4,"minecraft:white_terracotta":1,"minecraft:iron_bars":4,"minecraft:cobblestone":476,"minecraft:birch_log":17,"minecraft:pink_petals":7,"minecraft:leather_chestplate":2,"minecraft:feather":1,"minecraft:cherry_planks":259,"projectvibrantjourneys:fallen_leaves":2,"ecologics:coconut_planks":96,"minecraft:golden_leggings":2,"minecraft:potato":14,"minecraft:tuff":11,"create:raw_zinc":7,"max_armory:diamond_katana":9,"projectvibrantjourneys:rocks":2,"minecraft:lapis_lazuli":318,"minecraft:dirt":10,"minecraft:lantern":1,"minecraft:leather_boots":1,"minecraft:hanging_roots":1,"minecraft:bone":16,"minecraft:acacia_planks":24,"minecraft:bow":1,"minecraft:wheat_seeds":13,"minecraft:raw_gold":52,"minecraft:bell":1,"minecraft:mossy_stone_bricks":9,"tacz:gun_smith_table":1,"minecraft:oak_planks":13,"minecraft:mossy_stone_brick_stairs":6,"ecologics:coconut_husk":5,"minecraft:dark_oak_log":2,"alexsmobs:animal_dictionary":1,"minecraft:mossy_cobblestone":1,"minecraft:iron_hoe":11,"minecraft:diamond":9,"minecraft:crossbow":6,"minecraft:golden_apple":1,"minecraft:emerald":60,"minecraft:bread":388,"alexsmobs:maggot":2,"minecraft:oak_sapling":4,"minecraft:diamond_pickaxe":2,"minecraft:crafting_table":8,"minecraft:chicken":2,"minecraft:ladder":1,"minecraft:leather_leggings":6,"minecraft:brown_mushroom":1,"minecraft:stone_brick_wall":3,"minecraft:gold_block":2,"minecraft:shield":11,"minecraft:red_bed":13,"minecraft:moss_carpet":7,"minecraft:iron_axe":11,"minecraft:wooden_sword":3,"tacz:ammo":56,"minecraft:cracked_stone_bricks":11,"pointblank:rhino":5,"minecraft:beef":8,"minecraft:oak_boat":3,"minecraft:spruce_slab":18,"minecraft:lectern":2,"minecraft:sugar_cane":15,"minecraft:birch_sapling":15,"minecraft:spruce_trapdoor":4,"minecraft:phantom_membrane":2,"minecraft:egg":1,"minecraft:raw_iron":218,"minecraft:oak_door":1,"ecologics:coconut_slice":15,"minecraft:copper_ingot":65,"projectvibrantjourneys:bark_mushroom":16,"minecraft:spruce_fence":9,"pointblank:gunmetal_nugget":580,"minecraft:cookie":16,"minecraft:carrot":13,"minecraft:redstone":236,"minecraft:arrow":53,"k_turrets:raw_titanium":3,"minecraft:hay_block":61,"minecraft:gold_ingot":127,"minecraft:mutton":15,"minecraft:white_wool":6,"minecraft:golden_carrot":2,"minecraft:leather":6,"minecraft:red_mushroom":3,"minecraft:acacia_wood":3,"minecraft:filled_map":3,"minecraft:birch_planks":24,"minecraft:oak_log":9,"minecraft:lily_pad":2,"minecraft:cobblestone_wall":5,"minecraft:yellow_bed":2,"minecraft:gunpowder":60,"minecraft:cobblestone_stairs":2,"projectvibrantjourneys:sea_oats":2,"marbledsarsenal:cm6m_gas_mask":3,"minecraft:cooked_mutton":2,"minecraft:apple":89,"minecraft:stone_bricks":80,"minecraft:iron_ingot":47,"minecraft:stone_pickaxe":5,"minecraft:mossy_stone_brick_wall":5,"minecraft:iron_sword":2,"minecraft:book":28,"projectvibrantjourneys:light_brown_bark_mushroom":17,"minecraft:scaffolding":15,"minecraft:smooth_basalt":1,"minecraft:birch_boat":1,"minecraft:chiseled_stone_bricks":3,"minecraft:gravel":48,"minecraft:lava_bucket":9,"minecraft:spruce_sapling":1,"minecraft:white_bed":4,"minecraft:spruce_door":3,"minecraft:spider_eye":4,"minecraft:leather_helmet":4,"minecraft:slime_ball":1,"tacz:modern_kinetic_gun":2,"minecraft:iron_helmet":5,"minecraft:painting":1,"minecraft:cherry_sapling":222,"minecraft:baked_potato":1,"projectvibrantjourneys:orange_bark_mushroom":17,"minecraft:brown_banner":1,"minecraft:coal":762,"minecraft:ender_pearl":4},"minecraft:custom":{"minecraft:interact_with_crafting_table":62,"minecraft:open_barrel":5,"minecraft:bell_ring":28,"minecraft:eat_cake_slice":5,"minecraft:leave_game":5,"minecraft:time_since_death":21095,"minecraft:sprint_one_cm":1284837,"minecraft:damage_blocked_by_shield":1865,"minecraft:drop":292,"minecraft:talked_to_villager":179,"minecraft:play_time":445037,"minecraft:deaths":26,"minecraft:jump":8918,"minecraft:walk_on_water_one_cm":47160,"minecraft:interact_with_furnace":109,"minecraft:traded_with_villager":195,"minecraft:sleep_in_bed":29,"minecraft:damage_dealt":28427,"minecraft:player_kills":2,"minecraft:crouch_one_cm":89315,"minecraft:inspect_dispenser":2,"minecraft:inspect_dropper":2,"minecraft:interact_with_anvil":2,"minecraft:mob_kills":172,"minecraft:damage_dealt_resisted":1546,"minecraft:climb_one_cm":81964,"minecraft:walk_one_cm":922029,"minecraft:damage_dealt_absorbed":134,"minecraft:sneak_time":36167,"minecraft:walk_under_water_one_cm":45278,"minecraft:boat_one_cm":850524,"minecraft:interact_with_blast_furnace":2,"minecraft:total_world_time":445037,"minecraft:time_since_rest":6602,"minecraft:damage_taken":13502,"minecraft:damage_absorbed":90,"minecraft:swim_one_cm":98210,"minecraft:fly_one_cm":1708545,"minecraft:open_chest":239,"minecraft:fall_one_cm":249485},"minecraft:killed_by":{"mutantmonsters:mutant_zombie":2,"minecraft:pillager":5,"minecraft:drowned":1,"hordes:drowned_player":1,"alexsmobs:crocodile":1,"minecraft:zombie":3,"minecraft:player":6,"hordes:zombie_player":4,"alexsmobs:gelada_monkey":1,"alexsmobs:tiger":1}},"DataVersion":3465}