{"stats":{"minecraft:killed":{"hordes:zombie_player":9,"minecraft:zombie_horse":2,"minecraft:chicken":1,"ecologics:coconut_crab":2,"minecraft:drowned":8,"minecraft:pig":2,"minecraft:zombie_villager":1,"hordes:drowned_player":11,"minecraft:trader_llama":1,"minecraft:zombie":53,"alexsmobs:gazelle":1},"minecraft:custom":{"minecraft:mob_kills":95,"minecraft:interact_with_crafting_table":33,"minecraft:open_barrel":3,"minecraft:damage_dealt_resisted":239,"minecraft:leave_game":2,"minecraft:time_since_death":2942,"minecraft:climb_one_cm":5191,"minecraft:sprint_one_cm":394918,"minecraft:walk_one_cm":304598,"minecraft:damage_blocked_by_shield":294,"minecraft:drop":92,"minecraft:damage_dealt_absorbed":54,"minecraft:talked_to_villager":7,"minecraft:play_time":173072,"minecraft:deaths":11,"minecraft:sneak_time":12480,"minecraft:walk_under_water_one_cm":42446,"minecraft:boat_one_cm":663448,"minecraft:jump":3129,"minecraft:walk_on_water_one_cm":42543,"minecraft:total_world_time":173072,"minecraft:interact_with_furnace":21,"minecraft:sleep_in_bed":8,"minecraft:time_since_rest":0,"minecraft:damage_taken":4974,"minecraft:damage_dealt":17898,"minecraft:swim_one_cm":57705,"minecraft:fly_one_cm":653606,"minecraft:open_chest":37,"minecraft:crouch_one_cm":33274,"minecraft:fall_one_cm":77309},"minecraft:used":{"minecraft:netherite_sword":16,"minecraft:shield":3,"minecraft:chest":2,"minecraft:iron_sword":192,"ecologics:coconut_planks":24,"minecraft:rotten_flesh":13,"minecraft:iron_chestplate":2,"minecraft:oak_door":1,"minecraft:orange_bed":3,"minecraft:torch":95,"minecraft:iron_hoe":29,"minecraft:wooden_axe":43,"minecraft:iron_axe":23,"minecraft:iron_boots":2,"marbledsarsenal:police_baton":34,"minecraft:golden_carrot":4,"minecraft:furnace":1,"marbledsarsenal:cm6m_gas_mask":1,"minecraft:cooked_beef":4,"minecraft:cobbled_deepslate":5,"minecraft:acacia_planks":25,"minecraft:iron_leggings":1,"minecraft:golden_axe":32,"projectvibrantjourneys:rocks":1,"minecraft:acacia_boat":1,"minecraft:leather_leggings":1,"minecraft:birch_planks":10,"minecraft:stone_pickaxe":83,"minecraft:oak_planks":7,"minecraft:birch_boat":1,"minecraft:glow_berries":26,"minecraft:crafting_table":13,"minecraft:red_bed":6,"minecraft:flower_pot":1,"minecraft:chicken":2,"minecraft:bread":48,"minecraft:suspicious_stew":1,"minecraft:iron_pickaxe":157,"minecraft:leather_helmet":5,"ecologics:coconut_slice":13,"minecraft:wooden_sword":112,"minecraft:cobblestone":29,"max_armory:diamond_katana":35,"minecraft:oak_boat":2,"minecraft:golden_pickaxe":1},"minecraft:crafted":{"minecraft:golden_carrot":6,"minecraft:wooden_sword":3,"minecraft:oak_planks":8,"ecologics:coconut_planks":240,"minecraft:iron_axe":1,"minecraft:iron_hoe":1,"minecraft:chest":2,"minecraft:dark_oak_planks":4,"minecraft:wheat":207,"minecraft:cooked_beef":4,"minecraft:golden_axe":1,"max_armory:handle":1,"minecraft:crafting_table":9,"pointblank:gunmetal_ingot":2,"minecraft:gold_block":1,"minecraft:mangrove_planks":36,"minecraft:birch_planks":28,"minecraft:bread":69,"minecraft:acacia_boat":1,"minecraft:air":0,"minecraft:oak_boat":1,"max_armory:diamond_katana":1,"minecraft:iron_chestplate":2,"minecraft:gold_nugget":117,"minecraft:shield":2,"minecraft:stick":88,"minecraft:iron_pickaxe":1,"minecraft:iron_ingot":22,"minecraft:wooden_axe":1,"minecraft:gold_ingot":25,"minecraft:acacia_planks":40,"minecraft:torch":240},"minecraft:broken":{"minecraft:leather_helmet":1,"minecraft:leather_leggings":1,"minecraft:golden_axe":1,"minecraft:iron_pickaxe":1,"minecraft:wooden_axe":1},"minecraft:picked_up":{"minecraft:crafting_table":5,"minecraft:iron_chestplate":4,"minecraft:wheat":21,"minecraft:chicken":2,"minecraft:ladder":1,"minecraft:flower_pot":1,"minecraft:suspicious_stew":1,"minecraft:leather_leggings":4,"minecraft:brown_mushroom":1,"minecraft:lead":6,"minecraft:oak_stairs":2,"minecraft:gold_block":2,"minecraft:enchanted_book":4,"minecraft:stone_brick_stairs":1,"minecraft:shield":2,"minecraft:moss_carpet":7,"minecraft:raw_copper":21,"minecraft:iron_axe":2,"minecraft:iron_leggings":1,"minecraft:string":22,"minecraft:red_bed":8,"minecraft:wooden_sword":2,"minecraft:gold_nugget":6,"minecraft:cobbled_deepslate":32,"minecraft:beef":4,"minecraft:oak_boat":3,"minecraft:iron_pickaxe":5,"minecraft:lectern":1,"minecraft:sugar_cane":15,"minecraft:birch_sapling":1,"minecraft:phantom_membrane":1,"pointblank:workstation":4,"minecraft:mangrove_log":9,"minecraft:iron_boots":5,"minecraft:furnace":5,"pointblank:gunmetal_ingot":2,"minecraft:stick":31,"minecraft:raw_iron":135,"marbledsarsenal:police_baton":3,"minecraft:oak_door":1,"ecologics:coconut_slice":15,"minecraft:copper_ingot":39,"minecraft:torch":332,"minecraft:acacia_log":7,"minecraft:porkchop":8,"pointblank:gunmetal_nugget":238,"minecraft:golden_axe":1,"minecraft:pointed_dripstone":3,"minecraft:carrot":12,"minecraft:redstone":184,"pointblank:ammo45acp":66,"pointblank:m1911a1":3,"minecraft:orange_bed":4,"minecraft:rotten_flesh":85,"k_turrets:raw_titanium":3,"minecraft:hay_block":39,"ecologics:coconut_log":60,"minecraft:gold_ingot":40,"minecraft:bookshelf":2,"projectvibrantjourneys:cattail":1,"farmersdelight:rope":36,"minecraft:mangrove_roots":4,"minecraft:white_terracotta":1,"minecraft:mutton":1,"minecraft:cobblestone":54,"minecraft:birch_log":12,"minecraft:feather":1,"minecraft:golden_carrot":2,"ecologics:coconut_planks":87,"projectvibrantjourneys:fallen_leaves":1,"minecraft:leather":5,"max_armory:diamond_katana":1,"minecraft:red_mushroom":1,"minecraft:acacia_wood":3,"minecraft:birch_planks":24,"minecraft:filled_map":3,"minecraft:tuff":4,"create:raw_zinc":3,"minecraft:oak_log":8,"minecraft:lily_pad":2,"minecraft:gunpowder":30,"projectvibrantjourneys:rocks":2,"minecraft:lapis_lazuli":212,"projectvibrantjourneys:sea_oats":2,"marbledsarsenal:cm6m_gas_mask":3,"minecraft:leather_boots":1,"minecraft:bone":13,"minecraft:acacia_planks":24,"minecraft:wheat_seeds":3,"minecraft:raw_gold":42,"minecraft:iron_ingot":27,"minecraft:stone_pickaxe":2,"minecraft:iron_sword":2,"minecraft:oak_planks":7,"minecraft:book":28,"projectvibrantjourneys:light_brown_bark_mushroom":4,"minecraft:birch_boat":1,"minecraft:chiseled_stone_bricks":1,"minecraft:lava_bucket":1,"ecologics:coconut_husk":5,"minecraft:dark_oak_log":1,"minecraft:spider_eye":3,"alexsmobs:animal_dictionary":1,"minecraft:leather_helmet":4,"minecraft:iron_hoe":3,"minecraft:diamond":6,"minecraft:crossbow":1,"minecraft:painting":1,"minecraft:bread":66,"minecraft:emerald":28,"projectvibrantjourneys:orange_bark_mushroom":2,"minecraft:oak_sapling":2,"minecraft:brown_banner":1,"minecraft:coal":478,"minecraft:diamond_pickaxe":1,"minecraft:ender_pearl":3},"minecraft:mined":{"create:deepslate_zinc_ore":1,"minecraft:tuff":4,"minecraft:deepslate_diamond_ore":2,"minecraft:dark_oak_log":1,"minecraft:mangrove_roots":2,"minecraft:ladder":1,"projectvibrantjourneys:rocks":1,"minecraft:glow_lichen":1,"minecraft:acacia_log":7,"minecraft:grass_block":1,"ecologics:coconut_log":61,"minecraft:spruce_leaves":3,"minecraft:chiseled_stone_bricks":1,"minecraft:large_fern":2,"minecraft:hay_block":23,"minecraft:furnace":2,"minecraft:carrots":2,"minecraft:iron_ore":46,"minecraft:acacia_wood":3,"minecraft:deepslate_lapis_ore":8,"minecraft:gold_block":1,"minecraft:pointed_dripstone":1,"minecraft:cave_vines":4,"minecraft:vine":3,"minecraft:oak_stairs":1,"projectvibrantjourneys:seashells":1,"minecraft:stone":24,"minecraft:orange_bed":4,"minecraft:deepslate_redstone_ore":9,"minecraft:glass_pane":1,"minecraft:potted_brown_mushroom":1,"projectvibrantjourneys:sea_oats":1,"minecraft:red_bed":5,"minecraft:infested_stone_bricks":1,"minecraft:crafting_table":4,"minecraft:torch":2,"minecraft:tall_grass":1,"minecraft:cobblestone":9,"minecraft:oak_planks":5,"minecraft:wall_torch":1,"minecraft:white_terracotta":1,"projectvibrantjourneys:light_brown_bark_mushroom":1,"minecraft:birch_log":7,"minecraft:wheat":2,"minecraft:birch_leaves":14,"minecraft:stone_brick_stairs":1,"projectvibrantjourneys:sandy_sprouts":1,"k_turrets:titanium_ore":3,"minecraft:oak_log":4,"minecraft:coal_ore":114,"projectvibrantjourneys:short_grass":5,"minecraft:dirt":3,"pointblank:workstation":1,"minecraft:cobweb":3,"minecraft:mangrove_log":10,"minecraft:oak_leaves":32,"minecraft:deepslate":5,"minecraft:fern":2},"minecraft:killed_by":{"mutantmonsters:mutant_zombie":2,"hordes:zombie_player":3,"minecraft:drowned":1,"hordes:drowned_player":1,"alexsmobs:crocodile":1,"minecraft:zombie":3},"minecraft:dropped":{"minecraft:iron_ingot":7,"minecraft:bread":1,"minecraft:iron_sword":1,"minecraft:brown_mushroom":1,"minecraft:wheat_seeds":3,"minecraft:golden_pickaxe":1,"marbledsarsenal:police_baton":2,"minecraft:golden_axe":1,"minecraft:feather":1,"minecraft:cobblestone":1,"minecraft:leather":1,"minecraft:copper_ingot":12,"minecraft:brown_banner":1,"projectvibrantjourneys:orange_bark_mushroom":1,"minecraft:red_mushroom":1,"minecraft:leather_helmet":1,"projectvibrantjourneys:rocks":1,"minecraft:stick":9,"minecraft:torch":4,"minecraft:mutton":1,"projectvibrantjourneys:fallen_leaves":1,"minecraft:oak_stairs":2,"minecraft:wooden_sword":1,"pointblank:m1911a1":1,"minecraft:string":1,"minecraft:lily_pad":2,"minecraft:acacia_planks":4,"create:raw_zinc":1,"marbledsarsenal:cm6m_gas_mask":2,"minecraft:gold_ingot":6,"minecraft:bone":10,"minecraft:furnace":1,"minecraft:moss_carpet":7,"minecraft:sugar_cane":15,"minecraft:mangrove_roots":4,"alexsmobs:animal_dictionary":1,"minecraft:bowl":1,"minecraft:birch_sapling":1,"minecraft:tuff":4,"minecraft:wheat":21,"minecraft:pointed_dripstone":3,"minecraft:rotten_flesh":52,"minecraft:oak_planks":1,"minecraft:white_terracotta":1,"projectvibrantjourneys:sea_oats":1,"minecraft:chiseled_stone_bricks":1,"minecraft:filled_map":1,"projectvibrantjourneys:light_brown_bark_mushroom":4,"minecraft:shield":2,"minecraft:iron_chestplate":1,"minecraft:ladder":1,"minecraft:leather_boots":1,"ecologics:coconut_husk":15,"minecraft:oak_sapling":2,"k_turrets:raw_titanium":3,"minecraft:leather_leggings":1,"minecraft:spider_eye":3,"minecraft:stone_pickaxe":1,"minecraft:raw_gold":17,"minecraft:stone_brick_stairs":1}},"DataVersion":3465}