{"stats":{"minecraft:killed":{"hordes:zombie_player":1,"hordes:drowned_player":2,"minecraft:zombie":16,"alexsmobs:gazelle":1,"minecraft:drowned":6},"minecraft:used":{"minecraft:leather_leggings":1,"minecraft:stone_pickaxe":83,"minecraft:oak_planks":2,"minecraft:birch_boat":1,"minecraft:iron_sword":32,"minecraft:rotten_flesh":2,"minecraft:orange_bed":1,"minecraft:torch":38,"minecraft:glow_berries":24,"minecraft:crafting_table":2,"minecraft:flower_pot":1,"minecraft:bread":7,"minecraft:iron_pickaxe":131,"minecraft:leather_helmet":3,"minecraft:iron_boots":1,"marbledsarsenal:police_baton":27,"minecraft:wooden_sword":42,"minecraft:cobblestone":20,"marbledsarsenal:cm6m_gas_mask":1,"minecraft:oak_boat":1,"minecraft:golden_pickaxe":1,"minecraft:golden_axe":8},"minecraft:custom":{"minecraft:interact_with_furnace":16,"minecraft:mob_kills":26,"minecraft:interact_with_crafting_table":6,"minecraft:open_barrel":3,"minecraft:damage_dealt_resisted":40,"minecraft:leave_game":1,"minecraft:time_since_death":63425,"minecraft:sleep_in_bed":1,"minecraft:climb_one_cm":2042,"minecraft:time_since_rest":9173,"minecraft:sprint_one_cm":126924,"minecraft:damage_taken":707,"minecraft:walk_one_cm":123452,"minecraft:drop":35,"minecraft:damage_dealt":3882,"minecraft:swim_one_cm":36909,"minecraft:fly_one_cm":124638,"minecraft:open_chest":2,"minecraft:play_time":71230,"minecraft:crouch_one_cm":15187,"minecraft:deaths":1,"minecraft:sneak_time":5349,"minecraft:walk_under_water_one_cm":29873,"minecraft:boat_one_cm":554188,"minecraft:jump":855,"minecraft:walk_on_water_one_cm":19342,"minecraft:total_world_time":71230,"minecraft:fall_one_cm":16565},"minecraft:crafted":{"minecraft:golden_axe":1,"minecraft:wooden_sword":1,"minecraft:oak_planks":8,"minecraft:crafting_table":2,"minecraft:mangrove_planks":36,"minecraft:birch_planks":8,"minecraft:air":0,"minecraft:oak_boat":1,"minecraft:iron_chestplate":1,"minecraft:iron_pickaxe":1,"minecraft:iron_ingot":14,"minecraft:stick":72,"minecraft:gold_ingot":9,"minecraft:torch":240},"minecraft:broken":{"minecraft:iron_pickaxe":1},"minecraft:picked_up":{"minecraft:birch_log":2,"minecraft:crafting_table":1,"minecraft:wheat":21,"projectvibrantjourneys:fallen_leaves":1,"minecraft:leather_leggings":1,"minecraft:flower_pot":1,"minecraft:suspicious_stew":1,"minecraft:brown_mushroom":1,"minecraft:filled_map":1,"minecraft:gold_block":1,"minecraft:tuff":2,"create:raw_zinc":1,"minecraft:lily_pad":1,"minecraft:oak_log":2,"minecraft:gunpowder":8,"marbledsarsenal:cm6m_gas_mask":2,"minecraft:leather_boots":1,"minecraft:bone":7,"minecraft:cobbled_deepslate":3,"minecraft:iron_ingot":4,"minecraft:beef":4,"minecraft:stone_pickaxe":2,"minecraft:oak_boat":1,"minecraft:iron_pickaxe":2,"minecraft:sugar_cane":15,"minecraft:oak_planks":1,"minecraft:birch_sapling":1,"minecraft:iron_sword":1,"minecraft:mangrove_log":9,"minecraft:iron_boots":1,"minecraft:furnace":2,"minecraft:stick":2,"minecraft:raw_iron":68,"marbledsarsenal:police_baton":2,"minecraft:birch_boat":1,"minecraft:copper_ingot":13,"minecraft:torch":2,"pointblank:gunmetal_nugget":31,"minecraft:golden_axe":1,"minecraft:pointed_dripstone":3,"minecraft:redstone":42,"alexsmobs:animal_dictionary":1,"minecraft:spider_eye":2,"minecraft:leather_helmet":1,"minecraft:orange_bed":2,"pointblank:m1911a1":1,"pointblank:ammo45acp":53,"minecraft:rotten_flesh":34,"k_turrets:raw_titanium":3,"minecraft:emerald":7,"farmersdelight:rope":9,"minecraft:bread":10,"minecraft:mangrove_roots":4,"minecraft:white_terracotta":1,"minecraft:oak_sapling":2,"minecraft:mutton":1,"minecraft:coal":166,"minecraft:cobblestone":27},"minecraft:mined":{"minecraft:deepslate_redstone_ore":9,"create:deepslate_zinc_ore":1,"minecraft:tuff":3,"minecraft:potted_brown_mushroom":1,"minecraft:mangrove_roots":2,"minecraft:crafting_table":1,"minecraft:grass_block":1,"minecraft:cobblestone":7,"minecraft:oak_planks":1,"minecraft:large_fern":1,"minecraft:white_terracotta":1,"minecraft:furnace":1,"minecraft:birch_log":2,"minecraft:iron_ore":46,"minecraft:birch_leaves":3,"minecraft:gold_block":1,"minecraft:pointed_dripstone":1,"k_turrets:titanium_ore":3,"minecraft:oak_log":4,"minecraft:coal_ore":114,"minecraft:cave_vines":4,"minecraft:mangrove_log":10,"minecraft:stone":23,"minecraft:deepslate":3,"minecraft:oak_leaves":32,"minecraft:orange_bed":2},"minecraft:killed_by":{"minecraft:drowned":1},"minecraft:dropped":{"minecraft:iron_ingot":7,"minecraft:furnace":1,"minecraft:bread":1,"minecraft:brown_mushroom":1,"minecraft:mangrove_roots":4,"alexsmobs:animal_dictionary":1,"minecraft:golden_pickaxe":1,"marbledsarsenal:police_baton":2,"minecraft:birch_sapling":1,"minecraft:golden_axe":1,"minecraft:rotten_flesh":1,"minecraft:copper_ingot":12,"minecraft:white_terracotta":1,"minecraft:stick":3,"projectvibrantjourneys:fallen_leaves":1,"minecraft:leather_boots":1,"minecraft:oak_sapling":2,"k_turrets:raw_titanium":2,"minecraft:spider_eye":2,"minecraft:wooden_sword":1,"minecraft:stone_pickaxe":1,"minecraft:raw_gold":17,"minecraft:lily_pad":1,"create:raw_zinc":1,"minecraft:gold_ingot":6,"marbledsarsenal:cm6m_gas_mask":1,"minecraft:bone":7}},"DataVersion":3465}