{"stats":{"minecraft:killed":{"hordes:zombie_player":1,"hordes:drowned_player":2,"minecraft:zombie":13,"minecraft:drowned":6},"minecraft:custom":{"minecraft:mob_kills":22,"minecraft:interact_with_crafting_table":3,"minecraft:open_barrel":3,"minecraft:leave_game":1,"minecraft:time_since_death":39425,"minecraft:climb_one_cm":615,"minecraft:time_since_rest":39447,"minecraft:sprint_one_cm":56694,"minecraft:damage_taken":539,"minecraft:walk_one_cm":65679,"minecraft:drop":17,"minecraft:damage_dealt":3157,"minecraft:swim_one_cm":36909,"minecraft:fly_one_cm":69851,"minecraft:open_chest":2,"minecraft:play_time":47230,"minecraft:crouch_one_cm":6647,"minecraft:deaths":1,"minecraft:sneak_time":2741,"minecraft:walk_under_water_one_cm":29873,"minecraft:boat_one_cm":554188,"minecraft:jump":430,"minecraft:walk_on_water_one_cm":19153,"minecraft:total_world_time":47230,"minecraft:fall_one_cm":7851},"minecraft:used":{"minecraft:leather_leggings":1,"minecraft:oak_planks":2,"minecraft:birch_boat":1,"minecraft:iron_sword":18,"minecraft:rotten_flesh":2,"minecraft:glow_berries":10,"minecraft:crafting_table":2,"minecraft:flower_pot":1,"minecraft:bread":5,"minecraft:iron_pickaxe":41,"minecraft:leather_helmet":3,"minecraft:iron_boots":1,"marbledsarsenal:police_baton":27,"minecraft:wooden_sword":42,"minecraft:cobblestone":3,"marbledsarsenal:cm6m_gas_mask":1,"minecraft:oak_boat":1,"minecraft:golden_pickaxe":1,"minecraft:golden_axe":8},"minecraft:crafted":{"minecraft:golden_axe":1,"minecraft:wooden_sword":1,"minecraft:oak_planks":8,"minecraft:crafting_table":2,"minecraft:mangrove_planks":36,"minecraft:birch_planks":8,"minecraft:oak_boat":1,"minecraft:stick":4,"minecraft:gold_ingot":9},"minecraft:picked_up":{"minecraft:birch_log":2,"minecraft:wheat":21,"minecraft:leather_leggings":1,"minecraft:flower_pot":1,"minecraft:suspicious_stew":1,"minecraft:brown_mushroom":1,"minecraft:filled_map":1,"minecraft:gold_block":1,"minecraft:lily_pad":1,"minecraft:oak_log":2,"minecraft:gunpowder":8,"marbledsarsenal:cm6m_gas_mask":1,"minecraft:leather_boots":1,"minecraft:bone":7,"minecraft:stone_pickaxe":2,"minecraft:oak_boat":1,"minecraft:iron_pickaxe":2,"minecraft:oak_planks":1,"minecraft:birch_sapling":1,"minecraft:iron_sword":1,"minecraft:mangrove_log":9,"minecraft:iron_boots":1,"minecraft:stick":2,"minecraft:raw_iron":10,"marbledsarsenal:police_baton":2,"minecraft:birch_boat":1,"minecraft:copper_ingot":1,"pointblank:gunmetal_nugget":25,"alexsmobs:animal_dictionary":1,"minecraft:spider_eye":2,"minecraft:leather_helmet":1,"pointblank:m1911a1":1,"pointblank:ammo45acp":53,"minecraft:rotten_flesh":33,"k_turrets:raw_titanium":2,"farmersdelight:rope":9,"minecraft:bread":10,"minecraft:mangrove_roots":4,"minecraft:oak_sapling":2,"minecraft:coal":22,"minecraft:cobblestone":6},"minecraft:mined":{"minecraft:potted_brown_mushroom":1,"minecraft:mangrove_roots":2,"minecraft:grass_block":1,"minecraft:oak_planks":1,"minecraft:large_fern":1,"minecraft:birch_log":2,"minecraft:iron_ore":10,"minecraft:birch_leaves":3,"minecraft:gold_block":1,"k_turrets:titanium_ore":2,"minecraft:oak_log":4,"minecraft:coal_ore":22,"minecraft:mangrove_log":10,"minecraft:stone":6,"minecraft:oak_leaves":32},"minecraft:killed_by":{"minecraft:drowned":1},"minecraft:dropped":{"minecraft:bread":1,"minecraft:brown_mushroom":1,"minecraft:mangrove_roots":4,"alexsmobs:animal_dictionary":1,"minecraft:golden_pickaxe":1,"marbledsarsenal:police_baton":1,"minecraft:birch_sapling":1,"minecraft:rotten_flesh":1,"minecraft:leather_boots":1,"k_turrets:raw_titanium":2,"minecraft:wooden_sword":1,"minecraft:lily_pad":1,"minecraft:bone":7}},"DataVersion":3465}