{"stats":{"minecraft:killed":{"minecraft:pillager":2,"aquamirae:maw":2,"minecraft:vindicator":1,"minecraft:spider":1},"minecraft:used":{"minecraft:water_bucket":9,"simplyswords:diamond_glaive":19,"minecraft:iron_axe":13,"minecraft:bread":4,"minecraft:spruce_planks":2,"minecraft:iron_helmet":1,"simplyswords:soulkeeper":6,"minecraft:iron_boots":1,"minecraft:iron_chestplate":1,"minecraft:crafting_table":1,"minecraft:white_bed":3,"minecraft:bucket":9,"minecraft:crossbow":1,"minecraft:iron_leggings":2},"minecraft:dropped":{"minecraft:enchanted_book":1,"alexsmobs:animal_dictionary":2,"minecraft:spruce_planks":2,"aquamirae:dagger_of_greed":1,"minecraft:crossbow":1,"minecraft:leather_leggings":5,"minecraft:string":2},"minecraft:custom":{"minecraft:time_since_rest":5453,"minecraft:sprint_one_cm":108652,"minecraft:damage_taken":1363,"minecraft:walk_one_cm":194024,"minecraft:mob_kills":6,"minecraft:drop":14,"minecraft:damage_dealt":1615,"minecraft:interact_with_crafting_table":2,"minecraft:swim_one_cm":636,"minecraft:fly_one_cm":62085,"minecraft:player_kills":1,"minecraft:open_chest":21,"minecraft:open_barrel":49,"minecraft:crouch_one_cm":836,"minecraft:play_time":31796,"minecraft:deaths":4,"minecraft:sneak_time":162,"minecraft:walk_under_water_one_cm":6365,"minecraft:interact_with_lectern":1,"minecraft:jump":229,"minecraft:leave_game":16,"minecraft:time_since_death":5428,"minecraft:walk_on_water_one_cm":3486,"minecraft:sleep_in_bed":1,"minecraft:total_world_time":31796,"minecraft:damage_resisted":193,"minecraft:fall_one_cm":4571},"minecraft:killed_by":{"minecraft:vindicator":1,"minecraft:player":1,"aquamirae:captain_cornelia":1,"aquamirae:anglerfish":1},"minecraft:picked_up":{"sophisticatedbackpacks:gold_backpack":2,"minecraft:crafting_table":1,"minecraft:iron_chestplate":1,"minecraft:leather_leggings":4,"spartanshields:iron_basic_shield":1,"simplyswords:iron_claymore":1,"minecraft:enchanted_book":1,"minecraft:white_bed":2,"simplyswords:diamond_glaive":1,"minecraft:string":2,"alexsmobs:animal_dictionary":1,"aquamirae:fin":1,"minecraft:iron_axe":1,"minecraft:iron_leggings":2,"minecraft:spruce_planks":4,"minecraft:iron_helmet":1,"minecraft:crossbow":1,"mowziesmobs:ice_crystal":2,"sophisticatedbackpacks:copper_backpack":2,"minecraft:emerald":8,"minecraft:bread":15,"minecraft:iron_boots":1},"minecraft:mined":{"minecraft:spruce_planks":3,"minecraft:white_bed":2,"minecraft:crafting_table":1},"minecraft:crafted":{"minecraft:iron_boots":1,"minecraft:iron_chestplate":1,"minecraft:crafting_table":1}},"DataVersion":3465}