{"stats":{"minecraft:killed":{"aquamirae:maw":2,"minecraft:spider":1},"minecraft:used":{"minecraft:water_bucket":9,"simplyswords:diamond_glaive":19,"minecraft:iron_axe":13,"minecraft:bread":4,"minecraft:spruce_planks":1,"minecraft:iron_helmet":1,"minecraft:iron_boots":1,"minecraft:iron_chestplate":1,"minecraft:white_bed":3,"minecraft:bucket":9,"minecraft:crossbow":1,"minecraft:iron_leggings":1},"minecraft:dropped":{"minecraft:enchanted_book":1,"alexsmobs:animal_dictionary":2,"minecraft:spruce_planks":2,"minecraft:crossbow":1,"minecraft:string":2},"minecraft:custom":{"minecraft:time_since_rest":4840,"minecraft:sprint_one_cm":55514,"minecraft:damage_taken":990,"minecraft:walk_one_cm":105290,"minecraft:mob_kills":3,"minecraft:drop":8,"minecraft:damage_dealt":1175,"minecraft:interact_with_crafting_table":1,"minecraft:swim_one_cm":636,"minecraft:fly_one_cm":59806,"minecraft:player_kills":1,"minecraft:open_chest":8,"minecraft:open_barrel":14,"minecraft:crouch_one_cm":834,"minecraft:play_time":21001,"minecraft:deaths":3,"minecraft:sneak_time":153,"minecraft:walk_under_water_one_cm":6365,"minecraft:jump":210,"minecraft:leave_game":16,"minecraft:time_since_death":0,"minecraft:walk_on_water_one_cm":2570,"minecraft:sleep_in_bed":1,"minecraft:total_world_time":21001,"minecraft:fall_one_cm":4025},"minecraft:killed_by":{"minecraft:player":1,"aquamirae:captain_cornelia":1,"aquamirae:anglerfish":1},"minecraft:picked_up":{"sophisticatedbackpacks:gold_backpack":1,"minecraft:iron_chestplate":1,"minecraft:enchanted_book":1,"minecraft:white_bed":2,"minecraft:string":2,"alexsmobs:animal_dictionary":1,"aquamirae:fin":1,"minecraft:iron_axe":1,"minecraft:iron_leggings":1,"minecraft:spruce_planks":3,"minecraft:iron_helmet":1,"minecraft:crossbow":1,"mowziesmobs:ice_crystal":1,"sophisticatedbackpacks:copper_backpack":1,"minecraft:emerald":3,"minecraft:bread":15,"minecraft:iron_boots":1},"minecraft:mined":{"minecraft:spruce_planks":3,"minecraft:white_bed":2}},"DataVersion":3465}