{"stats":{"minecraft:killed":{"aquamirae:maw":2,"minecraft:spider":1,"minecraft:vindicator":1,"minecraft:skeleton":2,"minecraft:pillager":2},"minecraft:used":{"minecraft:water_bucket":10,"simplyswords:diamond_glaive":26,"minecraft:oak_planks":4,"minecraft:spruce_planks":2,"minecraft:iron_chestplate":1,"minecraft:crafting_table":3,"minecraft:crossbow":1,"minecraft:white_bed":5,"minecraft:iron_axe":16,"minecraft:bread":15,"minecraft:iron_pickaxe":4,"minecraft:iron_helmet":1,"simplyswords:soulkeeper":6,"minecraft:iron_boots":1,"aquamirae:spinefish":1,"spartanshields:iron_basic_shield":18,"minecraft:bucket":11,"minecraft:iron_leggings":2},"minecraft:custom":{"minecraft:mob_kills":8,"minecraft:interact_with_crafting_table":8,"minecraft:open_barrel":63,"minecraft:leave_game":16,"minecraft:time_since_death":8913,"minecraft:sleep_in_bed":2,"minecraft:climb_one_cm":1792,"minecraft:damage_resisted":193,"minecraft:time_since_rest":4542,"minecraft:sprint_one_cm":228496,"minecraft:damage_taken":2390,"minecraft:walk_one_cm":322317,"minecraft:damage_blocked_by_shield":1140,"minecraft:drop":44,"minecraft:damage_dealt":1980,"minecraft:swim_one_cm":636,"minecraft:player_kills":1,"minecraft:fly_one_cm":261523,"minecraft:open_chest":45,"minecraft:crouch_one_cm":1530,"minecraft:play_time":55796,"minecraft:deaths":6,"minecraft:sneak_time":464,"minecraft:walk_under_water_one_cm":12703,"minecraft:interact_with_lectern":1,"minecraft:jump":667,"minecraft:interact_with_blast_furnace":2,"minecraft:walk_on_water_one_cm":8165,"minecraft:total_world_time":55796,"minecraft:fall_one_cm":11946},"minecraft:dropped":{"minecraft:enchanted_book":2,"minecraft:iron_nugget":5,"alexsmobs:animal_dictionary":2,"aquamirae:dagger_of_greed":1,"minecraft:crossbow":2,"alexsmobs:blobfish":2,"minecraft:oak_planks":1,"minecraft:apple":2,"minecraft:spruce_fence":2,"minecraft:potato":6,"minecraft:spruce_planks":2,"aquamirae:painting_anglerfish":1,"aquamirae:spinefish":10,"minecraft:leather_leggings":5,"minecraft:iron_axe":2,"aquamirae:sharp_bones":1,"minecraft:string":2,"minecraft:bone":4,"minecraft:gold_ingot":1},"minecraft:killed_by":{"minecraft:vindicator":2,"minecraft:player":1,"aquamirae:captain_cornelia":1,"aquamirae:anglerfish":1},"minecraft:picked_up":{"sophisticatedbackpacks:gold_backpack":2,"minecraft:iron_chestplate":1,"minecraft:crafting_table":3,"spartanshields:iron_basic_shield":1,"minecraft:leather_leggings":4,"aquamirae:spinefish":11,"minecraft:potato":3,"minecraft:enchanted_book":1,"simplyswords:iron_claymore":1,"simplyswords:diamond_glaive":1,"minecraft:string":2,"minecraft:red_bed":1,"aquamirae:fin":1,"minecraft:iron_axe":3,"minecraft:iron_leggings":2,"minecraft:bone":4,"minecraft:spruce_planks":4,"alexsmobs:blobfish":2,"minecraft:coal_block":2,"minecraft:oak_planks":5,"minecraft:iron_boots":1,"minecraft:raw_iron_block":2,"minecraft:spruce_fence":2,"minecraft:amethyst_shard":1,"minecraft:white_bed":4,"alexsmobs:animal_dictionary":1,"minecraft:iron_helmet":1,"mowziesmobs:ice_crystal":2,"minecraft:crossbow":1,"minecraft:bread":15,"minecraft:emerald":8,"sophisticatedbackpacks:copper_backpack":2},"minecraft:mined":{"minecraft:spruce_planks":3,"minecraft:white_bed":4,"minecraft:red_bed":1,"minecraft:crafting_table":3,"minecraft:spruce_fence":2,"minecraft:coal_block":2,"minecraft:oak_planks":5,"minecraft:raw_iron_block":2},"minecraft:crafted":{"minecraft:crafting_table":1,"minecraft:iron_helmet":1,"minecraft:bucket":1,"minecraft:iron_chestplate":1,"minecraft:iron_boots":1,"minecraft:iron_axe":1,"minecraft:stick":4,"minecraft:iron_pickaxe":1,"minecraft:iron_ingot":6}},"DataVersion":3465}