{"stats":{"minecraft:killed":{"minecraft:cave_spider":6,"aquamirae:maw":2,"minecraft:vindicator":7,"minecraft:spider":1,"minecraft:iron_golem":1,"minecraft:skeleton":2,"minecraft:pillager":11,"minecraft:zombie":3},"minecraft:used":{"minecraft:water_bucket":16,"epicfight:skillbook":3,"simplyswords:diamond_glaive":179,"minecraft:oak_planks":4,"minecraft:chest":1,"minecraft:spruce_planks":93,"minecraft:torch":1,"minecraft:iron_chestplate":1,"minecraft:crafting_table":7,"minecraft:red_bed":2,"minecraft:crossbow":1,"minecraft:white_bed":7,"minecraft:purple_terracotta":21,"minecraft:spruce_log":9,"minecraft:dark_oak_planks":12,"minecraft:iron_axe":75,"minecraft:spruce_wood":3,"minecraft:bread":41,"minecraft:iron_pickaxe":96,"simplyswords:soulkeeper":6,"minecraft:iron_boots":1,"minecraft:iron_helmet":1,"aquamirae:spinefish":1,"minecraft:cobblestone":1,"spartanshields:iron_basic_shield":27,"minecraft:hay_block":6,"minecraft:bucket":17,"minecraft:iron_leggings":2},"minecraft:custom":{"minecraft:mob_kills":33,"minecraft:interact_with_crafting_table":12,"minecraft:open_barrel":80,"minecraft:damage_dealt_resisted":67,"minecraft:leave_game":26,"minecraft:time_since_death":351,"minecraft:sleep_in_bed":3,"minecraft:damage_resisted":193,"minecraft:climb_one_cm":2924,"minecraft:time_since_rest":379,"minecraft:sprint_one_cm":368920,"minecraft:damage_taken":5670,"minecraft:walk_one_cm":599570,"minecraft:damage_blocked_by_shield":1605,"minecraft:drop":72,"minecraft:damage_dealt":11286,"minecraft:damage_dealt_absorbed":80,"minecraft:player_kills":1,"minecraft:swim_one_cm":17539,"minecraft:fly_one_cm":366784,"minecraft:open_chest":79,"minecraft:crouch_one_cm":7754,"minecraft:play_time":105614,"minecraft:deaths":15,"minecraft:sneak_time":2102,"minecraft:walk_under_water_one_cm":14069,"minecraft:interact_with_lectern":1,"minecraft:jump":1142,"minecraft:interact_with_blast_furnace":2,"minecraft:walk_on_water_one_cm":16903,"minecraft:total_world_time":105614,"minecraft:fall_one_cm":26858},"minecraft:dropped":{"minecraft:enchanted_book":2,"minecraft:iron_sword":3,"minecraft:iron_nugget":5,"alexsmobs:animal_dictionary":2,"minecraft:cocoa_beans":2,"aquamirae:dagger_of_greed":1,"minecraft:crossbow":2,"alexsmobs:blobfish":2,"minecraft:oak_planks":1,"minecraft:apple":2,"minecraft:spruce_fence":2,"minecraft:filled_map":1,"minecraft:potato":6,"minecraft:gunpowder":2,"minecraft:dark_oak_fence":1,"minecraft:spruce_planks":12,"aquamirae:painting_anglerfish":1,"aquamirae:spinefish":10,"minecraft:chainmail_boots":1,"minecraft:leather_leggings":5,"minecraft:spider_eye":1,"minecraft:stone_bricks":3,"minecraft:iron_axe":2,"aquamirae:sharp_bones":1,"minecraft:string":5,"minecraft:vex_armor_trim_smithing_template":1,"minecraft:gold_ingot":1,"minecraft:bone":4},"minecraft:killed_by":{"minecraft:vindicator":7,"minecraft:player":1,"aquamirae:captain_cornelia":1,"aquamirae:anglerfish":1,"minecraft:vex":3},"minecraft:picked_up":{"sophisticatedbackpacks:gold_backpack":2,"minecraft:cocoa_beans":2,"minecraft:iron_chestplate":1,"minecraft:crafting_table":6,"minecraft:black_carpet":1,"minecraft:chainmail_boots":1,"spartanshields:iron_basic_shield":1,"minecraft:leather_leggings":4,"minecraft:magenta_carpet":2,"minecraft:brown_mushroom":1,"aquamirae:spinefish":11,"minecraft:potato":3,"minecraft:enchanted_book":1,"simplyswords:iron_claymore":1,"minecraft:gunpowder":2,"simplyswords:diamond_glaive":1,"minecraft:magenta_terracotta":13,"minecraft:string":12,"minecraft:red_bed":2,"aquamirae:fin":1,"minecraft:iron_axe":3,"minecraft:purple_carpet":5,"minecraft:iron_leggings":2,"minecraft:bone":4,"minecraft:stone_bricks":7,"minecraft:wheat_seeds":1,"minecraft:spruce_planks":21,"minecraft:spruce_wood":3,"minecraft:iron_ingot":6,"alexsmobs:blobfish":2,"minecraft:coal_block":2,"minecraft:oak_planks":5,"minecraft:iron_boots":1,"minecraft:torch":3,"minecraft:raw_iron_block":2,"minecraft:spruce_fence":2,"minecraft:amethyst_shard":1,"minecraft:white_bed":6,"minecraft:spruce_log":34,"minecraft:dark_oak_log":3,"minecraft:spider_eye":1,"alexsmobs:animal_dictionary":1,"minecraft:purple_terracotta":23,"minecraft:rotten_flesh":2,"minecraft:hay_block":73,"minecraft:iron_helmet":1,"mowziesmobs:ice_crystal":2,"minecraft:crossbow":1,"minecraft:bread":15,"minecraft:emerald":16,"sophisticatedbackpacks:copper_backpack":2,"minecraft:dark_oak_fence":1,"minecraft:bricks":29,"minecraft:cobblestone":1},"minecraft:mined":{"minecraft:spruce_planks":21,"minecraft:white_bed":6,"minecraft:red_bed":2,"minecraft:dark_oak_log":4,"minecraft:crafting_table":6,"minecraft:dark_oak_fence":1,"minecraft:purple_terracotta":27,"minecraft:spruce_fence":2,"minecraft:coal_block":2,"minecraft:oak_planks":5,"minecraft:bricks":30,"minecraft:wall_torch":1,"minecraft:spawner":4,"minecraft:hay_block":72,"minecraft:raw_iron_block":2,"minecraft:magenta_terracotta":14,"minecraft:spruce_log":39,"minecraft:grass":1,"minecraft:cobweb":1,"minecraft:spruce_wood":3,"minecraft:stone_bricks":7,"minecraft:stone":1},"minecraft:crafted":{"minecraft:crafting_table":1,"minecraft:spruce_planks":92,"minecraft:iron_helmet":1,"minecraft:bucket":1,"minecraft:bread":99,"minecraft:iron_chestplate":1,"minecraft:iron_boots":1,"minecraft:iron_axe":1,"minecraft:stick":4,"minecraft:iron_ingot":6,"minecraft:iron_pickaxe":1,"minecraft:chest":1,"minecraft:gold_ingot":9,"minecraft:dark_oak_planks":12,"minecraft:wheat":297}},"DataVersion":3465}